"scenario","rho","replication_id","method","method_family","tuning","beta","tau","epsilon0","qmax","q0_constraint_active","stage","tv","fkl","rkl","mean_h_error","q0","cexp","clist","klist","keff","active_nonfallback","n_kernels","objective","kkt_residual","optimizer_status","optimizer_iterations","objective_change","min_alpha_empirical","floor_q_mass","floor_active_q_mass","delta_a","active_floored_kernels","max_active_reciprocal_uncertainty","final_mass_mode","runtime_sec"
"graph_community",0.7,1,"Pooled union","support-kernel compression","beta=0.02, qmax=0.05",0.02,0.001,0.001,0.05,FALSE,"pre-prune",0.142189397369991,0.0644530333740331,0.0562171593079682,2.72004641033163e-14,0.00101132394755859,8.9665909673312,65.6425753192836,7,4.29682796418876,7,285,0.242164138339816,0.283978931765931,"objective_converged_kkt_warning",80,0.0181178014753831,0.00187103955550865,0,0,0,0,37120218679002,"unfloored empirical",7.89
"graph_community",0.7,1,"Pooled-pruned","support-kernel compression","beta=0.02, qmax=0.05",0.02,0.001,0.001,0.05,FALSE,"post-prune",0.142158963649504,0.0644259849901241,0.0561920269200588,2.72004641033163e-14,0.00101033677275018,8.96630663927353,65.6425753192836,7,4.28486798598791,7,8,0.242143721327464,0.0278153547820763,"objective_converged_kkt_warning",1,2.29804750229157e-09,0.357751668108555,0,0,0,0,37120218679002,"unfloored empirical",7.89
"graph_community",0.7,1,"Pooled union","support-kernel compression","beta=0.02, qmax=0.10",0.02,0.001,0.001,0.1,FALSE,"pre-prune",0.141815533746798,0.0641596934863697,0.0559422997940829,2.73114864057789e-14,0.00100000027367388,8.97997272938353,65.6425753192836,7,4.40221047355464,7,285,0.242111947756388,0.110335637700245,"objective_converged_kkt_warning",80,0.0193068773441664,0.00187103955550865,0,0,0,0,37120218679002,"unfloored empirical",8.17
"graph_community",0.7,1,"Pooled-pruned","support-kernel compression","beta=0.02, qmax=0.10",0.02,0.001,0.001,0.1,FALSE,"post-prune",0.141815679924816,0.0641594487042575,0.0559419497094031,2.72004641033163e-14,0.00100000009990002,8.9799152156951,65.6425753192836,7,4.40129545167303,7,8,0.242111590865096,0.000243192375542267,"objective_converged_kkt_warning",1,3.78810594003909e-11,0.357751668108555,0,0,0,0,37120218679002,"unfloored empirical",8.17
"graph_community",0.7,1,"Pooled union","support-kernel compression","beta=0.02, qmax=0.25",0.02,0.001,0.001,0.25,FALSE,"pre-prune",0.141815533746798,0.0641596934863697,0.0559422997940829,2.73114864057789e-14,0.00100000027367388,8.97997272938353,65.6425753192836,7,4.40221047355464,7,285,0.242111947756388,0.110335637700245,"objective_converged_kkt_warning",80,0.0193068773441664,0.00187103955550865,0,0,0,0,37120218679002,"unfloored empirical",7.92
"graph_community",0.7,1,"Pooled-pruned","support-kernel compression","beta=0.02, qmax=0.25",0.02,0.001,0.001,0.25,FALSE,"post-prune",0.141815679924816,0.0641594487042575,0.0559419497094031,2.72004641033163e-14,0.00100000009990002,8.9799152156951,65.6425753192836,7,4.40129545167303,7,8,0.242111590865096,0.000243192375542267,"objective_converged_kkt_warning",1,3.78810594003909e-11,0.357751668108555,0,0,0,0,37120218679002,"unfloored empirical",7.92
"graph_community",0.7,1,"Pooled union","support-kernel compression","beta=0.02, qmax=0.50",0.02,0.001,0.001,0.5,FALSE,"pre-prune",0.141815533746798,0.0641596934863697,0.0559422997940829,2.73114864057789e-14,0.00100000027367388,8.97997272938353,65.6425753192836,7,4.40221047355464,7,285,0.242111947756388,0.110335637700245,"objective_converged_kkt_warning",80,0.0193068773441664,0.00187103955550865,0,0,0,0,37120218679002,"unfloored empirical",8.24
"graph_community",0.7,1,"Pooled-pruned","support-kernel compression","beta=0.02, qmax=0.50",0.02,0.001,0.001,0.5,FALSE,"post-prune",0.141815679924816,0.0641594487042575,0.0559419497094031,2.72004641033163e-14,0.00100000009990002,8.9799152156951,65.6425753192836,7,4.40129545167303,7,8,0.242111590865096,0.000243192375542267,"objective_converged_kkt_warning",1,3.78810594003909e-11,0.357751668108555,0,0,0,0,37120218679002,"unfloored empirical",8.24
"graph_community",0.7,2,"Pooled union","support-kernel compression","beta=0.02, qmax=0.05",0.02,0.001,0.001,0.05,FALSE,"pre-prune",0.15406724016812,0.0735947748053909,0.0646770607515604,3.10862446895044e-14,0.0349906686504889,9.33566911798499,80.535776833102,9,8.18533290232288,9,298,0.258089151541583,0.155178938125122,"objective_converged_kkt_warning",80,0.0121791794903672,0.00325293943480231,0,0,0,0,35609749027159.1,"unfloored empirical",12.52
"graph_community",0.7,2,"Pooled-pruned","support-kernel compression","beta=0.02, qmax=0.05",0.02,0.001,0.001,0.05,FALSE,"post-prune",0.15404390252596,0.0735672642604934,0.0646520167850707,3.11972669919669e-14,0.035017069102671,9.33617919069552,80.535776833102,9,8.17530798462823,9,10,0.25807717671859,0.00236977907021818,"objective_converged_kkt_warning",1,1.12089939552362e-08,0.171347040041489,0,0,0,0,35609749027159.1,"unfloored empirical",12.52
"graph_community",0.7,2,"Pooled union","support-kernel compression","beta=0.02, qmax=0.10",0.02,0.001,0.001,0.1,FALSE,"pre-prune",0.158928380691243,0.0793603771062308,0.0689150292008102,3.23074900165921e-14,0.00413566523370884,9.06064007657591,89.0220983608512,10,8.00458801587238,10,298,0.258422112249536,0.295802537574902,"objective_converged_kkt_warning",80,0.0122887124483726,0.00325293943480231,0,0,0,0,37029192376704.6,"unfloored empirical",23.14
"graph_community",0.7,2,"Pooled-pruned","support-kernel compression","beta=0.02, qmax=0.10",0.02,0.001,0.001,0.1,FALSE,"post-prune",0.158438814837984,0.0787712657663796,0.0684737565687991,3.2085445411667e-14,0.00680535054023096,9.08489461246793,80.535776833102,9,7.99212382553798,9,10,0.258325502357868,0.0151173640511603,"objective_converged_kkt_warning",80,1.51384306201763e-08,0.171347040041489,0,0,0,0,35609749027159.1,"unfloored empirical",23.14
"graph_community",0.7,2,"Pooled union","support-kernel compression","beta=0.02, qmax=0.25",0.02,0.001,0.001,0.25,FALSE,"pre-prune",0.159090990761669,0.0803217057313675,0.0697436124497055,3.15303338993544e-14,0.00100000010628173,8.99999238271181,89.7152455414111,10,8.45049124016669,10,300,0.258132564760625,0.176099908229817,"objective_converged_kkt_warning",80,0.0133070603204639,0.00325293943480231,0,0,0,0,35609749027159.1,"unfloored empirical",14.53
"graph_community",0.7,2,"Pooled-pruned","support-kernel compression","beta=0.02, qmax=0.25",0.02,0.001,0.001,0.25,FALSE,"post-prune",0.15904271263499,0.0802030500194507,0.0696167794811525,3.10862446895044e-14,0.00100727301516005,9.00546107597323,81.9220711942219,9,8.36266018676186,9,10,0.258148289247502,0.0203969704431211,"objective_converged_kkt_warning",1,1.51133683901072e-08,0.171347040041489,0,0,0,0,34325887617657.5,"unfloored empirical",14.53
"graph_community",0.7,2,"Pooled union","support-kernel compression","beta=0.02, qmax=0.50",0.02,0.001,0.001,0.5,FALSE,"pre-prune",0.159090990761669,0.0803217057313675,0.0697436124497055,3.15303338993544e-14,0.00100000010628173,8.99999238271181,89.7152455414111,10,8.45049124016669,10,300,0.258132564760625,0.176099908229817,"objective_converged_kkt_warning",80,0.0133070603204639,0.00325293943480231,0,0,0,0,35609749027159.1,"unfloored empirical",13.06
"graph_community",0.7,2,"Pooled-pruned","support-kernel compression","beta=0.02, qmax=0.50",0.02,0.001,0.001,0.5,FALSE,"post-prune",0.15904271263499,0.0802030500194507,0.0696167794811525,3.10862446895044e-14,0.00100727301516005,9.00546107597323,81.9220711942219,9,8.36266018676186,9,10,0.258148289247502,0.0203969704431211,"objective_converged_kkt_warning",1,1.51133683901072e-08,0.171347040041489,0,0,0,0,34325887617657.5,"unfloored empirical",13.06
"graph_community",0.7,3,"Pooled union","support-kernel compression","beta=0.02, qmax=0.05",0.02,0.001,0.001,0.05,FALSE,"pre-prune",0.138079964501545,0.0619783258260432,0.0539431580035499,5.99520433297585e-15,0.001,10.2295355826448,48.6599819329321,5,4.38690319372426,5,259,0.265043504838106,0.0266577316903414,"objective_converged_kkt_warning",80,0.0125803703897742,0,1.18402150303839e-40,0,1.18402150303839e-40,0,36572064423175.6,"unfloored empirical",7.35999999999999
"graph_community",0.7,3,"Pooled-pruned","support-kernel compression","beta=0.02, qmax=0.05",0.02,0.001,0.001,0.05,FALSE,"post-prune",0.138075531039605,0.0619741863472971,0.0539392162673698,5.99520433297585e-15,0.00100000009990004,10.229716520229,48.6599819329321,5,4.38639527306683,5,6,0.265043519840786,3.40418389310759e-05,"converged",1,2.39064323892535e-12,0.000224671712208176,0,0,0,0,36572064423175.6,"unfloored empirical",7.35999999999999
"graph_community",0.7,3,"Pooled union","support-kernel compression","beta=0.02, qmax=0.10",0.02,0.001,0.001,0.1,FALSE,"pre-prune",0.138079038206114,0.0619776991657575,0.0539425981379921,5.99520433297585e-15,0.001,10.2295604494611,48.6599819329321,5,4.38680036162286,5,259,0.265043495653882,0.0263510544009847,"objective_converged_kkt_warning",80,0.0134553952796851,0,1.87033753281321e-46,0,1.87033753281321e-46,0,36572064423175.6,"unfloored empirical",6.78
"graph_community",0.7,3,"Pooled-pruned","support-kernel compression","beta=0.02, qmax=0.10",0.02,0.001,0.001,0.1,FALSE,"post-prune",0.13807574779357,0.0619746213472608,0.0539396670071427,5.99520433297585e-15,0.00100000009990003,10.229695001709,48.6599819329321,5,4.38642303562952,5,6,0.26504351971901,2.53208802695193e-05,"converged",1,1.22968302207482e-12,0.000224671712208176,0,0,0,0,36572064423175.6,"unfloored empirical",6.78
"graph_community",0.7,3,"Pooled union","support-kernel compression","beta=0.02, qmax=0.25",0.02,0.001,0.001,0.25,FALSE,"pre-prune",0.138079426708762,0.061978306195821,0.0539432455491247,5.99520433297585e-15,0.001,10.2295326715691,48.6599819329321,5,4.38687588079094,5,259,0.265043498232427,0.0264666224766464,"objective_converged_kkt_warning",80,0.0135468836908123,0,7.82339739075208e-50,0,7.82339739075208e-50,0,36572064423175.6,"unfloored empirical",6.72999999999999
"graph_community",0.7,3,"Pooled-pruned","support-kernel compression","beta=0.02, qmax=0.25",0.02,0.001,0.001,0.25,FALSE,"post-prune",0.138075766069142,0.0619748721784862,0.0539399734769978,5.99520433297585e-15,0.00100000009990002,10.2296827992984,48.6599819329321,5,4.38645487770159,5,6,0.265043519657483,2.18696887781533e-05,"converged",1,3.68632901981414e-12,0.000224671712208176,0,0,0,0,36572064423175.6,"unfloored empirical",6.72999999999999
"graph_community",0.7,3,"Pooled union","support-kernel compression","beta=0.02, qmax=0.50",0.02,0.001,0.001,0.5,FALSE,"pre-prune",0.138079426708762,0.061978306195821,0.0539432455491247,5.99520433297585e-15,0.001,10.2295326715691,48.6599819329321,5,4.38687588079094,5,259,0.265043498232427,0.0264666224766464,"objective_converged_kkt_warning",80,0.0135468836908123,0,7.82339739075208e-50,0,7.82339739075208e-50,0,36572064423175.6,"unfloored empirical",7.18000000000001
"graph_community",0.7,3,"Pooled-pruned","support-kernel compression","beta=0.02, qmax=0.50",0.02,0.001,0.001,0.5,FALSE,"post-prune",0.138075766069142,0.0619748721784862,0.0539399734769978,5.99520433297585e-15,0.00100000009990002,10.2296827992984,48.6599819329321,5,4.38645487770159,5,6,0.265043519657483,2.18696887781533e-05,"converged",1,3.68632901981414e-12,0.000224671712208176,0,0,0,0,36572064423175.6,"unfloored empirical",7.18000000000001
"graph_community",0.9,1,"Pooled union","support-kernel compression","beta=0.02, qmax=0.05",0.02,0.001,0.001,0.05,TRUE,"pre-prune",0.166999533893734,0.0934196194342996,0.0772992008031438,1.77635683940025e-14,0.05,8.52531931062887,1916.35702643243,251,42.4774979728735,251,317,0.259199141433184,0.417674835485515,"max_iter_reached",80,0.00210507555878647,0.00494433616524535,0,0,0,0,36779717879829.3,"unfloored empirical",46.24
"graph_community",0.9,1,"Pooled-pruned","support-kernel compression","beta=0.02, qmax=0.05",0.02,0.001,0.001,0.05,TRUE,"post-prune",0.158925223856078,0.0849635233381815,0.0708811277245044,2.22044604925031e-14,0.05,8.54302473472578,1251.07959493738,166,25.5106281528959,166,252,0.2516423136816,0.0748363813814,"max_iter_reached",80,0.000488813688511003,0.00494433616524535,0,0,0,0,36779717879829.3,"unfloored empirical",46.24
"graph_community",0.9,1,"Pooled union","support-kernel compression","beta=0.02, qmax=0.10",0.02,0.001,0.001,0.1,TRUE,"pre-prune",0.160009369590922,0.082496837251188,0.0696323350355283,1.64313007644523e-14,0.1,9.01237806368216,1924.14025044876,252,47.6660774145899,252,317,0.258059905991622,0.407081914074131,"max_iter_reached",80,0.00177983203985566,0.00494433616524535,0,0,0,0,36779717879829.3,"unfloored empirical",39.47
"graph_community",0.9,1,"Pooled-pruned","support-kernel compression","beta=0.02, qmax=0.10",0.02,0.001,0.001,0.1,FALSE,"post-prune",0.152780730112838,0.0760734047741033,0.0640911178251841,2.73114864057789e-14,0.0584012879647922,8.56613267057272,94.8546348731245,12,10.1189804238907,12,253,0.244880995824453,0.0582672620584618,"objective_converged_kkt_warning",80,0.00725250326126994,0.00494433616524535,0,0,0,0,31235179117346.8,"unfloored empirical",39.47
"graph_community",0.9,1,"Pooled union","support-kernel compression","beta=0.02, qmax=0.25",0.02,0.001,0.001,0.25,FALSE,"pre-prune",0.154332037332334,0.0761523056532133,0.0648141471298992,2.77555756156289e-14,0.0612136116732767,8.66452153270189,127.619341701754,16,10.0945914272533,16,319,0.246826878556483,0.334967017033734,"objective_converged_kkt_warning",80,0.0125015873287844,0.00494433616524535,0,0,0,0,31235179117346.8,"unfloored empirical",16.22
"graph_community",0.9,1,"Pooled-pruned","support-kernel compression","beta=0.02, qmax=0.25",0.02,0.001,0.001,0.25,FALSE,"post-prune",0.154027566923663,0.0760179187984423,0.0646672564413519,2.66453525910038e-14,0.0602996725865395,8.65305603444421,133.313173845558,17,9.99401968912473,17,85,0.246509224653622,0.044589740881948,"objective_converged_kkt_warning",80,1.98435043397005e-08,0.00497016728022818,0,0,0,0,31235179117346.8,"unfloored empirical",16.22
"graph_community",0.9,1,"Pooled union","support-kernel compression","beta=0.02, qmax=0.50",0.02,0.001,0.001,0.5,FALSE,"pre-prune",0.154332037332334,0.0761523056532133,0.0648141471298992,2.77555756156289e-14,0.0612136116732767,8.66452153270189,127.619341701754,16,10.0945914272533,16,319,0.246826878556483,0.334967017033734,"objective_converged_kkt_warning",80,0.0125015873287844,0.00494433616524535,0,0,0,0,31235179117346.8,"unfloored empirical",16.38
"graph_community",0.9,1,"Pooled-pruned","support-kernel compression","beta=0.02, qmax=0.50",0.02,0.001,0.001,0.5,FALSE,"post-prune",0.154027566923663,0.0760179187984423,0.0646672564413519,2.66453525910038e-14,0.0602996725865395,8.65305603444421,133.313173845558,17,9.99401968912473,17,85,0.246509224653622,0.044589740881948,"objective_converged_kkt_warning",80,1.98435043397005e-08,0.00497016728022818,0,0,0,0,31235179117346.8,"unfloored empirical",16.38
"graph_community",0.9,2,"Pooled union","support-kernel compression","beta=0.02, qmax=0.05",0.02,0.001,0.001,0.05,TRUE,"pre-prune",0.158919963333024,0.0831678466539963,0.070435216415353,5.55111512312578e-16,0.05,8.90839744456553,1022.40177602079,134,12.1559592646331,134,307,0.257740932071478,0.394911295851989,"objective_converged_kkt_warning",80,0.00450793332231342,0.00452205230160481,0,0,0,0,35759199154631.9,"unfloored empirical",25.05
"graph_community",0.9,2,"Pooled-pruned","support-kernel compression","beta=0.02, qmax=0.05",0.02,0.001,0.001,0.05,TRUE,"post-prune",0.156413548485208,0.0809868112800362,0.0682607590360505,1.33226762955019e-15,0.05,8.86072637806291,625.481282876655,80,12.1733548404882,80,237,0.254722091220093,0.105251508349674,"max_iter_reached",80,8.11535984963085e-05,0.00452205230160481,0,0,0,0,35759199154631.9,"unfloored empirical",25.05
"graph_community",0.9,2,"Pooled union","support-kernel compression","beta=0.02, qmax=0.10",0.02,0.001,0.001,0.1,TRUE,"pre-prune",0.151292567233388,0.0724953559650792,0.0625254441069508,6.66133814775094e-16,0.1,9.37136174729568,721.245751011053,93,11.9987397677559,93,307,0.25641671776066,0.390285751968687,"objective_converged_kkt_warning",80,0.00541212336644231,0.00452205230160481,0,0,0,0,35759199154631.9,"unfloored empirical",27.1
"graph_community",0.9,2,"Pooled-pruned","support-kernel compression","beta=0.02, qmax=0.10",0.02,0.001,0.001,0.1,FALSE,"post-prune",0.148350351654442,0.0727309936959259,0.0620980657234258,6.66133814775094e-16,0.0795415542092889,9.00544123781807,114.312184578411,14,8.24903261674764,14,236,0.2504587937244,0.0780686563168336,"objective_converged_kkt_warning",80,0.00364400740349824,0.00452205230160481,0,0,0,0,34226978933356.4,"unfloored empirical",27.1
"graph_community",0.9,2,"Pooled union","support-kernel compression","beta=0.02, qmax=0.25",0.02,0.001,0.001,0.25,FALSE,"pre-prune",0.148853784414669,0.0731266297617391,0.0625057072406761,4.44089209850063e-16,0.0799789602130512,8.99144598890423,101.764862341252,13,8.07185744849422,13,307,0.25062400002312,0.0535866633843042,"objective_converged_kkt_warning",80,0.0119288161800521,0.00452205230160481,0,0,0,0,34226978933356.4,"unfloored empirical",15.07
"graph_community",0.9,2,"Pooled-pruned","support-kernel compression","beta=0.02, qmax=0.25",0.02,0.001,0.001,0.25,FALSE,"post-prune",0.148774944539608,0.0730142254270582,0.062420276526056,4.44089209850063e-16,0.0803830724347793,8.99597432620594,86.7737784534835,11,8.01613624109847,11,12,0.250628896073635,0.00151157969226468,"objective_converged_kkt_warning",1,2.69504143624033e-06,0.00496797520153941,0,0,0,0,34226978933356.4,"unfloored empirical",15.07
"graph_community",0.9,2,"Pooled union","support-kernel compression","beta=0.02, qmax=0.50",0.02,0.001,0.001,0.5,FALSE,"pre-prune",0.148853784414669,0.0731266297617391,0.0625057072406761,4.44089209850063e-16,0.0799789602130512,8.99144598890423,101.764862341252,13,8.07185744849422,13,307,0.25062400002312,0.0535866633843042,"objective_converged_kkt_warning",80,0.0119288161800521,0.00452205230160481,0,0,0,0,34226978933356.4,"unfloored empirical",15.41
"graph_community",0.9,2,"Pooled-pruned","support-kernel compression","beta=0.02, qmax=0.50",0.02,0.001,0.001,0.5,FALSE,"post-prune",0.148774944539608,0.0730142254270582,0.062420276526056,4.44089209850063e-16,0.0803830724347793,8.99597432620594,86.7737784534835,11,8.01613624109847,11,12,0.250628896073635,0.00151157969226468,"objective_converged_kkt_warning",1,2.69504143624033e-06,0.00496797520153941,0,0,0,0,34226978933356.4,"unfloored empirical",15.41
"graph_community",0.9,3,"Pooled union","support-kernel compression","beta=0.02, qmax=0.05",0.02,0.001,0.001,0.05,FALSE,"pre-prune",0.152283625512215,0.074730079488137,0.0631855512254787,3.06421554796543e-14,0.00655560680720505,8.68607737679451,107.905304592341,13,7.28279760250275,13,310,0.246302381492721,0.171334234140461,"objective_converged_kkt_warning",80,0.0189407866076777,0.00433045853564101,0,0,0,0,36271226245868.5,"unfloored empirical",13.59
"graph_community",0.9,3,"Pooled-pruned","support-kernel compression","beta=0.02, qmax=0.05",0.02,0.001,0.001,0.05,FALSE,"post-prune",0.152082155251873,0.0745095901000999,0.0630008484156174,3.07531777821168e-14,0.00661482918976094,8.69250526094847,90.2395143562833,11,7.15778533934288,11,12,0.246272368520912,0.00444399442638443,"objective_converged_kkt_warning",1,2.1116801279808e-08,0.00477798981143597,0,0,0,0,35154488769241,"unfloored empirical",13.59
"graph_community",0.9,3,"Pooled union","support-kernel compression","beta=0.02, qmax=0.10",0.02,0.001,0.001,0.1,FALSE,"pre-prune",0.15163881845488,0.0728678256192083,0.0620232795642419,2.94209101525666e-14,0.016547197951271,8.78644025728813,122.778605444454,15,7.62361847730665,15,310,0.246304352595942,0.339034286827897,"objective_converged_kkt_warning",80,0.0188648046243745,0.00433045853564101,0,0,0,0,36271226245868.5,"unfloored empirical",15.33
"graph_community",0.9,3,"Pooled-pruned","support-kernel compression","beta=0.02, qmax=0.10",0.02,0.001,0.001,0.1,FALSE,"post-prune",0.151249256060887,0.0725639368480167,0.0617756825192498,2.99760216648792e-14,0.0166182417739954,8.79166699314869,122.778605444454,15,7.52094800400586,15,16,0.246174860396359,0.00665268591108037,"objective_converged_kkt_warning",1,4.75361354679293e-06,0.00477798981143597,0,0,0,0,36271226245868.5,"unfloored empirical",15.33
"graph_community",0.9,3,"Pooled union","support-kernel compression","beta=0.02, qmax=0.25",0.02,0.001,0.001,0.25,FALSE,"pre-prune",0.151267108915575,0.0738919585803196,0.0626739808731046,2.91988655476416e-14,0.0107494836527413,8.72279056011754,138.462836512782,17,7.94029526104073,17,310,0.246038861358368,0.159265088363113,"objective_converged_kkt_warning",80,0.0192223826604273,0.00433045853564101,0,0,0,0,36271226245868.5,"unfloored empirical",15.18
"graph_community",0.9,3,"Pooled-pruned","support-kernel compression","beta=0.02, qmax=0.25",0.02,0.001,0.001,0.25,FALSE,"post-prune",0.150990525451713,0.0736776740063568,0.062498874187208,2.97539770599542e-14,0.0108737469106236,8.72885283167309,114.292283916704,14,7.80431107497612,14,15,0.246005938724617,0.00613361146401226,"objective_converged_kkt_warning",1,2.62744481657751e-06,0.00477798981143597,0,0,0,0,35154488769241,"unfloored empirical",15.18
"graph_community",0.9,3,"Pooled union","support-kernel compression","beta=0.02, qmax=0.50",0.02,0.001,0.001,0.5,FALSE,"pre-prune",0.151267108915575,0.0738919585803196,0.0626739808731046,2.91988655476416e-14,0.0107494836527413,8.72279056011754,138.462836512782,17,7.94029526104073,17,310,0.246038861358368,0.159265088363113,"objective_converged_kkt_warning",80,0.0192223826604273,0.00433045853564101,0,0,0,0,36271226245868.5,"unfloored empirical",15.02
"graph_community",0.9,3,"Pooled-pruned","support-kernel compression","beta=0.02, qmax=0.50",0.02,0.001,0.001,0.5,FALSE,"post-prune",0.150990525451713,0.0736776740063568,0.062498874187208,2.97539770599542e-14,0.0108737469106236,8.72885283167309,114.292283916704,14,7.80431107497612,14,15,0.246005938724617,0.00613361146401226,"objective_converged_kkt_warning",1,2.62744481657751e-06,0.00477798981143597,0,0,0,0,35154488769241,"unfloored empirical",15.02
"multi_representative",0.7,1,"Pooled union","support-kernel compression","beta=0.02, qmax=0.05",0.02,0.001,0.001,0.05,FALSE,"pre-prune",0.132560118299309,0.0611225028954624,0.051566136619925,2.19824158875781e-14,0.001,9.48770828675374,66.3257721689903,7,6.34851119724289,7,263,0.248974609120856,0.028194968687247,"objective_converged_kkt_warning",80,0.0150412177444101,0.00128014824612136,0,0,0,0,37251905131571.2,"unfloored empirical",7.70000000000005
"multi_representative",0.7,1,"Pooled-pruned","support-kernel compression","beta=0.02, qmax=0.05",0.02,0.001,0.001,0.05,FALSE,"post-prune",0.13255900057593,0.0611215391841425,0.0515651833061106,2.18713935851156e-14,0.00100000009990001,9.48773897925905,66.3257721689903,7,6.34763005595165,7,8,0.248974881408955,4.90678687621315e-05,"converged",1,1.07531206161582e-11,0.0013796467114641,0,0,0,0,37251905131571.2,"unfloored empirical",7.70000000000005
"multi_representative",0.7,1,"Pooled union","support-kernel compression","beta=0.02, qmax=0.10",0.02,0.001,0.001,0.1,FALSE,"pre-prune",0.132445867965582,0.0608054057385788,0.0513005434419017,2.25375273998907e-14,0.00100004199500772,9.50946425561337,94.2596930711726,10,5.35842053729699,10,265,0.249197085053612,0.215409233480273,"objective_converged_kkt_warning",80,0.0153249499886394,0.00128014824612136,0,0,0,0,37251905131571.2,"unfloored empirical",7.45000000000005
"multi_representative",0.7,1,"Pooled-pruned","support-kernel compression","beta=0.02, qmax=0.10",0.02,0.001,0.001,0.1,FALSE,"post-prune",0.132385533180888,0.0607473325569536,0.0512467690409275,2.23154827949656e-14,0.00100378894567098,9.51186978308589,67.0189193495503,7,5.30259950612454,7,8,0.249220115539575,0.0168143474211554,"objective_converged_kkt_warning",1,1.89576089826282e-08,0.0013796467114641,0,0,0,0,37251905131571.2,"unfloored empirical",7.45000000000005
"multi_representative",0.7,1,"Pooled union","support-kernel compression","beta=0.02, qmax=0.25",0.02,0.001,0.001,0.25,FALSE,"pre-prune",0.135820617823217,0.0624556139198172,0.0528829812884177,2.08721928629529e-14,0.00100000000029727,9.45493708066626,55.7600090995614,6,5.83545426116734,6,263,0.249770684071768,0.0342073171364826,"objective_converged_kkt_warning",80,0.015272954772925,0.00128014824612136,0,0,0,0,37251905131571.2,"unfloored empirical",6.53999999999996
"multi_representative",0.7,1,"Pooled-pruned","support-kernel compression","beta=0.02, qmax=0.25",0.02,0.001,0.001,0.25,FALSE,"post-prune",0.135817636527618,0.0624529468641607,0.0528803614897396,2.05391259555654e-14,0.00100000009990008,9.45502114335173,55.7600090995614,6,5.83378999672759,6,7,0.249770965202014,6.12924988458996e-05,"converged",1,3.12672943092451e-11,0.0013796467114641,0,0,0,0,37251905131571.2,"unfloored empirical",6.53999999999996
"multi_representative",0.7,1,"Pooled union","support-kernel compression","beta=0.02, qmax=0.50",0.02,0.001,0.001,0.5,FALSE,"pre-prune",0.135820617823217,0.0624556139198172,0.0528829812884177,2.08721928629529e-14,0.00100000000029727,9.45493708066626,55.7600090995614,6,5.83545426116734,6,263,0.249770684071768,0.0342073171364826,"objective_converged_kkt_warning",80,0.015272954772925,0.00128014824612136,0,0,0,0,37251905131571.2,"unfloored empirical",6.81999999999994
"multi_representative",0.7,1,"Pooled-pruned","support-kernel compression","beta=0.02, qmax=0.50",0.02,0.001,0.001,0.5,FALSE,"post-prune",0.135817636527618,0.0624529468641607,0.0528803614897396,2.05391259555654e-14,0.00100000009990008,9.45502114335173,55.7600090995614,6,5.83378999672759,6,7,0.249770965202014,6.12924988458996e-05,"converged",1,3.12672943092451e-11,0.0013796467114641,0,0,0,0,37251905131571.2,"unfloored empirical",6.81999999999994
"multi_representative",0.7,2,"Pooled union","support-kernel compression","beta=0.02, qmax=0.05",0.02,0.001,0.001,0.05,TRUE,"pre-prune",0.157666869128187,0.0786625549205357,0.067660843197014,1.35447209004269e-14,0.05,9.34365866116071,105.099372017289,11,5.32810707183525,11,295,0.263447766819397,0.361264446070146,"objective_converged_kkt_warning",80,0.0197915863809082,0.00360265394392141,0,0,0,0,37137311559930.5,"unfloored empirical",15.85
"multi_representative",0.7,2,"Pooled-pruned","support-kernel compression","beta=0.02, qmax=0.05",0.02,0.001,0.001,0.05,TRUE,"post-prune",0.153986169879299,0.0766589022890502,0.0659092560453934,1.67643676718399e-14,0.05,9.33461438577618,89.7152455414111,10,5.31180943547333,10,132,0.261426625922478,0.120162720233344,"objective_converged_kkt_warning",80,0.000113669769232994,0.00361208373751218,0,0,0,0,37137311559930.5,"unfloored empirical",15.85
"multi_representative",0.7,2,"Pooled union","support-kernel compression","beta=0.02, qmax=0.10",0.02,0.001,0.001,0.1,TRUE,"pre-prune",0.153785596819482,0.0739213820383497,0.0649555663344874,1.47659662275146e-14,0.1,9.86550380892704,212.128777025347,19,7.77832255149158,19,295,0.268459496203042,0.418478094658333,"objective_converged_kkt_warning",80,0.0137411293573919,0.00360265394392141,0,0,0,0,37144774670828.4,"unfloored empirical",11.78
"multi_representative",0.7,2,"Pooled-pruned","support-kernel compression","beta=0.02, qmax=0.10",0.02,0.001,0.001,0.1,FALSE,"post-prune",0.148134263596105,0.0701941955455232,0.0610949243104871,1.72084568816899e-14,0.0808101511864315,9.62341953952649,53.6905178887347,6,5.15219758293932,6,208,0.260813450846467,0.109003853371191,"objective_converged_kkt_warning",80,0.00147730421446612,0.00360265394392141,0,0,0,0,36291685410567.6,"unfloored empirical",11.78
"multi_representative",0.7,2,"Pooled union","support-kernel compression","beta=0.02, qmax=0.25",0.02,0.001,0.001,0.25,FALSE,"pre-prune",0.148187755683685,0.0702000339598114,0.0610984508965918,1.63202784619898e-14,0.0807062479924198,9.62301571141041,53.6905178887347,6,5.15231555220621,6,295,0.260811954433608,0.0603308069011328,"objective_converged_kkt_warning",80,0.0224938377484027,0.00360265394392141,0,0,0,0,36291685410567.6,"unfloored empirical",9.38999999999999
"multi_representative",0.7,2,"Pooled-pruned","support-kernel compression","beta=0.02, qmax=0.25",0.02,0.001,0.001,0.25,FALSE,"post-prune",0.148187446921953,0.07019970547229,0.0610981800724843,1.67643676718399e-14,0.0807069265524608,9.62302391946401,53.6905178887347,6,5.15225072195259,6,7,0.260811876040997,2.35978268037229e-05,"converged",1,1.52093893035499e-11,0.224889731120094,0,0,0,0,36291685410567.6,"unfloored empirical",9.38999999999999
"multi_representative",0.7,2,"Pooled union","support-kernel compression","beta=0.02, qmax=0.50",0.02,0.001,0.001,0.5,FALSE,"pre-prune",0.148184332592068,0.0701944954005908,0.0610938869407742,1.66533453693773e-14,0.0807331108309322,9.62328703469689,53.6905178887347,6,5.15217668787867,6,295,0.260811897434073,0.009157461077824,"objective_converged_kkt_warning",80,0.023048447655898,0.00360265394392141,0,0,0,0,36291685410567.6,"unfloored empirical",10.9100000000001
"multi_representative",0.7,2,"Pooled-pruned","support-kernel compression","beta=0.02, qmax=0.50",0.02,0.001,0.001,0.5,FALSE,"post-prune",0.148184244868627,0.0701944072176933,0.0610938211363491,1.68753899743024e-14,0.0807332614558766,9.62328887923517,53.6905178887347,6,5.15215472761119,6,7,0.260811875506181,2.53778545074024e-05,"converged",1,3.05960812241324e-12,0.224889731120094,0,0,0,0,36291685410567.6,"unfloored empirical",10.9100000000001
"multi_representative",0.7,3,"Pooled union","support-kernel compression","beta=0.02, qmax=0.05",0.02,0.001,0.001,0.05,FALSE,"pre-prune",0.148324503485614,0.069036029881923,0.0598748372254863,2.99760216648792e-14,0.0317673175229284,9.62970765655217,84.0015127359017,9,5.31356147745716,9,285,0.259705558175022,0.261749153704233,"objective_converged_kkt_warning",80,0.0184338978173232,0.00326388964291846,0,0,0,0,36953300298464.6,"unfloored empirical",8.47000000000003
"multi_representative",0.7,3,"Pooled-pruned","support-kernel compression","beta=0.02, qmax=0.05",0.02,0.001,0.001,0.05,FALSE,"post-prune",0.148251258541622,0.0689859672384271,0.0598330733105383,2.96429547574917e-14,0.0318496161702819,9.63122906601094,74.8220440275927,8,5.28517734905385,8,9,0.259701314115123,0.00205154791412621,"objective_converged_kkt_warning",1,3.23924992384761e-09,0.27477445839588,0,0,0,0,36953300298464.6,"unfloored empirical",8.47000000000003
"multi_representative",0.7,3,"Pooled union","support-kernel compression","beta=0.02, qmax=0.10",0.02,0.001,0.001,0.1,FALSE,"pre-prune",0.148227044365702,0.068956079773595,0.0598079202705687,2.93098878501041e-14,0.031957420916011,9.63344598511574,84.0015127359017,9,5.30817469200581,9,285,0.259701039110984,0.24750589060883,"objective_converged_kkt_warning",80,0.0188698491146511,0.00326388964291846,0,0,0,0,36953300298464.6,"unfloored empirical",9.03000000000009
"multi_representative",0.7,3,"Pooled-pruned","support-kernel compression","beta=0.02, qmax=0.10",0.02,0.001,0.001,0.1,FALSE,"post-prune",0.148162273264882,0.0689124502447284,0.0597718053117933,2.96429547574917e-14,0.0320329880434109,9.63480543865579,74.8220440275927,8,5.28203848162541,8,9,0.259698674024669,0.00215918807766591,"objective_converged_kkt_warning",1,3.23942683788658e-09,0.27477445839588,0,0,0,0,36953300298464.6,"unfloored empirical",9.03000000000009
"multi_representative",0.7,3,"Pooled union","support-kernel compression","beta=0.02, qmax=0.25",0.02,0.001,0.001,0.25,FALSE,"pre-prune",0.152860187345001,0.0746923519564212,0.0639764274967726,2.99760216648792e-14,0.00100023634546115,9.35431019880117,84.0015127359017,9,5.31406450247763,9,285,0.259931540836212,0.219273797301019,"objective_converged_kkt_warning",80,0.019920127708902,0.00326388964291846,0,0,0,0,36953300298464.6,"unfloored empirical",8.75
"multi_representative",0.7,3,"Pooled-pruned","support-kernel compression","beta=0.02, qmax=0.25",0.02,0.001,0.001,0.25,FALSE,"post-prune",0.152814122934376,0.0746667096101477,0.0639551036889295,3.05311331771918e-14,0.00100430665555881,9.35489265313431,74.8220440275927,8,5.28989924719203,8,9,0.259930629352151,0.0183023640296641,"objective_converged_kkt_warning",1,3.13459486145362e-09,0.27477445839588,0,0,0,0,36953300298464.6,"unfloored empirical",8.75
"multi_representative",0.7,3,"Pooled union","support-kernel compression","beta=0.02, qmax=0.50",0.02,0.001,0.001,0.5,FALSE,"pre-prune",0.152860187345001,0.0746923519564212,0.0639764274967726,2.99760216648792e-14,0.00100023634546115,9.35431019880117,84.0015127359017,9,5.31406450247763,9,285,0.259931540836212,0.219273797301019,"objective_converged_kkt_warning",80,0.019920127708902,0.00326388964291846,0,0,0,0,36953300298464.6,"unfloored empirical",8.96000000000004
"multi_representative",0.7,3,"Pooled-pruned","support-kernel compression","beta=0.02, qmax=0.50",0.02,0.001,0.001,0.5,FALSE,"post-prune",0.152814122934376,0.0746667096101477,0.0639551036889295,3.05311331771918e-14,0.00100430665555881,9.35489265313431,74.8220440275927,8,5.28989924719203,8,9,0.259930629352151,0.0183023640296641,"objective_converged_kkt_warning",1,3.13459486145362e-09,0.27477445839588,0,0,0,0,36953300298464.6,"unfloored empirical",8.96000000000004
"multi_representative",0.9,1,"Pooled union","support-kernel compression","beta=0.02, qmax=0.05",0.02,0.001,0.001,0.05,FALSE,"pre-prune",0.100360495733006,0.0331747506415698,0.0288268312148175,1.19904086659517e-14,0.00100478793424136,8.7994091038796,61.4836922359239,7,5.76495744649741,7,268,0.207353311041612,0.328553646351576,"objective_converged_kkt_warning",80,0.0217032847714498,0.00513234136596848,0,0,0,0,37264127520541.5,"unfloored empirical",3.37
"multi_representative",0.9,1,"Pooled-pruned","support-kernel compression","beta=0.02, qmax=0.05",0.02,0.001,0.001,0.05,FALSE,"post-prune",0.100165177812441,0.0331005759314302,0.0287592851992964,1.28785870856518e-14,0.00100000009990027,8.80164284421412,52.9973707081747,6,5.70874629850005,6,7,0.207363068260422,0.000310099788812579,"objective_converged_kkt_warning",2,1.93734120412792e-09,0.316413313466222,0,0,0,0,37264127520541.5,"unfloored empirical",3.37
"multi_representative",0.9,1,"Pooled union","support-kernel compression","beta=0.02, qmax=0.10",0.02,0.001,0.001,0.1,FALSE,"pre-prune",0.100360495733006,0.0331747506415698,0.0288268312148175,1.19904086659517e-14,0.00100478793424136,8.7994091038796,61.4836922359239,7,5.76495744649741,7,268,0.207353311041612,0.328553646351576,"objective_converged_kkt_warning",80,0.0217032847714498,0.00513234136596848,0,0,0,0,37264127520541.5,"unfloored empirical",3.45000000000005
"multi_representative",0.9,1,"Pooled-pruned","support-kernel compression","beta=0.02, qmax=0.10",0.02,0.001,0.001,0.1,FALSE,"post-prune",0.100165177812441,0.0331005759314302,0.0287592851992964,1.28785870856518e-14,0.00100000009990027,8.80164284421412,52.9973707081747,6,5.70874629850005,6,7,0.207363068260422,0.000310099788812579,"objective_converged_kkt_warning",2,1.93734120412792e-09,0.316413313466222,0,0,0,0,37264127520541.5,"unfloored empirical",3.45000000000005
"multi_representative",0.9,1,"Pooled union","support-kernel compression","beta=0.02, qmax=0.25",0.02,0.001,0.001,0.25,FALSE,"pre-prune",0.100360495733006,0.0331747506415698,0.0288268312148175,1.19904086659517e-14,0.00100478793424136,8.7994091038796,61.4836922359239,7,5.76495744649741,7,268,0.207353311041612,0.328553646351576,"objective_converged_kkt_warning",80,0.0217032847714498,0.00513234136596848,0,0,0,0,37264127520541.5,"unfloored empirical",3.26999999999998
"multi_representative",0.9,1,"Pooled-pruned","support-kernel compression","beta=0.02, qmax=0.25",0.02,0.001,0.001,0.25,FALSE,"post-prune",0.100165177812441,0.0331005759314302,0.0287592851992964,1.28785870856518e-14,0.00100000009990027,8.80164284421412,52.9973707081747,6,5.70874629850005,6,7,0.207363068260422,0.000310099788812579,"objective_converged_kkt_warning",2,1.93734120412792e-09,0.316413313466222,0,0,0,0,37264127520541.5,"unfloored empirical",3.26999999999998
"multi_representative",0.9,1,"Pooled union","support-kernel compression","beta=0.02, qmax=0.50",0.02,0.001,0.001,0.5,FALSE,"pre-prune",0.100360495733006,0.0331747506415698,0.0288268312148175,1.19904086659517e-14,0.00100478793424136,8.7994091038796,61.4836922359239,7,5.76495744649741,7,268,0.207353311041612,0.328553646351576,"objective_converged_kkt_warning",80,0.0217032847714498,0.00513234136596848,0,0,0,0,37264127520541.5,"unfloored empirical",3.10000000000002
"multi_representative",0.9,1,"Pooled-pruned","support-kernel compression","beta=0.02, qmax=0.50",0.02,0.001,0.001,0.5,FALSE,"post-prune",0.100165177812441,0.0331005759314302,0.0287592851992964,1.28785870856518e-14,0.00100000009990027,8.80164284421412,52.9973707081747,6,5.70874629850005,6,7,0.207363068260422,0.000310099788812579,"objective_converged_kkt_warning",2,1.93734120412792e-09,0.316413313466222,0,0,0,0,37264127520541.5,"unfloored empirical",3.10000000000002
"multi_representative",0.9,2,"Pooled union","support-kernel compression","beta=0.02, qmax=0.05",0.02,0.001,0.001,0.05,TRUE,"pre-prune",0.189496534239193,0.116538913871335,0.104202690123795,4.38538094726937e-14,0.05,10.8647377101345,287.531827242583,29,14.9816263946127,29,331,0.330590477680821,0.422400710654816,"objective_converged_kkt_warning",80,0.00065025228691501,0.00240470938889784,0,0,0,0,37263211212698.2,"unfloored empirical",30.12
"multi_representative",0.9,2,"Pooled-pruned","support-kernel compression","beta=0.02, qmax=0.05",0.02,0.001,0.001,0.05,TRUE,"post-prune",0.186412668643961,0.115775075595471,0.1019241735989,3.2085445411667e-14,0.05,10.4508972349394,209.540982049046,20,10.4908334681618,20,223,0.322087741396362,0.150420892719455,"objective_converged_kkt_warning",80,0.000194646808309773,0.00240470938889784,0,0,0,0,37263211212698.2,"unfloored empirical",30.12
"multi_representative",0.9,2,"Pooled union","support-kernel compression","beta=0.02, qmax=0.10",0.02,0.001,0.001,0.1,TRUE,"pre-prune",0.184601058492019,0.107557921651919,0.0980435932230105,4.2410519540681e-14,0.1,11.0141323641206,309.20752285802,32,15.4417870365001,32,331,0.324544860117901,0.418784600366606,"objective_converged_kkt_warning",80,0.000220225991888978,0.00240470938889784,0,0,0,0,37263211212698.2,"unfloored empirical",23.45
"multi_representative",0.9,2,"Pooled-pruned","support-kernel compression","beta=0.02, qmax=0.10",0.02,0.001,0.001,0.1,TRUE,"post-prune",0.181499249455122,0.106901381642744,0.0958419689389795,3.24185123190546e-14,0.1,10.5636151726553,225.107430081718,22,10.4771210628497,22,232,0.315436129559817,0.146709715942388,"objective_converged_kkt_warning",80,8.19471735500898e-05,0.00240470938889784,0,0,0,0,37263211212698.2,"unfloored empirical",23.45
"multi_representative",0.9,2,"Pooled union","support-kernel compression","beta=0.02, qmax=0.25",0.02,0.001,0.001,0.25,TRUE,"pre-prune",0.16575102806368,0.0815640001060171,0.07784156163799,3.43058914609173e-14,0.25,11.6752735665714,408.375660563226,45,16.6469905065526,45,331,0.311833417069198,0.434881027968063,"objective_converged_kkt_warning",80,0.000102645661177514,0.00240470938889784,0,0,0,0,37263211212698.2,"unfloored empirical",24.4399999999999
"multi_representative",0.9,2,"Pooled-pruned","support-kernel compression","beta=0.02, qmax=0.25",0.02,0.001,0.001,0.25,TRUE,"post-prune",0.160294703625602,0.0780153766270776,0.0733670946120984,2.73114864057789e-14,0.25,11.3579386107563,246.783125697155,25,10.307857827134,25,249,0.302529177196067,0.12791781402573,"objective_converged_kkt_warning",80,0.000109722394550316,0.00240470938889784,0,0,0,0,37263211212698.2,"unfloored empirical",24.4399999999999
"multi_representative",0.9,2,"Pooled union","support-kernel compression","beta=0.02, qmax=0.50",0.02,0.001,0.001,0.5,FALSE,"pre-prune",0.139134092881432,0.0584501694666209,0.0556988605840693,9.54791801177635e-15,0.332822070416566,12.0095770880965,62.8699865970438,7,5.19072795475135,7,331,0.296821435695732,0.144999298485097,"objective_converged_kkt_warning",80,0.0119834916644781,0.00240470938889784,0,0,0,0,34890067954320.9,"unfloored empirical",19.36
"multi_representative",0.9,2,"Pooled-pruned","support-kernel compression","beta=0.02, qmax=0.50",0.02,0.001,0.001,0.5,FALSE,"post-prune",0.138908347112453,0.0582587171900587,0.0555186779688427,9.76996261670138e-15,0.33354646742453,12.0173249462565,62.8699865970438,7,5.15569982168864,7,8,0.296803676992146,0.00547098002493485,"objective_converged_kkt_warning",1,1.33395995915997e-08,0.196458510848937,0,0,0,0,34890067954320.9,"unfloored empirical",19.36
"multi_representative",0.9,3,"Pooled union","support-kernel compression","beta=0.02, qmax=0.05",0.02,0.001,0.001,0.05,FALSE,"pre-prune",0.123397350935375,0.05061929721138,0.0428337681471383,1.98729921407903e-14,0.00100542175864875,8.83160993867459,98.2015670691603,11,7.01007101257787,11,288,0.22518106061534,0.136689994335978,"objective_converged_kkt_warning",80,0.0241378746191625,0.00480613245991477,0,0,0,0,37227976004503.1,"unfloored empirical",6.83000000000004
"multi_representative",0.9,3,"Pooled-pruned","support-kernel compression","beta=0.02, qmax=0.05",0.02,0.001,0.001,0.05,FALSE,"post-prune",0.123328731962149,0.0505835757017374,0.0428056206995576,1.96509475358653e-14,0.00100000009990079,8.83178954795162,89.0220983608512,10,6.9832143739592,10,11,0.225163275492494,0.00311448974323092,"objective_converged_kkt_warning",2,4.09370448650748e-09,0.173185081465422,0,0,0,0,36900924603352.1,"unfloored empirical",6.83000000000004
"multi_representative",0.9,3,"Pooled union","support-kernel compression","beta=0.02, qmax=0.10",0.02,0.001,0.001,0.1,FALSE,"pre-prune",0.123757733645668,0.0507702902075923,0.0429701566993518,1.95399252334028e-14,0.00105850871907889,8.82965272871748,98.2015670691603,11,7.02184403223225,11,288,0.225252471166345,0.28107415879722,"objective_converged_kkt_warning",80,0.0240921799525698,0.00480613245991477,0,0,0,0,37227976004503.1,"unfloored empirical",7.04000000000008
"multi_representative",0.9,3,"Pooled-pruned","support-kernel compression","beta=0.02, qmax=0.10",0.02,0.001,0.001,0.1,FALSE,"post-prune",0.123490126670378,0.0505369209965748,0.0427704949868857,1.97619698383278e-14,0.00100000010012824,8.83371650494841,89.0220983608512,10,6.92981151146143,10,11,0.225154260607007,0.00306406958684147,"objective_converged_kkt_warning",10,1.45446109162117e-06,0.173185081465422,0,0,0,0,36900924603352.1,"unfloored empirical",7.04000000000008
"multi_representative",0.9,3,"Pooled union","support-kernel compression","beta=0.02, qmax=0.25",0.02,0.001,0.001,0.25,FALSE,"pre-prune",0.123757733645668,0.0507702902075923,0.0429701566993518,1.95399252334028e-14,0.00105850871907889,8.82965272871748,98.2015670691603,11,7.02184403223225,11,288,0.225252471166345,0.28107415879722,"objective_converged_kkt_warning",80,0.0240921799525698,0.00480613245991477,0,0,0,0,37227976004503.1,"unfloored empirical",6.98000000000002
"multi_representative",0.9,3,"Pooled-pruned","support-kernel compression","beta=0.02, qmax=0.25",0.02,0.001,0.001,0.25,FALSE,"post-prune",0.123490126670378,0.0505369209965748,0.0427704949868857,1.97619698383278e-14,0.00100000010012824,8.83371650494841,89.0220983608512,10,6.92981151146143,10,11,0.225154260607007,0.00306406958684147,"objective_converged_kkt_warning",10,1.45446109162117e-06,0.173185081465422,0,0,0,0,36900924603352.1,"unfloored empirical",6.98000000000002
"multi_representative",0.9,3,"Pooled union","support-kernel compression","beta=0.02, qmax=0.50",0.02,0.001,0.001,0.5,FALSE,"pre-prune",0.123757733645668,0.0507702902075923,0.0429701566993518,1.95399252334028e-14,0.00105850871907889,8.82965272871748,98.2015670691603,11,7.02184403223225,11,288,0.225252471166345,0.28107415879722,"objective_converged_kkt_warning",80,0.0240921799525698,0.00480613245991477,0,0,0,0,37227976004503.1,"unfloored empirical",6.99000000000001
"multi_representative",0.9,3,"Pooled-pruned","support-kernel compression","beta=0.02, qmax=0.50",0.02,0.001,0.001,0.5,FALSE,"post-prune",0.123490126670378,0.0505369209965748,0.0427704949868857,1.97619698383278e-14,0.00100000010012824,8.83371650494841,89.0220983608512,10,6.92981151146143,10,11,0.225154260607007,0.00306406958684147,"objective_converged_kkt_warning",10,1.45446109162117e-06,0.173185081465422,0,0,0,0,36900924603352.1,"unfloored empirical",6.99000000000001
"noisy_grouping",0.7,1,"Pooled union","support-kernel compression","beta=0.02, qmax=0.05",0.02,0.001,0.001,0.05,FALSE,"pre-prune",0.121114454842625,0.0501487589078939,0.0437388461414028,7.88258347483861e-15,0.001,9.18870992034474,9.17946870830909,1,1,1,268,0.233915050059676,0.0487312766073312,"objective_converged_kkt_warning",80,0.0136807490983051,0,0,0,0,0,37231563509287.1,"unfloored empirical",9.19999999999993
"noisy_grouping",0.7,1,"Pooled-pruned","support-kernel compression","beta=0.02, qmax=0.05",0.02,0.001,0.001,0.05,FALSE,"post-prune",0.121114454830514,0.050148758895427,0.0437388461320141,7.99360577730113e-15,0.0010000000999,9.18870992126794,9.17946870830909,1,1,1,2,0.233915050064983,0,"converged",1,5.30706034673756e-12,0.522043642115273,0,0,0,0,37231563509287.1,"unfloored empirical",9.19999999999993
"noisy_grouping",0.7,1,"Pooled union","support-kernel compression","beta=0.02, qmax=0.10",0.02,0.001,0.001,0.1,FALSE,"pre-prune",0.121114454842625,0.0501487589078939,0.0437388461414028,7.88258347483861e-15,0.001,9.18870992034474,9.17946870830909,1,1,1,268,0.233915050059676,0.0487312766073312,"objective_converged_kkt_warning",80,0.0138079368282264,0,0,0,0,0,37231563509287.1,"unfloored empirical",9.48000000000002
"noisy_grouping",0.7,1,"Pooled-pruned","support-kernel compression","beta=0.02, qmax=0.10",0.02,0.001,0.001,0.1,FALSE,"post-prune",0.121114454830514,0.050148758895427,0.0437388461320141,7.99360577730113e-15,0.0010000000999,9.18870992126794,9.17946870830909,1,1,1,2,0.233915050064983,0,"converged",1,5.30706034673756e-12,0.522043642115273,0,0,0,0,37231563509287.1,"unfloored empirical",9.48000000000002
"noisy_grouping",0.7,1,"Pooled union","support-kernel compression","beta=0.02, qmax=0.25",0.02,0.001,0.001,0.25,FALSE,"pre-prune",0.121114454842625,0.0501487589078939,0.0437388461414028,7.88258347483861e-15,0.001,9.18870992034474,9.17946870830909,1,1,1,268,0.233915050059676,0.0487312766073312,"objective_converged_kkt_warning",80,0.0138079368282264,0,0,0,0,0,37231563509287.1,"unfloored empirical",9.40999999999997
"noisy_grouping",0.7,1,"Pooled-pruned","support-kernel compression","beta=0.02, qmax=0.25",0.02,0.001,0.001,0.25,FALSE,"post-prune",0.121114454830514,0.050148758895427,0.0437388461320141,7.99360577730113e-15,0.0010000000999,9.18870992126794,9.17946870830909,1,1,1,2,0.233915050064983,0,"converged",1,5.30706034673756e-12,0.522043642115273,0,0,0,0,37231563509287.1,"unfloored empirical",9.40999999999997
"noisy_grouping",0.7,1,"Pooled union","support-kernel compression","beta=0.02, qmax=0.50",0.02,0.001,0.001,0.5,FALSE,"pre-prune",0.121114454842625,0.0501487589078939,0.0437388461414028,7.88258347483861e-15,0.001,9.18870992034474,9.17946870830909,1,1,1,268,0.233915050059676,0.0487312766073312,"objective_converged_kkt_warning",80,0.0138079368282264,0,0,0,0,0,37231563509287.1,"unfloored empirical",9.68999999999994
"noisy_grouping",0.7,1,"Pooled-pruned","support-kernel compression","beta=0.02, qmax=0.50",0.02,0.001,0.001,0.5,FALSE,"post-prune",0.121114454830514,0.050148758895427,0.0437388461320141,7.99360577730113e-15,0.0010000000999,9.18870992126794,9.17946870830909,1,1,1,2,0.233915050064983,0,"converged",1,5.30706034673756e-12,0.522043642115273,0,0,0,0,37231563509287.1,"unfloored empirical",9.68999999999994
"noisy_grouping",0.7,2,"Pooled union","support-kernel compression","beta=0.02, qmax=0.05",0.02,0.001,0.001,0.05,FALSE,"pre-prune",0.134879987085943,0.0648669248174346,0.0518616820769585,8.65973959207622e-15,0.042950421663427,8.77186600495505,1702.27117592383,219,35.1326699180588,219,283,0.235753522279039,0.415007380805613,"max_iter_reached",80,0.00640098901472147,0.00529494270521378,0,0,0,0,37226846285798.2,"unfloored empirical",8.76999999999998
"noisy_grouping",0.7,2,"Pooled-pruned","support-kernel compression","beta=0.02, qmax=0.05",0.02,0.001,0.001,0.05,FALSE,"post-prune",0.112642906242743,0.0451700346620719,0.0367317270857416,7.43849426498855e-15,0.001,8.49652451256832,8.48632152774915,1,1.00077616650064,1,219,0.215089186130314,0.0230442973011487,"objective_converged_kkt_warning",80,0.00947138884726723,0.00529494270521378,0,0,0,0,26056215230327.5,"unfloored empirical",8.76999999999998
"noisy_grouping",0.7,2,"Pooled union","support-kernel compression","beta=0.02, qmax=0.10",0.02,0.001,0.001,0.1,FALSE,"pre-prune",0.13488627790289,0.0643230268624733,0.0516626760506808,9.54791801177635e-15,0.0549597965104788,8.8565162822506,1683.8913171744,218,39.2338008385941,218,283,0.236854407710726,0.414381912523929,"max_iter_reached",80,0.0056064037604821,0.00529494270521378,0,0,0,0,37226846285798.2,"unfloored empirical",8.63
"noisy_grouping",0.7,2,"Pooled-pruned","support-kernel compression","beta=0.02, qmax=0.10",0.02,0.001,0.001,0.1,FALSE,"post-prune",0.11216038312077,0.0447135143265877,0.0364098232366264,6.77236045021345e-15,0.00100002445364122,8.52014743866203,17.6657902360582,2,1.07170579932826,2,219,0.214950313267578,0.103973529041348,"objective_converged_kkt_warning",80,0.0102788657694273,0.00529494270521378,0,0,0,0,37202390574642.8,"unfloored empirical",8.63
"noisy_grouping",0.7,2,"Pooled union","support-kernel compression","beta=0.02, qmax=0.25",0.02,0.001,0.001,0.25,FALSE,"pre-prune",0.13488627790289,0.0643230268624733,0.0516626760506808,9.54791801177635e-15,0.0549597965104788,8.8565162822506,1683.8913171744,218,39.2338008385941,218,283,0.236854407710726,0.414381912523929,"max_iter_reached",80,0.0056064037604821,0.00529494270521378,0,0,0,0,37226846285798.2,"unfloored empirical",8.61000000000001
"noisy_grouping",0.7,2,"Pooled-pruned","support-kernel compression","beta=0.02, qmax=0.25",0.02,0.001,0.001,0.25,FALSE,"post-prune",0.11216038312077,0.0447135143265877,0.0364098232366264,6.77236045021345e-15,0.00100002445364122,8.52014743866203,17.6657902360582,2,1.07170579932826,2,219,0.214950313267578,0.103973529041348,"objective_converged_kkt_warning",80,0.0102788657694273,0.00529494270521378,0,0,0,0,37202390574642.8,"unfloored empirical",8.61000000000001
"noisy_grouping",0.7,2,"Pooled union","support-kernel compression","beta=0.02, qmax=0.50",0.02,0.001,0.001,0.5,FALSE,"pre-prune",0.13488627790289,0.0643230268624733,0.0516626760506808,9.54791801177635e-15,0.0549597965104788,8.8565162822506,1683.8913171744,218,39.2338008385941,218,283,0.236854407710726,0.414381912523929,"max_iter_reached",80,0.0056064037604821,0.00529494270521378,0,0,0,0,37226846285798.2,"unfloored empirical",8.54000000000008
"noisy_grouping",0.7,2,"Pooled-pruned","support-kernel compression","beta=0.02, qmax=0.50",0.02,0.001,0.001,0.5,FALSE,"post-prune",0.11216038312077,0.0447135143265877,0.0364098232366264,6.77236045021345e-15,0.00100002445364122,8.52014743866203,17.6657902360582,2,1.07170579932826,2,219,0.214950313267578,0.103973529041348,"objective_converged_kkt_warning",80,0.0102788657694273,0.00529494270521378,0,0,0,0,37202390574642.8,"unfloored empirical",8.54000000000008
"noisy_grouping",0.7,3,"Pooled union","support-kernel compression","beta=0.02, qmax=0.05",0.02,0.001,0.001,0.05,FALSE,"pre-prune",0.114263745976214,0.0464664208798045,0.0389860639479141,8.99280649946377e-15,0.0015159525443179,9.19077403548608,81.9220711942219,9,4.13307368897971,9,285,0.22879090155317,0.179749251251106,"objective_converged_kkt_warning",80,0.0243149172259541,0.00489983561784256,0,0,0,0,37267599193546.8,"unfloored empirical",4.69000000000005
"noisy_grouping",0.7,3,"Pooled-pruned","support-kernel compression","beta=0.02, qmax=0.05",0.02,0.001,0.001,0.05,FALSE,"post-prune",0.114259649141372,0.0464667391992643,0.0389806054274205,9.2148511043888e-15,0.00100000009990278,9.18870992126796,55.0768122498546,6,4.10363743904797,6,7,0.228784324155292,0.00807040610580723,"objective_converged_kkt_warning",80,1.0252798471333e-08,0.502619885553284,0,0,0,0,37267288024015.5,"unfloored empirical",4.69000000000005
"noisy_grouping",0.7,3,"Pooled union","support-kernel compression","beta=0.02, qmax=0.10",0.02,0.001,0.001,0.1,FALSE,"pre-prune",0.132293779243904,0.0626125340089942,0.0539982305604205,9.88098491916389e-15,0.001,9.18870992034474,9.17946870830909,1,1,1,285,0.246378825160777,0.0667792512965065,"objective_converged_kkt_warning",80,0.00837084208143835,0.00489983561784256,0,0,0,0,37242395633183.9,"unfloored empirical",10.89
"noisy_grouping",0.7,3,"Pooled-pruned","support-kernel compression","beta=0.02, qmax=0.10",0.02,0.001,0.001,0.1,FALSE,"post-prune",0.132293779230674,0.0626125339931545,0.0539982305487595,9.76996261670138e-15,0.0010000000999,9.18870992126794,9.17946870830909,1,1,1,2,0.246378825162711,0,"converged",1,1.93436933138003e-12,0.51845844387411,0,0,0,0,37242395633183.9,"unfloored empirical",10.89
"noisy_grouping",0.7,3,"Pooled union","support-kernel compression","beta=0.02, qmax=0.25",0.02,0.001,0.001,0.25,FALSE,"pre-prune",0.132293779243904,0.0626125340089942,0.0539982305604205,9.88098491916389e-15,0.001,9.18870992034474,9.17946870830909,1,1,1,285,0.246378825160777,0.0667792512965065,"objective_converged_kkt_warning",80,0.0085864103681409,0.00489983561784256,0,0,0,0,37242395633183.9,"unfloored empirical",11.66
"noisy_grouping",0.7,3,"Pooled-pruned","support-kernel compression","beta=0.02, qmax=0.25",0.02,0.001,0.001,0.25,FALSE,"post-prune",0.132293779230674,0.0626125339931545,0.0539982305487595,9.76996261670138e-15,0.0010000000999,9.18870992126794,9.17946870830909,1,1,1,2,0.246378825162711,0,"converged",1,1.93436933138003e-12,0.51845844387411,0,0,0,0,37242395633183.9,"unfloored empirical",11.66
"noisy_grouping",0.7,3,"Pooled union","support-kernel compression","beta=0.02, qmax=0.50",0.02,0.001,0.001,0.5,FALSE,"pre-prune",0.132293779243904,0.0626125340089942,0.0539982305604205,9.88098491916389e-15,0.001,9.18870992034474,9.17946870830909,1,1,1,285,0.246378825160777,0.0667792512965065,"objective_converged_kkt_warning",80,0.0085864103681409,0.00489983561784256,0,0,0,0,37242395633183.9,"unfloored empirical",11.37
"noisy_grouping",0.7,3,"Pooled-pruned","support-kernel compression","beta=0.02, qmax=0.50",0.02,0.001,0.001,0.5,FALSE,"post-prune",0.132293779230674,0.0626125339931545,0.0539982305487595,9.76996261670138e-15,0.0010000000999,9.18870992126794,9.17946870830909,1,1,1,2,0.246378825162711,0,"converged",1,1.93436933138003e-12,0.51845844387411,0,0,0,0,37242395633183.9,"unfloored empirical",11.37
"noisy_grouping",0.9,1,"Pooled union","support-kernel compression","beta=0.02, qmax=0.05",0.02,0.001,0.001,0.05,FALSE,"pre-prune",0.137122950162567,0.0603184520305762,0.0501736046813131,7.43849426498855e-15,0.001,8.31307222388154,99.0433689490437,12,10.9333574621016,12,295,0.224134844812481,0.0953851854299221,"objective_converged_kkt_warning",80,0.0205125843507453,0,4.91060660817504e-15,0,4.91060660817504e-15,0,37243556922695.4,"unfloored empirical",13
"noisy_grouping",0.9,1,"Pooled-pruned","support-kernel compression","beta=0.02, qmax=0.05",0.02,0.001,0.001,0.05,FALSE,"post-prune",0.137096747003058,0.0602871554660212,0.0501508183317534,2.22044604925031e-15,0.00100000009990017,8.31431795209291,99.0433689490437,12,10.9074021971881,12,13,0.22413676622294,0.000361968223659082,"objective_converged_kkt_warning",1,6.17052298146348e-10,0.00535807822756531,0,0,0,0,37243556922695.4,"unfloored empirical",13
"noisy_grouping",0.9,1,"Pooled union","support-kernel compression","beta=0.02, qmax=0.10",0.02,0.001,0.001,0.1,FALSE,"pre-prune",0.137040519122947,0.0604270247601253,0.0503200004199819,1.54987134237672e-13,0.00100076897119701,8.31992229933643,90.5570474212945,11,9.72391429590486,11,295,0.224516428423003,0.246475234443697,"objective_converged_kkt_warning",80,0.0208166115588494,0,1.53729082061597e-13,0,1.53729082061597e-13,0,37243556922695.4,"unfloored empirical",12.72
"noisy_grouping",0.9,1,"Pooled-pruned","support-kernel compression","beta=0.02, qmax=0.10",0.02,0.001,0.001,0.1,FALSE,"post-prune",0.136983671219025,0.0603685610782069,0.0502762043336348,2.1094237467878e-15,0.00100000009990086,8.3228537134904,83.4669705855184,10,9.67222523775267,10,11,0.22453453857488,0.000838298349487676,"objective_converged_kkt_warning",2,1.00256936086396e-09,0.00535970009732379,0,0,0,0,37243556922695.4,"unfloored empirical",12.72
"noisy_grouping",0.9,1,"Pooled union","support-kernel compression","beta=0.02, qmax=0.25",0.02,0.001,0.001,0.25,FALSE,"pre-prune",0.137040519122947,0.0604270247601253,0.0503200004199819,1.54987134237672e-13,0.00100076897119701,8.31992229933643,90.5570474212945,11,9.72391429590486,11,295,0.224516428423003,0.246475234443697,"objective_converged_kkt_warning",80,0.0208166115588494,0,1.53729082061597e-13,0,1.53729082061597e-13,0,37243556922695.4,"unfloored empirical",13.3899999999999
"noisy_grouping",0.9,1,"Pooled-pruned","support-kernel compression","beta=0.02, qmax=0.25",0.02,0.001,0.001,0.25,FALSE,"post-prune",0.136983671219025,0.0603685610782069,0.0502762043336348,2.1094237467878e-15,0.00100000009990086,8.3228537134904,83.4669705855184,10,9.67222523775267,10,11,0.22453453857488,0.000838298349487676,"objective_converged_kkt_warning",2,1.00256936086396e-09,0.00535970009732379,0,0,0,0,37243556922695.4,"unfloored empirical",13.3899999999999
"noisy_grouping",0.9,1,"Pooled union","support-kernel compression","beta=0.02, qmax=0.50",0.02,0.001,0.001,0.5,FALSE,"pre-prune",0.137040519122947,0.0604270247601253,0.0503200004199819,1.54987134237672e-13,0.00100076897119701,8.31992229933643,90.5570474212945,11,9.72391429590486,11,295,0.224516428423003,0.246475234443697,"objective_converged_kkt_warning",80,0.0208166115588494,0,1.53729082061597e-13,0,1.53729082061597e-13,0,37243556922695.4,"unfloored empirical",12.3899999999999
"noisy_grouping",0.9,1,"Pooled-pruned","support-kernel compression","beta=0.02, qmax=0.50",0.02,0.001,0.001,0.5,FALSE,"post-prune",0.136983671219025,0.0603685610782069,0.0502762043336348,2.1094237467878e-15,0.00100000009990086,8.3228537134904,83.4669705855184,10,9.67222523775267,10,11,0.22453453857488,0.000838298349487676,"objective_converged_kkt_warning",2,1.00256936086396e-09,0.00535970009732379,0,0,0,0,37243556922695.4,"unfloored empirical",12.3899999999999
"noisy_grouping",0.9,2,"Pooled union","support-kernel compression","beta=0.02, qmax=0.05",0.02,0.001,0.001,0.05,FALSE,"pre-prune",0.110246123245697,0.0411374676283904,0.0349165617792531,1.38777878078145e-14,0.0010138724030225,9.15600650093626,64.2562809581637,7,4.53202858943878,7,292,0.222649839919262,0.263034919544443,"objective_converged_kkt_warning",80,0.0210749774312865,0.00383332465560512,0,0,0,0,36979354146341.8,"unfloored empirical",4.27999999999997
"noisy_grouping",0.9,2,"Pooled-pruned","support-kernel compression","beta=0.02, qmax=0.05",0.02,0.001,0.001,0.05,FALSE,"post-prune",0.110076730322256,0.0410458793484176,0.0348388872816627,1.40998324127395e-14,0.00100000009989792,9.15962776333213,46.5904907221054,5,4.47246725048983,5,6,0.222682082557397,0.000636711747420859,"objective_converged_kkt_warning",4,1.4237956313945e-08,0.232520467006469,0,0,0,0,36979354146341.8,"unfloored empirical",4.27999999999997
"noisy_grouping",0.9,2,"Pooled union","support-kernel compression","beta=0.02, qmax=0.10",0.02,0.001,0.001,0.1,FALSE,"pre-prune",0.110246123245697,0.0411374676283904,0.0349165617792531,1.38777878078145e-14,0.0010138724030225,9.15600650093626,64.2562809581637,7,4.53202858943878,7,292,0.222649839919262,0.263034919544443,"objective_converged_kkt_warning",80,0.0210749774312865,0.00383332465560512,0,0,0,0,36979354146341.8,"unfloored empirical",5.75
"noisy_grouping",0.9,2,"Pooled-pruned","support-kernel compression","beta=0.02, qmax=0.10",0.02,0.001,0.001,0.1,FALSE,"post-prune",0.110076730322256,0.0410458793484176,0.0348388872816627,1.40998324127395e-14,0.00100000009989792,9.15962776333213,46.5904907221054,5,4.47246725048983,5,6,0.222682082557397,0.000636711747420859,"objective_converged_kkt_warning",4,1.4237956313945e-08,0.232520467006469,0,0,0,0,36979354146341.8,"unfloored empirical",5.75
"noisy_grouping",0.9,2,"Pooled union","support-kernel compression","beta=0.02, qmax=0.25",0.02,0.001,0.001,0.25,FALSE,"pre-prune",0.110246123245697,0.0411374676283904,0.0349165617792531,1.38777878078145e-14,0.0010138724030225,9.15600650093626,64.2562809581637,7,4.53202858943878,7,292,0.222649839919262,0.263034919544443,"objective_converged_kkt_warning",80,0.0210749774312865,0.00383332465560512,0,0,0,0,36979354146341.8,"unfloored empirical",5.07999999999993
"noisy_grouping",0.9,2,"Pooled-pruned","support-kernel compression","beta=0.02, qmax=0.25",0.02,0.001,0.001,0.25,FALSE,"post-prune",0.110076730322256,0.0410458793484176,0.0348388872816627,1.40998324127395e-14,0.00100000009989792,9.15962776333213,46.5904907221054,5,4.47246725048983,5,6,0.222682082557397,0.000636711747420859,"objective_converged_kkt_warning",4,1.4237956313945e-08,0.232520467006469,0,0,0,0,36979354146341.8,"unfloored empirical",5.07999999999993
"noisy_grouping",0.9,2,"Pooled union","support-kernel compression","beta=0.02, qmax=0.50",0.02,0.001,0.001,0.5,FALSE,"pre-prune",0.110246123245697,0.0411374676283904,0.0349165617792531,1.38777878078145e-14,0.0010138724030225,9.15600650093626,64.2562809581637,7,4.53202858943878,7,292,0.222649839919262,0.263034919544443,"objective_converged_kkt_warning",80,0.0210749774312865,0.00383332465560512,0,0,0,0,36979354146341.8,"unfloored empirical",5.00999999999999
"noisy_grouping",0.9,2,"Pooled-pruned","support-kernel compression","beta=0.02, qmax=0.50",0.02,0.001,0.001,0.5,FALSE,"post-prune",0.110076730322256,0.0410458793484176,0.0348388872816627,1.40998324127395e-14,0.00100000009989792,9.15962776333213,46.5904907221054,5,4.47246725048983,5,6,0.222682082557397,0.000636711747420859,"objective_converged_kkt_warning",4,1.4237956313945e-08,0.232520467006469,0,0,0,0,36979354146341.8,"unfloored empirical",5.00999999999999
"noisy_grouping",0.9,3,"Pooled union","support-kernel compression","beta=0.02, qmax=0.05",0.02,0.001,0.001,0.05,FALSE,"pre-prune",0.121762972947775,0.0592484561124462,0.0464108247585936,3.41393580072236e-13,0.00100421937260127,8.49731481925883,33.9452861109966,4,3.79992887469369,4,319,0.227792304173045,1.32506400262116,"objective_converged_kkt_warning",80,0.0265003087283967,0,3.00405804478565e-13,0,3.00405804478565e-13,0,36017140305447.6,"unfloored empirical",9.63999999999987
"noisy_grouping",0.9,3,"Pooled-pruned","support-kernel compression","beta=0.02, qmax=0.05",0.02,0.001,0.001,0.05,FALSE,"post-prune",0.121683240570915,0.0592425281909052,0.0464043064301182,4.10782519111308e-14,0.00100702095085593,8.49632563561319,33.9452861109966,4,3.76442751429254,4,5,0.227806776665252,0.0191315142475817,"objective_converged_kkt_warning",1,7.01398705782452e-09,0.286325599621573,0,0,0,0,36017140305447.6,"unfloored empirical",9.63999999999987
"noisy_grouping",0.9,3,"Pooled union","support-kernel compression","beta=0.02, qmax=0.10",0.02,0.001,0.001,0.1,FALSE,"pre-prune",0.121709504849077,0.0592674485325822,0.0464180077320062,2.18269846641306e-13,0.0010025907019309,8.49626568287735,33.9452861109966,4,3.78715762653227,4,319,0.227810071587415,1.32821887473434,"objective_converged_kkt_warning",80,0.0268489986840174,0,1.77854834704008e-13,0,1.77854834704008e-13,0,36017140305447.6,"unfloored empirical",11.01
"noisy_grouping",0.9,3,"Pooled-pruned","support-kernel compression","beta=0.02, qmax=0.10",0.02,0.001,0.001,0.1,FALSE,"post-prune",0.121657879824636,0.0592460637051013,0.0464004235123101,4.08562073062058e-14,0.00100255796104143,8.4962812986692,33.9452861109966,4,3.77304072903635,4,5,0.22780796872978,0.0191037885707191,"objective_converged_kkt_warning",1,5.15180825777506e-09,0.286325599621573,0,0,0,0,36017140305447.6,"unfloored empirical",11.01
"noisy_grouping",0.9,3,"Pooled union","support-kernel compression","beta=0.02, qmax=0.25",0.02,0.001,0.001,0.25,FALSE,"pre-prune",0.121704609937229,0.0592430807871817,0.0464035322772519,4.10782519111308e-14,0.001,8.49625588696535,33.9452861109966,4,3.76078781436754,4,319,0.227806453315788,1.14117865841515,"objective_converged_kkt_warning",80,0.0269706181587095,0,2.7532542259301e-31,0,2.7532542259301e-31,0,36017140305447.6,"unfloored empirical",16.03
"noisy_grouping",0.9,3,"Pooled-pruned","support-kernel compression","beta=0.02, qmax=0.25",0.02,0.001,0.001,0.25,FALSE,"post-prune",0.121704610089542,0.0592430807649882,0.0464035322633878,4.09672296086683e-14,0.0010000000999,8.4962558879578,33.9452861109966,4,3.76078778094638,4,5,0.227806453317678,3.11330317859237e-07,"converged",1,1.89112614457088e-12,0.286325599621573,0,0,0,0,36017140305447.6,"unfloored empirical",16.03
"noisy_grouping",0.9,3,"Pooled union","support-kernel compression","beta=0.02, qmax=0.50",0.02,0.001,0.001,0.5,FALSE,"pre-prune",0.121704609937229,0.0592430807871817,0.0464035322772519,4.10782519111308e-14,0.001,8.49625588696535,33.9452861109966,4,3.76078781436754,4,319,0.227806453315788,1.14117865841515,"objective_converged_kkt_warning",80,0.0269706181587095,0,2.7532542259301e-31,0,2.7532542259301e-31,0,36017140305447.6,"unfloored empirical",15.6299999999999
"noisy_grouping",0.9,3,"Pooled-pruned","support-kernel compression","beta=0.02, qmax=0.50",0.02,0.001,0.001,0.5,FALSE,"post-prune",0.121704610089542,0.0592430807649882,0.0464035322633878,4.09672296086683e-14,0.0010000000999,8.4962558879578,33.9452861109966,4,3.76078778094638,4,5,0.227806453317678,3.11330317859237e-07,"converged",1,1.89112614457088e-12,0.286325599621573,0,0,0,0,36017140305447.6,"unfloored empirical",15.6299999999999
"one_representative",0.7,1,"Pooled union","support-kernel compression","beta=0.02, qmax=0.05",0.02,0.001,0.001,0.05,FALSE,"pre-prune",0.109140248235364,0.0360316321262088,0.0316733992055251,9.32587340685131e-15,0.00100000223824183,8.69329907415083,44.5110491804256,5,3.33201812846765,5,277,0.208551034475317,0.181417025664263,"objective_converged_kkt_warning",80,0.024775951927871,0.00517056137698283,0,0,0,0,37266079154984,"unfloored empirical",5.16000000000008
"one_representative",0.7,1,"Pooled-pruned","support-kernel compression","beta=0.02, qmax=0.05",0.02,0.001,0.001,0.05,FALSE,"post-prune",0.10913582755021,0.0360319327278303,0.0316733218193305,9.10382880192628e-15,0.00100000009990044,8.69302316752043,44.5110491804256,5,3.32666368202667,5,6,0.20855266203584,0.00168424637101272,"objective_converged_kkt_warning",1,2.9436741655342e-09,0.335712361448754,0,0,0,0,37266079154984,"unfloored empirical",5.16000000000008
"one_representative",0.7,1,"Pooled union","support-kernel compression","beta=0.02, qmax=0.10",0.02,0.001,0.001,0.1,FALSE,"pre-prune",0.109140248235364,0.0360316321262088,0.0316733992055251,9.32587340685131e-15,0.00100000223824183,8.69329907415083,44.5110491804256,5,3.33201812846765,5,277,0.208551034475317,0.181417025664263,"objective_converged_kkt_warning",80,0.024775951927871,0.00517056137698283,0,0,0,0,37266079154984,"unfloored empirical",5.11000000000013
"one_representative",0.7,1,"Pooled-pruned","support-kernel compression","beta=0.02, qmax=0.10",0.02,0.001,0.001,0.1,FALSE,"post-prune",0.10913582755021,0.0360319327278303,0.0316733218193305,9.10382880192628e-15,0.00100000009990044,8.69302316752043,44.5110491804256,5,3.32666368202667,5,6,0.20855266203584,0.00168424637101272,"objective_converged_kkt_warning",1,2.9436741655342e-09,0.335712361448754,0,0,0,0,37266079154984,"unfloored empirical",5.11000000000013
"one_representative",0.7,1,"Pooled union","support-kernel compression","beta=0.02, qmax=0.25",0.02,0.001,0.001,0.25,FALSE,"pre-prune",0.109140248235364,0.0360316321262088,0.0316733992055251,9.32587340685131e-15,0.00100000223824183,8.69329907415083,44.5110491804256,5,3.33201812846765,5,277,0.208551034475317,0.181417025664263,"objective_converged_kkt_warning",80,0.024775951927871,0.00517056137698283,0,0,0,0,37266079154984,"unfloored empirical",5.02999999999997
"one_representative",0.7,1,"Pooled-pruned","support-kernel compression","beta=0.02, qmax=0.25",0.02,0.001,0.001,0.25,FALSE,"post-prune",0.10913582755021,0.0360319327278303,0.0316733218193305,9.10382880192628e-15,0.00100000009990044,8.69302316752043,44.5110491804256,5,3.32666368202667,5,6,0.20855266203584,0.00168424637101272,"objective_converged_kkt_warning",1,2.9436741655342e-09,0.335712361448754,0,0,0,0,37266079154984,"unfloored empirical",5.02999999999997
"one_representative",0.7,1,"Pooled union","support-kernel compression","beta=0.02, qmax=0.50",0.02,0.001,0.001,0.5,FALSE,"pre-prune",0.109140248235364,0.0360316321262088,0.0316733992055251,9.32587340685131e-15,0.00100000223824183,8.69329907415083,44.5110491804256,5,3.33201812846765,5,277,0.208551034475317,0.181417025664263,"objective_converged_kkt_warning",80,0.024775951927871,0.00517056137698283,0,0,0,0,37266079154984,"unfloored empirical",4.22000000000003
"one_representative",0.7,1,"Pooled-pruned","support-kernel compression","beta=0.02, qmax=0.50",0.02,0.001,0.001,0.5,FALSE,"post-prune",0.10913582755021,0.0360319327278303,0.0316733218193305,9.10382880192628e-15,0.00100000009990044,8.69302316752043,44.5110491804256,5,3.32666368202667,5,6,0.20855266203584,0.00168424637101272,"objective_converged_kkt_warning",1,2.9436741655342e-09,0.335712361448754,0,0,0,0,37266079154984,"unfloored empirical",4.22000000000003
"one_representative",0.7,2,"Pooled union","support-kernel compression","beta=0.02, qmax=0.05",0.02,0.001,0.001,0.05,FALSE,"pre-prune",0.104849835248182,0.0383843387479907,0.0332634276453275,1.29896093881143e-14,0.00100000000010484,8.99614425735186,55.0768122498546,6,4.20449600684416,6,262,0.21680287567299,0.0378449404191771,"objective_converged_kkt_warning",80,0.019425988863395,0.0028915300017647,0,0,0,0,37166938398203.6,"unfloored empirical",3.90999999999985
"one_representative",0.7,2,"Pooled-pruned","support-kernel compression","beta=0.02, qmax=0.05",0.02,0.001,0.001,0.05,FALSE,"post-prune",0.104964772354374,0.0384321354936919,0.0333056677182277,1.32116539930394e-14,0.00100000009993518,8.99300693932341,45.2041963609855,5,4.15876031456975,5,6,0.216817580914592,0.000452609776052215,"objective_converged_kkt_warning",2,8.85616087742402e-07,0.256914526043892,0,0,0,0,37166938398203.6,"unfloored empirical",3.90999999999985
"one_representative",0.7,2,"Pooled union","support-kernel compression","beta=0.02, qmax=0.10",0.02,0.001,0.001,0.1,FALSE,"pre-prune",0.104849835248182,0.0383843387479907,0.0332634276453275,1.29896093881143e-14,0.00100000000010484,8.99614425735186,55.0768122498546,6,4.20449600684416,6,262,0.21680287567299,0.0378449404191771,"objective_converged_kkt_warning",80,0.019425988863395,0.0028915300017647,0,0,0,0,37166938398203.6,"unfloored empirical",3.5
"one_representative",0.7,2,"Pooled-pruned","support-kernel compression","beta=0.02, qmax=0.10",0.02,0.001,0.001,0.1,FALSE,"post-prune",0.104964772354374,0.0384321354936919,0.0333056677182277,1.32116539930394e-14,0.00100000009993518,8.99300693932341,45.2041963609855,5,4.15876031456975,5,6,0.216817580914592,0.000452609776052215,"objective_converged_kkt_warning",2,8.85616087742402e-07,0.256914526043892,0,0,0,0,37166938398203.6,"unfloored empirical",3.5
"one_representative",0.7,2,"Pooled union","support-kernel compression","beta=0.02, qmax=0.25",0.02,0.001,0.001,0.25,FALSE,"pre-prune",0.104849835248182,0.0383843387479907,0.0332634276453275,1.29896093881143e-14,0.00100000000010484,8.99614425735186,55.0768122498546,6,4.20449600684416,6,262,0.21680287567299,0.0378449404191771,"objective_converged_kkt_warning",80,0.019425988863395,0.0028915300017647,0,0,0,0,37166938398203.6,"unfloored empirical",3.49000000000001
"one_representative",0.7,2,"Pooled-pruned","support-kernel compression","beta=0.02, qmax=0.25",0.02,0.001,0.001,0.25,FALSE,"post-prune",0.104964772354374,0.0384321354936919,0.0333056677182277,1.32116539930394e-14,0.00100000009993518,8.99300693932341,45.2041963609855,5,4.15876031456975,5,6,0.216817580914592,0.000452609776052215,"objective_converged_kkt_warning",2,8.85616087742402e-07,0.256914526043892,0,0,0,0,37166938398203.6,"unfloored empirical",3.49000000000001
"one_representative",0.7,2,"Pooled union","support-kernel compression","beta=0.02, qmax=0.50",0.02,0.001,0.001,0.5,FALSE,"pre-prune",0.104849835248182,0.0383843387479907,0.0332634276453275,1.29896093881143e-14,0.00100000000010484,8.99614425735186,55.0768122498546,6,4.20449600684416,6,262,0.21680287567299,0.0378449404191771,"objective_converged_kkt_warning",80,0.019425988863395,0.0028915300017647,0,0,0,0,37166938398203.6,"unfloored empirical",3.74000000000001
"one_representative",0.7,2,"Pooled-pruned","support-kernel compression","beta=0.02, qmax=0.50",0.02,0.001,0.001,0.5,FALSE,"post-prune",0.104964772354374,0.0384321354936919,0.0333056677182277,1.32116539930394e-14,0.00100000009993518,8.99300693932341,45.2041963609855,5,4.15876031456975,5,6,0.216817580914592,0.000452609776052215,"objective_converged_kkt_warning",2,8.85616087742402e-07,0.256914526043892,0,0,0,0,37166938398203.6,"unfloored empirical",3.74000000000001
"one_representative",0.7,3,"Pooled union","support-kernel compression","beta=0.02, qmax=0.05",0.02,0.001,0.001,0.05,FALSE,"pre-prune",0.0990938552263504,0.0344984291230521,0.0296200385320471,1.45439216225896e-14,0.00100343164235955,9.18093394781679,73.4357496664728,8,5.91900930453605,8,271,0.216262278261982,0.259352707275187,"objective_converged_kkt_warning",80,0.0193887921300924,0.00354880576349034,0,0,0,0,37267051851695.8,"unfloored empirical",4.25
"one_representative",0.7,3,"Pooled-pruned","support-kernel compression","beta=0.02, qmax=0.05",0.02,0.001,0.001,0.05,FALSE,"post-prune",0.0990112620442093,0.0344120138945943,0.029545904464424,1.47659662275146e-14,0.00100000009990129,9.18168311358595,63.5631337776037,7,5.85622886771552,7,8,0.216230040854199,0.0105532703270775,"objective_converged_kkt_warning",2,1.57556351021437e-08,0.27067440804115,0,0,0,0,37267051851695.8,"unfloored empirical",4.25
"one_representative",0.7,3,"Pooled union","support-kernel compression","beta=0.02, qmax=0.10",0.02,0.001,0.001,0.1,FALSE,"pre-prune",0.0990938552263504,0.0344984291230521,0.0296200385320471,1.45439216225896e-14,0.00100343164235955,9.18093394781679,73.4357496664728,8,5.91900930453605,8,271,0.216262278261982,0.259352707275187,"objective_converged_kkt_warning",80,0.0193887921300924,0.00354880576349034,0,0,0,0,37267051851695.8,"unfloored empirical",4.38000000000011
"one_representative",0.7,3,"Pooled-pruned","support-kernel compression","beta=0.02, qmax=0.10",0.02,0.001,0.001,0.1,FALSE,"post-prune",0.0990112620442093,0.0344120138945943,0.029545904464424,1.47659662275146e-14,0.00100000009990129,9.18168311358595,63.5631337776037,7,5.85622886771552,7,8,0.216230040854199,0.0105532703270775,"objective_converged_kkt_warning",2,1.57556351021437e-08,0.27067440804115,0,0,0,0,37267051851695.8,"unfloored empirical",4.38000000000011
"one_representative",0.7,3,"Pooled union","support-kernel compression","beta=0.02, qmax=0.25",0.02,0.001,0.001,0.25,FALSE,"pre-prune",0.0990938552263504,0.0344984291230521,0.0296200385320471,1.45439216225896e-14,0.00100343164235955,9.18093394781679,73.4357496664728,8,5.91900930453605,8,271,0.216262278261982,0.259352707275187,"objective_converged_kkt_warning",80,0.0193887921300924,0.00354880576349034,0,0,0,0,37267051851695.8,"unfloored empirical",4.16999999999985
"one_representative",0.7,3,"Pooled-pruned","support-kernel compression","beta=0.02, qmax=0.25",0.02,0.001,0.001,0.25,FALSE,"post-prune",0.0990112620442093,0.0344120138945943,0.029545904464424,1.47659662275146e-14,0.00100000009990129,9.18168311358595,63.5631337776037,7,5.85622886771552,7,8,0.216230040854199,0.0105532703270775,"objective_converged_kkt_warning",2,1.57556351021437e-08,0.27067440804115,0,0,0,0,37267051851695.8,"unfloored empirical",4.16999999999985
"one_representative",0.7,3,"Pooled union","support-kernel compression","beta=0.02, qmax=0.50",0.02,0.001,0.001,0.5,FALSE,"pre-prune",0.0990938552263504,0.0344984291230521,0.0296200385320471,1.45439216225896e-14,0.00100343164235955,9.18093394781679,73.4357496664728,8,5.91900930453605,8,271,0.216262278261982,0.259352707275187,"objective_converged_kkt_warning",80,0.0193887921300924,0.00354880576349034,0,0,0,0,37267051851695.8,"unfloored empirical",4.32999999999993
"one_representative",0.7,3,"Pooled-pruned","support-kernel compression","beta=0.02, qmax=0.50",0.02,0.001,0.001,0.5,FALSE,"post-prune",0.0990112620442093,0.0344120138945943,0.029545904464424,1.47659662275146e-14,0.00100000009990129,9.18168311358595,63.5631337776037,7,5.85622886771552,7,8,0.216230040854199,0.0105532703270775,"objective_converged_kkt_warning",2,1.57556351021437e-08,0.27067440804115,0,0,0,0,37267051851695.8,"unfloored empirical",4.32999999999993
"one_representative",0.9,1,"Pooled union","support-kernel compression","beta=0.02, qmax=0.05",0.02,0.001,0.001,0.05,FALSE,"pre-prune",0.106764720843973,0.0520343784725755,0.0406191538729062,9.43689570931383e-15,0.00100040288063599,7.94666730088728,110.43103323665,14,9.85117118926951,14,290,0.208550096474663,0.250119793680698,"objective_converged_kkt_warning",80,0.0152922135842411,0.00570174761954589,0,0,0,0,36677666530718.5,"unfloored empirical",14.8299999999999
"one_representative",0.9,1,"Pooled-pruned","support-kernel compression","beta=0.02, qmax=0.05",0.02,0.001,0.001,0.05,FALSE,"post-prune",0.106671903782984,0.0519030924294493,0.0405306879060786,9.32587340685131e-15,0.00100000009989945,7.95112254774497,103.340956400874,13,9.70022072639151,13,14,0.20856564422358,0.00338037620890397,"objective_converged_kkt_warning",3,1.38071084843094e-08,0.00578983117187452,0,0,0,0,36677666530718.5,"unfloored empirical",14.8299999999999
"one_representative",0.9,1,"Pooled union","support-kernel compression","beta=0.02, qmax=0.10",0.02,0.001,0.001,0.1,FALSE,"pre-prune",0.106764720843973,0.0520343784725755,0.0406191538729062,9.43689570931383e-15,0.00100040288063599,7.94666730088728,110.43103323665,14,9.85117118926951,14,290,0.208550096474663,0.250119793680698,"objective_converged_kkt_warning",80,0.0152922135842411,0.00570174761954589,0,0,0,0,36677666530718.5,"unfloored empirical",14.8199999999999
"one_representative",0.9,1,"Pooled-pruned","support-kernel compression","beta=0.02, qmax=0.10",0.02,0.001,0.001,0.1,FALSE,"post-prune",0.106671903782984,0.0519030924294493,0.0405306879060786,9.32587340685131e-15,0.00100000009989945,7.95112254774497,103.340956400874,13,9.70022072639151,13,14,0.20856564422358,0.00338037620890397,"objective_converged_kkt_warning",3,1.38071084843094e-08,0.00578983117187452,0,0,0,0,36677666530718.5,"unfloored empirical",14.8199999999999
"one_representative",0.9,1,"Pooled union","support-kernel compression","beta=0.02, qmax=0.25",0.02,0.001,0.001,0.25,FALSE,"pre-prune",0.106764720843973,0.0520343784725755,0.0406191538729062,9.43689570931383e-15,0.00100040288063599,7.94666730088728,110.43103323665,14,9.85117118926951,14,290,0.208550096474663,0.250119793680698,"objective_converged_kkt_warning",80,0.0152922135842411,0.00570174761954589,0,0,0,0,36677666530718.5,"unfloored empirical",14.55
"one_representative",0.9,1,"Pooled-pruned","support-kernel compression","beta=0.02, qmax=0.25",0.02,0.001,0.001,0.25,FALSE,"post-prune",0.106671903782984,0.0519030924294493,0.0405306879060786,9.32587340685131e-15,0.00100000009989945,7.95112254774497,103.340956400874,13,9.70022072639151,13,14,0.20856564422358,0.00338037620890397,"objective_converged_kkt_warning",3,1.38071084843094e-08,0.00578983117187452,0,0,0,0,36677666530718.5,"unfloored empirical",14.55
"one_representative",0.9,1,"Pooled union","support-kernel compression","beta=0.02, qmax=0.50",0.02,0.001,0.001,0.5,FALSE,"pre-prune",0.106764720843973,0.0520343784725755,0.0406191538729062,9.43689570931383e-15,0.00100040288063599,7.94666730088728,110.43103323665,14,9.85117118926951,14,290,0.208550096474663,0.250119793680698,"objective_converged_kkt_warning",80,0.0152922135842411,0.00570174761954589,0,0,0,0,36677666530718.5,"unfloored empirical",14.73
"one_representative",0.9,1,"Pooled-pruned","support-kernel compression","beta=0.02, qmax=0.50",0.02,0.001,0.001,0.5,FALSE,"post-prune",0.106671903782984,0.0519030924294493,0.0405306879060786,9.32587340685131e-15,0.00100000009989945,7.95112254774497,103.340956400874,13,9.70022072639151,13,14,0.20856564422358,0.00338037620890397,"objective_converged_kkt_warning",3,1.38071084843094e-08,0.00578983117187452,0,0,0,0,36677666530718.5,"unfloored empirical",14.73
"one_representative",0.9,2,"Pooled union","support-kernel compression","beta=0.02, qmax=0.05",0.02,0.001,0.001,0.05,TRUE,"pre-prune",0.168396904509929,0.0903960911818111,0.0788267430237174,2.1538326677728e-14,0.05,9.20726933647886,1719.30029492371,220,31.8004679954768,220,323,0.270142216611457,0.434928643292208,"max_iter_reached",80,0.00285831114230273,0.00421912961118152,0,0,0,0,37001366276059.3,"unfloored empirical",35.5500000000002
"one_representative",0.9,2,"Pooled-pruned","support-kernel compression","beta=0.02, qmax=0.05",0.02,0.001,0.001,0.05,TRUE,"post-prune",0.16297204084752,0.0858164643409187,0.0748334193637416,2.75335310107039e-14,0.05,9.00343058864034,606.434204232039,73,18.7195488125424,73,254,0.262132005242041,0.139760385910333,"objective_converged_kkt_warning",80,0.000395939569094672,0.00421912961118152,0,0,0,0,37001366276059.3,"unfloored empirical",35.5500000000002
"one_representative",0.9,2,"Pooled union","support-kernel compression","beta=0.02, qmax=0.10",0.02,0.001,0.001,0.1,TRUE,"pre-prune",0.163090763618185,0.0822818073218805,0.0729172793721982,2.06501482580279e-14,0.1,9.57612849317999,1760.01812480547,225,34.7754022779486,225,323,0.269408779872056,0.438636323872552,"max_iter_reached",80,0.00218322666669363,0.00421912961118152,0,0,0,0,37001366276059.3,"unfloored empirical",55.9400000000001
"one_representative",0.9,2,"Pooled-pruned","support-kernel compression","beta=0.02, qmax=0.10",0.02,0.001,0.001,0.1,TRUE,"post-prune",0.156188331616707,0.0767451456780416,0.0680239291129735,2.75335310107039e-14,0.1,9.38783765744698,571.977071826169,71,18.888585005299,71,255,0.260796482193077,0.126470566461429,"objective_converged_kkt_warning",80,0.0011123564476766,0.00421912961118152,0,0,0,0,36651893626043.8,"unfloored empirical",55.9400000000001
"one_representative",0.9,2,"Pooled union","support-kernel compression","beta=0.02, qmax=0.25",0.02,0.001,0.001,0.25,FALSE,"pre-prune",0.15478650551181,0.0752629877093601,0.0662332933183469,3.15303338993544e-14,0.0880431472595439,9.16720678726042,130.284097719191,16,11.1847081155436,16,323,0.255988189094922,0.141101318956684,"objective_converged_kkt_warning",80,0.0148932602820837,0.00421912961118152,0,0,0,0,32334270898014.4,"unfloored empirical",22.3399999999999
"one_representative",0.9,2,"Pooled-pruned","support-kernel compression","beta=0.02, qmax=0.25",0.02,0.001,0.001,0.25,FALSE,"post-prune",0.154735650330426,0.0751637451882765,0.0661561113736423,3.19744231092045e-14,0.088224943578554,9.16965874605615,122.788555775307,15,11.0120965458664,15,16,0.25598054620885,0.00385937350074628,"objective_converged_kkt_warning",1,2.41090943048361e-06,0.00454232727797806,0,0,0,0,32334270898014.4,"unfloored empirical",22.3399999999999
"one_representative",0.9,2,"Pooled union","support-kernel compression","beta=0.02, qmax=0.50",0.02,0.001,0.001,0.5,FALSE,"pre-prune",0.15478650551181,0.0752629877093601,0.0662332933183469,3.15303338993544e-14,0.0880431472595439,9.16720678726042,130.284097719191,16,11.1847081155436,16,323,0.255988189094922,0.141101318956684,"objective_converged_kkt_warning",80,0.0148932602820837,0.00421912961118152,0,0,0,0,32334270898014.4,"unfloored empirical",22.26
"one_representative",0.9,2,"Pooled-pruned","support-kernel compression","beta=0.02, qmax=0.50",0.02,0.001,0.001,0.5,FALSE,"post-prune",0.154735650330426,0.0751637451882765,0.0661561113736423,3.19744231092045e-14,0.088224943578554,9.16965874605615,122.788555775307,15,11.0120965458664,15,16,0.25598054620885,0.00385937350074628,"objective_converged_kkt_warning",1,2.41090943048361e-06,0.00454232727797806,0,0,0,0,32334270898014.4,"unfloored empirical",22.26
"one_representative",0.9,3,"Pooled union","support-kernel compression","beta=0.02, qmax=0.05",0.02,0.001,0.001,0.05,TRUE,"pre-prune",0.155555184054681,0.0738709749744706,0.0637584258027245,1.15463194561016e-14,0.05,8.89044113187189,162.940971843018,20,10.1485649722839,20,319,0.248721247858621,0.403225107417215,"max_iter_reached",80,0.0126852802086666,0.00446807529039501,0,0,0,0,37113193951658.1,"unfloored empirical",50.46
"one_representative",0.9,3,"Pooled-pruned","support-kernel compression","beta=0.02, qmax=0.05",0.02,0.001,0.001,0.05,FALSE,"post-prune",0.158575019041924,0.0800779208905529,0.0680585670832727,1.28785870856518e-14,0.00126782536687446,8.27173116752225,90.9625125294027,11,8.34131712851693,11,219,0.243300381432119,0.104369519195063,"objective_converged_kkt_warning",80,0.00218427576238911,0.00446807529039501,0,0,0,0,33323612483274.8,"unfloored empirical",50.46
"one_representative",0.9,3,"Pooled union","support-kernel compression","beta=0.02, qmax=0.10",0.02,0.001,0.001,0.1,FALSE,"pre-prune",0.158605156779832,0.0801215598629668,0.0680993414595975,1.24344978758018e-14,0.0010000000006761,8.2685535321197,74.9806490577693,9,8.18613344291731,9,319,0.243337570133806,0.144208472277629,"objective_converged_kkt_warning",80,0.0181804858320608,0.00446807529039501,0,0,0,0,33323612483274.8,"unfloored empirical",20.6700000000001
"one_representative",0.9,3,"Pooled-pruned","support-kernel compression","beta=0.02, qmax=0.10",0.02,0.001,0.001,0.1,FALSE,"post-prune",0.158602830533581,0.0801194234916958,0.0680976092695567,1.28785870856518e-14,0.00100133294720869,8.26862095154616,74.9806490577693,9,8.18480720209815,9,10,0.243337651408828,0.0125302847383043,"objective_converged_kkt_warning",1,2.24631424572408e-12,0.0049344810484293,0,0,0,0,33323612483274.8,"unfloored empirical",20.6700000000001
"one_representative",0.9,3,"Pooled union","support-kernel compression","beta=0.02, qmax=0.25",0.02,0.001,0.001,0.25,FALSE,"pre-prune",0.158602123947145,0.0801117661744164,0.068089287205227,1.22124532708767e-14,0.00102029593400534,8.26957561825706,82.4761910016535,10,8.22502504465979,10,319,0.24333532481142,0.212017127561945,"objective_converged_kkt_warning",80,0.0186140932053722,0.00446807529039501,0,0,0,0,33323612483274.8,"unfloored empirical",18.6999999999998
"one_representative",0.9,3,"Pooled-pruned","support-kernel compression","beta=0.02, qmax=0.25",0.02,0.001,0.001,0.25,FALSE,"post-prune",0.158556254868501,0.0800723402799591,0.0680563927760412,1.24344978758018e-14,0.00102376098022897,8.27111610864254,74.9806490577693,9,8.18988339263532,9,10,0.243340101402777,0.0129606599611473,"objective_converged_kkt_warning",1,8.95969581860001e-09,0.0049344810484293,0,0,0,0,33323612483274.8,"unfloored empirical",18.6999999999998
"one_representative",0.9,3,"Pooled union","support-kernel compression","beta=0.02, qmax=0.50",0.02,0.001,0.001,0.5,FALSE,"pre-prune",0.158602123947145,0.0801117661744164,0.068089287205227,1.22124532708767e-14,0.00102029593400534,8.26957561825706,82.4761910016535,10,8.22502504465979,10,319,0.24333532481142,0.212017127561945,"objective_converged_kkt_warning",80,0.0186140932053722,0.00446807529039501,0,0,0,0,33323612483274.8,"unfloored empirical",18.98
"one_representative",0.9,3,"Pooled-pruned","support-kernel compression","beta=0.02, qmax=0.50",0.02,0.001,0.001,0.5,FALSE,"post-prune",0.158556254868501,0.0800723402799591,0.0680563927760412,1.24344978758018e-14,0.00102376098022897,8.27111610864254,74.9806490577693,9,8.18988339263532,9,10,0.243340101402777,0.0129606599611473,"objective_converged_kkt_warning",1,8.95969581860001e-09,0.0049344810484293,0,0,0,0,33323612483274.8,"unfloored empirical",18.98
"ordered_interval",0.7,1,"Pooled union","support-kernel compression","beta=0.02, qmax=0.05",0.02,0.001,0.001,0.05,FALSE,"pre-prune",0.116193704322256,0.0393851094195892,0.0346235210877104,1.80966353013901e-14,0.001,6.40895340630488,6.39692965521615,1,1,1,264,0.167556270290575,0.025126420512732,"objective_converged_kkt_warning",80,0.0373784956912351,0,8.54481258755888e-115,0,8.54481258755888e-115,0,26806172277251.2,"unfloored empirical",8.06999999999994
"ordered_interval",0.7,1,"Pooled-pruned","support-kernel compression","beta=0.02, qmax=0.05",0.02,0.001,0.001,0.05,FALSE,"post-prune",0.116193704310637,0.0393851094102643,0.0346235210803095,1.80966353013901e-14,0.0010000000999,6.40895340750606,6.39692965521615,1,1,1,2,0.167556270304583,0,"converged",1,1.40085443245397e-11,0.847357514690023,0,0,0,0,26806172277251.2,"unfloored empirical",8.06999999999994
"ordered_interval",0.7,1,"Pooled union","support-kernel compression","beta=0.02, qmax=0.10",0.02,0.001,0.001,0.1,FALSE,"pre-prune",0.116193704322256,0.0393851094195892,0.0346235210877104,1.80966353013901e-14,0.001,6.40895340630488,6.39692965521615,1,1,1,264,0.167556270290575,0.025126420512732,"objective_converged_kkt_warning",80,0.0373784956912351,0,8.54481258755888e-115,0,8.54481258755888e-115,0,26806172277251.2,"unfloored empirical",7.94000000000005
"ordered_interval",0.7,1,"Pooled-pruned","support-kernel compression","beta=0.02, qmax=0.10",0.02,0.001,0.001,0.1,FALSE,"post-prune",0.116193704310637,0.0393851094102643,0.0346235210803095,1.80966353013901e-14,0.0010000000999,6.40895340750606,6.39692965521615,1,1,1,2,0.167556270304583,0,"converged",1,1.40085443245397e-11,0.847357514690023,0,0,0,0,26806172277251.2,"unfloored empirical",7.94000000000005
"ordered_interval",0.7,1,"Pooled union","support-kernel compression","beta=0.02, qmax=0.25",0.02,0.001,0.001,0.25,FALSE,"pre-prune",0.116193704322256,0.0393851094195892,0.0346235210877104,1.80966353013901e-14,0.001,6.40895340630488,6.39692965521615,1,1,1,264,0.167556270290575,0.025126420512732,"objective_converged_kkt_warning",80,0.0373784956912351,0,8.54481258755888e-115,0,8.54481258755888e-115,0,26806172277251.2,"unfloored empirical",7.96000000000004
"ordered_interval",0.7,1,"Pooled-pruned","support-kernel compression","beta=0.02, qmax=0.25",0.02,0.001,0.001,0.25,FALSE,"post-prune",0.116193704310637,0.0393851094102643,0.0346235210803095,1.80966353013901e-14,0.0010000000999,6.40895340750606,6.39692965521615,1,1,1,2,0.167556270304583,0,"converged",1,1.40085443245397e-11,0.847357514690023,0,0,0,0,26806172277251.2,"unfloored empirical",7.96000000000004
"ordered_interval",0.7,1,"Pooled union","support-kernel compression","beta=0.02, qmax=0.50",0.02,0.001,0.001,0.5,FALSE,"pre-prune",0.116193704322256,0.0393851094195892,0.0346235210877104,1.80966353013901e-14,0.001,6.40895340630488,6.39692965521615,1,1,1,264,0.167556270290575,0.025126420512732,"objective_converged_kkt_warning",80,0.0373784956912351,0,8.54481258755888e-115,0,8.54481258755888e-115,0,26806172277251.2,"unfloored empirical",7.97000000000003
"ordered_interval",0.7,1,"Pooled-pruned","support-kernel compression","beta=0.02, qmax=0.50",0.02,0.001,0.001,0.5,FALSE,"post-prune",0.116193704310637,0.0393851094102643,0.0346235210803095,1.80966353013901e-14,0.0010000000999,6.40895340750606,6.39692965521615,1,1,1,2,0.167556270304583,0,"converged",1,1.40085443245397e-11,0.847357514690023,0,0,0,0,26806172277251.2,"unfloored empirical",7.97000000000003
"ordered_interval",0.7,2,"Pooled union","support-kernel compression","beta=0.02, qmax=0.05",0.02,0.001,0.001,0.05,FALSE,"pre-prune",0.149282787517615,0.0612048548452516,0.055182725365968,1.3988810110277e-14,0.001,6.40895340630488,6.39692965521615,1,1,1,272,0.189376015716237,0.150466992685877,"objective_converged_kkt_warning",80,0.0248858049321443,0,2.02990685133805e-114,0,2.02990685133805e-114,0,32789982469178.4,"unfloored empirical",6.83999999999992
"ordered_interval",0.7,2,"Pooled-pruned","support-kernel compression","beta=0.02, qmax=0.05",0.02,0.001,0.001,0.05,FALSE,"post-prune",0.149282787502687,0.0612048548306635,0.0551827253543293,1.38777878078145e-14,0.0010000000999,6.40895340750606,6.39692965521615,1,1,1,2,0.189376015724982,0,"converged",1,8.74528227612359e-12,0.737628005379794,0,0,0,0,32789982469178.4,"unfloored empirical",6.83999999999992
"ordered_interval",0.7,2,"Pooled union","support-kernel compression","beta=0.02, qmax=0.10",0.02,0.001,0.001,0.1,FALSE,"pre-prune",0.149282787517615,0.0612048548452516,0.055182725365968,1.3988810110277e-14,0.001,6.40895340630488,6.39692965521615,1,1,1,272,0.189376015716237,0.150466992685877,"objective_converged_kkt_warning",80,0.0248858049321443,0,2.02990685133805e-114,0,2.02990685133805e-114,0,32789982469178.4,"unfloored empirical",6.97000000000003
"ordered_interval",0.7,2,"Pooled-pruned","support-kernel compression","beta=0.02, qmax=0.10",0.02,0.001,0.001,0.1,FALSE,"post-prune",0.149282787502687,0.0612048548306635,0.0551827253543293,1.38777878078145e-14,0.0010000000999,6.40895340750606,6.39692965521615,1,1,1,2,0.189376015724982,0,"converged",1,8.74528227612359e-12,0.737628005379794,0,0,0,0,32789982469178.4,"unfloored empirical",6.97000000000003
"ordered_interval",0.7,2,"Pooled union","support-kernel compression","beta=0.02, qmax=0.25",0.02,0.001,0.001,0.25,FALSE,"pre-prune",0.149282787517615,0.0612048548452516,0.055182725365968,1.3988810110277e-14,0.001,6.40895340630488,6.39692965521615,1,1,1,272,0.189376015716237,0.150466992685877,"objective_converged_kkt_warning",80,0.0248858049321443,0,2.02990685133805e-114,0,2.02990685133805e-114,0,32789982469178.4,"unfloored empirical",6.94000000000005
"ordered_interval",0.7,2,"Pooled-pruned","support-kernel compression","beta=0.02, qmax=0.25",0.02,0.001,0.001,0.25,FALSE,"post-prune",0.149282787502687,0.0612048548306635,0.0551827253543293,1.38777878078145e-14,0.0010000000999,6.40895340750606,6.39692965521615,1,1,1,2,0.189376015724982,0,"converged",1,8.74528227612359e-12,0.737628005379794,0,0,0,0,32789982469178.4,"unfloored empirical",6.94000000000005
"ordered_interval",0.7,2,"Pooled union","support-kernel compression","beta=0.02, qmax=0.50",0.02,0.001,0.001,0.5,FALSE,"pre-prune",0.149282787517615,0.0612048548452516,0.055182725365968,1.3988810110277e-14,0.001,6.40895340630488,6.39692965521615,1,1,1,272,0.189376015716237,0.150466992685877,"objective_converged_kkt_warning",80,0.0248858049321443,0,2.02990685133805e-114,0,2.02990685133805e-114,0,32789982469178.4,"unfloored empirical",6.63999999999987
"ordered_interval",0.7,2,"Pooled-pruned","support-kernel compression","beta=0.02, qmax=0.50",0.02,0.001,0.001,0.5,FALSE,"post-prune",0.149282787502687,0.0612048548306635,0.0551827253543293,1.38777878078145e-14,0.0010000000999,6.40895340750606,6.39692965521615,1,1,1,2,0.189376015724982,0,"converged",1,8.74528227612359e-12,0.737628005379794,0,0,0,0,32789982469178.4,"unfloored empirical",6.63999999999987
"ordered_interval",0.7,3,"Pooled union","support-kernel compression","beta=0.02, qmax=0.05",0.02,0.001,0.001,0.05,FALSE,"pre-prune",0.128603104408932,0.0775293006251346,0.0716390550641882,1.66533453693773e-14,0.001,6.40895340630488,6.39692965521615,1,1,1,273,0.20570046149612,0.102075937367559,"objective_converged_kkt_warning",80,0.0305182780223268,0,1.59113972396049e-90,0,1.59113972396049e-90,0,36359471313363.1,"unfloored empirical",10.46
"ordered_interval",0.7,3,"Pooled-pruned","support-kernel compression","beta=0.02, qmax=0.05",0.02,0.001,0.001,0.05,FALSE,"post-prune",0.128603104396072,0.0775293006067866,0.0716390550492715,1.66533453693773e-14,0.0010000000999,6.40895340750606,6.39692965521615,1,1,1,2,0.205700461501106,0,"converged",1,4.98556751438173e-12,0.60971778454878,0,0,0,0,36359471313363.1,"unfloored empirical",10.46
"ordered_interval",0.7,3,"Pooled union","support-kernel compression","beta=0.02, qmax=0.10",0.02,0.001,0.001,0.1,FALSE,"pre-prune",0.128603104408932,0.0775293006251346,0.0716390550641882,1.66533453693773e-14,0.001,6.40895340630488,6.39692965521615,1,1,1,273,0.20570046149612,0.102075937367559,"objective_converged_kkt_warning",80,0.0305182780223268,0,1.59113972396049e-90,0,1.59113972396049e-90,0,36359471313363.1,"unfloored empirical",10.3800000000001
"ordered_interval",0.7,3,"Pooled-pruned","support-kernel compression","beta=0.02, qmax=0.10",0.02,0.001,0.001,0.1,FALSE,"post-prune",0.128603104396072,0.0775293006067866,0.0716390550492715,1.66533453693773e-14,0.0010000000999,6.40895340750606,6.39692965521615,1,1,1,2,0.205700461501106,0,"converged",1,4.98556751438173e-12,0.60971778454878,0,0,0,0,36359471313363.1,"unfloored empirical",10.3800000000001
"ordered_interval",0.7,3,"Pooled union","support-kernel compression","beta=0.02, qmax=0.25",0.02,0.001,0.001,0.25,FALSE,"pre-prune",0.128603104408932,0.0775293006251346,0.0716390550641882,1.66533453693773e-14,0.001,6.40895340630488,6.39692965521615,1,1,1,273,0.20570046149612,0.102075937367559,"objective_converged_kkt_warning",80,0.0305182780223268,0,1.59113972396049e-90,0,1.59113972396049e-90,0,36359471313363.1,"unfloored empirical",10.47
"ordered_interval",0.7,3,"Pooled-pruned","support-kernel compression","beta=0.02, qmax=0.25",0.02,0.001,0.001,0.25,FALSE,"post-prune",0.128603104396072,0.0775293006067866,0.0716390550492715,1.66533453693773e-14,0.0010000000999,6.40895340750606,6.39692965521615,1,1,1,2,0.205700461501106,0,"converged",1,4.98556751438173e-12,0.60971778454878,0,0,0,0,36359471313363.1,"unfloored empirical",10.47
"ordered_interval",0.7,3,"Pooled union","support-kernel compression","beta=0.02, qmax=0.50",0.02,0.001,0.001,0.5,FALSE,"pre-prune",0.128603104408932,0.0775293006251346,0.0716390550641882,1.66533453693773e-14,0.001,6.40895340630488,6.39692965521615,1,1,1,273,0.20570046149612,0.102075937367559,"objective_converged_kkt_warning",80,0.0305182780223268,0,1.59113972396049e-90,0,1.59113972396049e-90,0,36359471313363.1,"unfloored empirical",10.3
"ordered_interval",0.7,3,"Pooled-pruned","support-kernel compression","beta=0.02, qmax=0.50",0.02,0.001,0.001,0.5,FALSE,"post-prune",0.128603104396072,0.0775293006067866,0.0716390550492715,1.66533453693773e-14,0.0010000000999,6.40895340750606,6.39692965521615,1,1,1,2,0.205700461501106,0,"converged",1,4.98556751438173e-12,0.60971778454878,0,0,0,0,36359471313363.1,"unfloored empirical",10.3
"ordered_interval",0.9,1,"Pooled union","support-kernel compression","beta=0.02, qmax=0.05",0.02,0.001,0.001,0.05,FALSE,"pre-prune",0.116127727018893,0.0418281607376036,0.0360088951356145,2.38697950294409e-14,0.001,6.40895340630488,6.39692965521615,1,1,1,287,0.169999321608589,0.00701635766633502,"objective_converged_kkt_warning",80,0.0423502044846008,0,1.02313809186761e-152,0,1.02313809186761e-152,0,26634890256496,"unfloored empirical",8.89999999999986
"ordered_interval",0.9,1,"Pooled-pruned","support-kernel compression","beta=0.02, qmax=0.05",0.02,0.001,0.001,0.05,FALSE,"post-prune",0.11612772700728,0.0418281607273681,0.0360088951278309,2.37587727269783e-14,0.0010000000999,6.40895340750606,6.39692965521615,1,1,1,2,0.169999321621687,0,"converged",1,1.30979671553177e-11,0.849721134311909,0,0,0,0,26634890256496,"unfloored empirical",8.89999999999986
"ordered_interval",0.9,1,"Pooled union","support-kernel compression","beta=0.02, qmax=0.10",0.02,0.001,0.001,0.1,FALSE,"pre-prune",0.116127727018893,0.0418281607376036,0.0360088951356145,2.38697950294409e-14,0.001,6.40895340630488,6.39692965521615,1,1,1,287,0.169999321608589,0.00701635766633502,"objective_converged_kkt_warning",80,0.0423502044846008,0,1.02313809186761e-152,0,1.02313809186761e-152,0,26634890256496,"unfloored empirical",8.91000000000008
"ordered_interval",0.9,1,"Pooled-pruned","support-kernel compression","beta=0.02, qmax=0.10",0.02,0.001,0.001,0.1,FALSE,"post-prune",0.11612772700728,0.0418281607273681,0.0360088951278309,2.37587727269783e-14,0.0010000000999,6.40895340750606,6.39692965521615,1,1,1,2,0.169999321621687,0,"converged",1,1.30979671553177e-11,0.849721134311909,0,0,0,0,26634890256496,"unfloored empirical",8.91000000000008
"ordered_interval",0.9,1,"Pooled union","support-kernel compression","beta=0.02, qmax=0.25",0.02,0.001,0.001,0.25,FALSE,"pre-prune",0.116127727018893,0.0418281607376036,0.0360088951356145,2.38697950294409e-14,0.001,6.40895340630488,6.39692965521615,1,1,1,287,0.169999321608589,0.00701635766633502,"objective_converged_kkt_warning",80,0.0423502044846008,0,1.02313809186761e-152,0,1.02313809186761e-152,0,26634890256496,"unfloored empirical",8.77999999999997
"ordered_interval",0.9,1,"Pooled-pruned","support-kernel compression","beta=0.02, qmax=0.25",0.02,0.001,0.001,0.25,FALSE,"post-prune",0.11612772700728,0.0418281607273681,0.0360088951278309,2.37587727269783e-14,0.0010000000999,6.40895340750606,6.39692965521615,1,1,1,2,0.169999321621687,0,"converged",1,1.30979671553177e-11,0.849721134311909,0,0,0,0,26634890256496,"unfloored empirical",8.77999999999997
"ordered_interval",0.9,1,"Pooled union","support-kernel compression","beta=0.02, qmax=0.50",0.02,0.001,0.001,0.5,FALSE,"pre-prune",0.116127727018893,0.0418281607376036,0.0360088951356145,2.38697950294409e-14,0.001,6.40895340630488,6.39692965521615,1,1,1,287,0.169999321608589,0.00701635766633502,"objective_converged_kkt_warning",80,0.0423502044846008,0,1.02313809186761e-152,0,1.02313809186761e-152,0,26634890256496,"unfloored empirical",8.80999999999995
"ordered_interval",0.9,1,"Pooled-pruned","support-kernel compression","beta=0.02, qmax=0.50",0.02,0.001,0.001,0.5,FALSE,"post-prune",0.11612772700728,0.0418281607273681,0.0360088951278309,2.37587727269783e-14,0.0010000000999,6.40895340750606,6.39692965521615,1,1,1,2,0.169999321621687,0,"converged",1,1.30979671553177e-11,0.849721134311909,0,0,0,0,26634890256496,"unfloored empirical",8.80999999999995
"ordered_interval",0.9,2,"Pooled union","support-kernel compression","beta=0.02, qmax=0.05",0.02,0.001,0.001,0.05,FALSE,"pre-prune",0.158418814249273,0.0720161385512165,0.0641711388256776,3.30846461338297e-14,0.001,6.40895340630488,6.39692965521615,1,1,1,282,0.200187299422202,0.0494062896907668,"objective_converged_kkt_warning",80,0.0300532545475072,0,1.91078139752769e-190,0,1.91078139752769e-190,0,33386155507710.2,"unfloored empirical",18.8299999999999
"ordered_interval",0.9,2,"Pooled-pruned","support-kernel compression","beta=0.02, qmax=0.05",0.02,0.001,0.001,0.05,FALSE,"post-prune",0.158418814233431,0.0720161385337622,0.0641711388120589,3.30846461338297e-14,0.0010000000999,6.40895340750606,6.39692965521615,1,1,1,2,0.200187299428081,0,"converged",1,5.87918602690252e-12,0.722183779053983,0,0,0,0,33386155507710.2,"unfloored empirical",18.8299999999999
"ordered_interval",0.9,2,"Pooled union","support-kernel compression","beta=0.02, qmax=0.10",0.02,0.001,0.001,0.1,FALSE,"pre-prune",0.158418814249273,0.0720161385512165,0.0641711388256776,3.30846461338297e-14,0.001,6.40895340630488,6.39692965521615,1,1,1,282,0.200187299422202,0.0494062896907668,"objective_converged_kkt_warning",80,0.0300532545475072,0,1.91078139752769e-190,0,1.91078139752769e-190,0,33386155507710.2,"unfloored empirical",18.97
"ordered_interval",0.9,2,"Pooled-pruned","support-kernel compression","beta=0.02, qmax=0.10",0.02,0.001,0.001,0.1,FALSE,"post-prune",0.158418814233431,0.0720161385337622,0.0641711388120589,3.30846461338297e-14,0.0010000000999,6.40895340750606,6.39692965521615,1,1,1,2,0.200187299428081,0,"converged",1,5.87918602690252e-12,0.722183779053983,0,0,0,0,33386155507710.2,"unfloored empirical",18.97
"ordered_interval",0.9,2,"Pooled union","support-kernel compression","beta=0.02, qmax=0.25",0.02,0.001,0.001,0.25,FALSE,"pre-prune",0.158418814249273,0.0720161385512165,0.0641711388256776,3.30846461338297e-14,0.001,6.40895340630488,6.39692965521615,1,1,1,282,0.200187299422202,0.0494062896907668,"objective_converged_kkt_warning",80,0.0300532545475072,0,1.91078139752769e-190,0,1.91078139752769e-190,0,33386155507710.2,"unfloored empirical",18.97
"ordered_interval",0.9,2,"Pooled-pruned","support-kernel compression","beta=0.02, qmax=0.25",0.02,0.001,0.001,0.25,FALSE,"post-prune",0.158418814233431,0.0720161385337622,0.0641711388120589,3.30846461338297e-14,0.0010000000999,6.40895340750606,6.39692965521615,1,1,1,2,0.200187299428081,0,"converged",1,5.87918602690252e-12,0.722183779053983,0,0,0,0,33386155507710.2,"unfloored empirical",18.97
"ordered_interval",0.9,2,"Pooled union","support-kernel compression","beta=0.02, qmax=0.50",0.02,0.001,0.001,0.5,FALSE,"pre-prune",0.158418814249273,0.0720161385512165,0.0641711388256776,3.30846461338297e-14,0.001,6.40895340630488,6.39692965521615,1,1,1,282,0.200187299422202,0.0494062896907668,"objective_converged_kkt_warning",80,0.0300532545475072,0,1.91078139752769e-190,0,1.91078139752769e-190,0,33386155507710.2,"unfloored empirical",19.0800000000002
"ordered_interval",0.9,2,"Pooled-pruned","support-kernel compression","beta=0.02, qmax=0.50",0.02,0.001,0.001,0.5,FALSE,"post-prune",0.158418814233431,0.0720161385337622,0.0641711388120589,3.30846461338297e-14,0.0010000000999,6.40895340750606,6.39692965521615,1,1,1,2,0.200187299428081,0,"converged",1,5.87918602690252e-12,0.722183779053983,0,0,0,0,33386155507710.2,"unfloored empirical",19.0800000000002
"ordered_interval",0.9,3,"Pooled union","support-kernel compression","beta=0.02, qmax=0.05",0.02,0.001,0.001,0.05,FALSE,"pre-prune",0.121740764215343,0.0441885324765136,0.0382003436499973,2.63122856836162e-14,0.001,6.40895340630488,6.39692965521615,1,1,1,260,0.172359693347499,0.00750432652897959,"objective_converged_kkt_warning",80,0.0427966786855922,0,2.23473302261442e-117,0,2.23473302261442e-117,0,27455967163939.6,"unfloored empirical",8.7199999999998
"ordered_interval",0.9,3,"Pooled-pruned","support-kernel compression","beta=0.02, qmax=0.05",0.02,0.001,0.001,0.05,FALSE,"post-prune",0.121740764203168,0.0441885324656897,0.0382003436417584,2.62012633811537e-14,0.0010000000999,6.40895340750606,6.39692965521615,1,1,1,2,0.172359693360009,0,"converged",1,1.25094934411152e-11,0.838098470976572,0,0,0,0,27455967163939.6,"unfloored empirical",8.7199999999998
"ordered_interval",0.9,3,"Pooled union","support-kernel compression","beta=0.02, qmax=0.10",0.02,0.001,0.001,0.1,FALSE,"pre-prune",0.121740764215343,0.0441885324765136,0.0382003436499973,2.63122856836162e-14,0.001,6.40895340630488,6.39692965521615,1,1,1,260,0.172359693347499,0.00750432652897959,"objective_converged_kkt_warning",80,0.0427966786855922,0,2.23473302261442e-117,0,2.23473302261442e-117,0,27455967163939.6,"unfloored empirical",8.45000000000005
"ordered_interval",0.9,3,"Pooled-pruned","support-kernel compression","beta=0.02, qmax=0.10",0.02,0.001,0.001,0.1,FALSE,"post-prune",0.121740764203168,0.0441885324656897,0.0382003436417584,2.62012633811537e-14,0.0010000000999,6.40895340750606,6.39692965521615,1,1,1,2,0.172359693360009,0,"converged",1,1.25094934411152e-11,0.838098470976572,0,0,0,0,27455967163939.6,"unfloored empirical",8.45000000000005
"ordered_interval",0.9,3,"Pooled union","support-kernel compression","beta=0.02, qmax=0.25",0.02,0.001,0.001,0.25,FALSE,"pre-prune",0.121740764215343,0.0441885324765136,0.0382003436499973,2.63122856836162e-14,0.001,6.40895340630488,6.39692965521615,1,1,1,260,0.172359693347499,0.00750432652897959,"objective_converged_kkt_warning",80,0.0427966786855922,0,2.23473302261442e-117,0,2.23473302261442e-117,0,27455967163939.6,"unfloored empirical",8.75999999999999
"ordered_interval",0.9,3,"Pooled-pruned","support-kernel compression","beta=0.02, qmax=0.25",0.02,0.001,0.001,0.25,FALSE,"post-prune",0.121740764203168,0.0441885324656897,0.0382003436417584,2.62012633811537e-14,0.0010000000999,6.40895340750606,6.39692965521615,1,1,1,2,0.172359693360009,0,"converged",1,1.25094934411152e-11,0.838098470976572,0,0,0,0,27455967163939.6,"unfloored empirical",8.75999999999999
"ordered_interval",0.9,3,"Pooled union","support-kernel compression","beta=0.02, qmax=0.50",0.02,0.001,0.001,0.5,FALSE,"pre-prune",0.121740764215343,0.0441885324765136,0.0382003436499973,2.63122856836162e-14,0.001,6.40895340630488,6.39692965521615,1,1,1,260,0.172359693347499,0.00750432652897959,"objective_converged_kkt_warning",80,0.0427966786855922,0,2.23473302261442e-117,0,2.23473302261442e-117,0,27455967163939.6,"unfloored empirical",8.46000000000004
"ordered_interval",0.9,3,"Pooled-pruned","support-kernel compression","beta=0.02, qmax=0.50",0.02,0.001,0.001,0.5,FALSE,"post-prune",0.121740764203168,0.0441885324656897,0.0382003436417584,2.62012633811537e-14,0.0010000000999,6.40895340750606,6.39692965521615,1,1,1,2,0.172359693360009,0,"converged",1,1.25094934411152e-11,0.838098470976572,0,0,0,0,27455967163939.6,"unfloored empirical",8.46000000000004
"weak_signal",0.7,1,"Pooled union","support-kernel compression","beta=0.02, qmax=0.05",0.02,0.001,0.001,0.05,FALSE,"pre-prune",0.132526696934172,0.0600178165812774,0.052008559957502,4.22994972382185e-14,0.00120305915765673,8.0138687154078,142.463981648959,15,6.22077733949903,15,306,0.218150942019051,0.557080191939524,"objective_converged_kkt_warning",80,0.0184635644905711,0.0128333333333333,0,0,0,0,37260551586697.1,"unfloored empirical",9.73000000000002
"weak_signal",0.7,1,"Pooled-pruned","support-kernel compression","beta=0.02, qmax=0.05",0.02,0.001,0.001,0.05,FALSE,"post-prune",0.132003235223759,0.0586759533657768,0.0511044689667863,4.35207425653061e-14,0.00100000003944646,8.0006106433812,92.1874066665426,11,6.70214243774012,11,56,0.216548646284696,0.101615861948194,"objective_converged_kkt_warning",80,0.00112108924314616,0.0311855270156957,0,0,0,0,37027501179150.7,"unfloored empirical",9.73000000000002
"weak_signal",0.7,1,"Pooled union","support-kernel compression","beta=0.02, qmax=0.10",0.02,0.001,0.001,0.1,FALSE,"pre-prune",0.132526696934172,0.0600178165812774,0.052008559957502,4.22994972382185e-14,0.00120305915765673,8.0138687154078,142.463981648959,15,6.22077733949903,15,306,0.218150942019051,0.557080191939524,"objective_converged_kkt_warning",80,0.0184635644905711,0.0128333333333333,0,0,0,0,37260551586697.1,"unfloored empirical",9.57999999999993
"weak_signal",0.7,1,"Pooled-pruned","support-kernel compression","beta=0.02, qmax=0.10",0.02,0.001,0.001,0.1,FALSE,"post-prune",0.132003235223759,0.0586759533657768,0.0511044689667863,4.35207425653061e-14,0.00100000003944646,8.0006106433812,92.1874066665426,11,6.70214243774012,11,56,0.216548646284696,0.101615861948194,"objective_converged_kkt_warning",80,0.00112108924314616,0.0311855270156957,0,0,0,0,37027501179150.7,"unfloored empirical",9.57999999999993
"weak_signal",0.7,1,"Pooled union","support-kernel compression","beta=0.02, qmax=0.25",0.02,0.001,0.001,0.25,FALSE,"pre-prune",0.132526696934172,0.0600178165812774,0.052008559957502,4.22994972382185e-14,0.00120305915765673,8.0138687154078,142.463981648959,15,6.22077733949903,15,306,0.218150942019051,0.557080191939524,"objective_converged_kkt_warning",80,0.0184635644905711,0.0128333333333333,0,0,0,0,37260551586697.1,"unfloored empirical",9.5
"weak_signal",0.7,1,"Pooled-pruned","support-kernel compression","beta=0.02, qmax=0.25",0.02,0.001,0.001,0.25,FALSE,"post-prune",0.132003235223759,0.0586759533657768,0.0511044689667863,4.35207425653061e-14,0.00100000003944646,8.0006106433812,92.1874066665426,11,6.70214243774012,11,56,0.216548646284696,0.101615861948194,"objective_converged_kkt_warning",80,0.00112108924314616,0.0311855270156957,0,0,0,0,37027501179150.7,"unfloored empirical",9.5
"weak_signal",0.7,1,"Pooled union","support-kernel compression","beta=0.02, qmax=0.50",0.02,0.001,0.001,0.5,FALSE,"pre-prune",0.132526696934172,0.0600178165812774,0.052008559957502,4.22994972382185e-14,0.00120305915765673,8.0138687154078,142.463981648959,15,6.22077733949903,15,306,0.218150942019051,0.557080191939524,"objective_converged_kkt_warning",80,0.0184635644905711,0.0128333333333333,0,0,0,0,37260551586697.1,"unfloored empirical",9.8599999999999
"weak_signal",0.7,1,"Pooled-pruned","support-kernel compression","beta=0.02, qmax=0.50",0.02,0.001,0.001,0.5,FALSE,"post-prune",0.132003235223759,0.0586759533657768,0.0511044689667863,4.35207425653061e-14,0.00100000003944646,8.0006106433812,92.1874066665426,11,6.70214243774012,11,56,0.216548646284696,0.101615861948194,"objective_converged_kkt_warning",80,0.00112108924314616,0.0311855270156957,0,0,0,0,37027501179150.7,"unfloored empirical",9.8599999999999
"weak_signal",0.7,2,"Pooled union","support-kernel compression","beta=0.02, qmax=0.05",0.02,0.001,0.001,0.05,FALSE,"pre-prune",0.133266375146134,0.0626841612378297,0.0574151231284069,4.00790511889682e-14,0.00100828812721909,7.394590771947,48.8285372939619,6,2.63051749462971,6,307,0.209344100876014,0.29953987163925,"objective_converged_kkt_warning",80,0.0230021875429149,0.00794444444444444,0,0,0,0,36736290867263.2,"unfloored empirical",10.72
"weak_signal",0.7,2,"Pooled-pruned","support-kernel compression","beta=0.02, qmax=0.05",0.02,0.001,0.001,0.05,FALSE,"post-prune",0.133147457831949,0.062713885397961,0.0574573575206509,4.03010957938932e-14,0.00100000010019205,7.39200638233615,40.3422157662127,5,2.60998388009075,5,6,0.209363757592694,0.00299699740991999,"objective_converged_kkt_warning",18,9.00400760783793e-07,0.207540268802775,0,0,0,0,36020647862195,"unfloored empirical",10.72
"weak_signal",0.7,2,"Pooled union","support-kernel compression","beta=0.02, qmax=0.10",0.02,0.001,0.001,0.1,FALSE,"pre-prune",0.133266375146134,0.0626841612378297,0.0574151231284069,4.00790511889682e-14,0.00100828812721909,7.394590771947,48.8285372939619,6,2.63051749462971,6,307,0.209344100876014,0.29953987163925,"objective_converged_kkt_warning",80,0.0230021875429149,0.00794444444444444,0,0,0,0,36736290867263.2,"unfloored empirical",10.6800000000001
"weak_signal",0.7,2,"Pooled-pruned","support-kernel compression","beta=0.02, qmax=0.10",0.02,0.001,0.001,0.1,FALSE,"post-prune",0.133147457831949,0.062713885397961,0.0574573575206509,4.03010957938932e-14,0.00100000010019205,7.39200638233615,40.3422157662127,5,2.60998388009075,5,6,0.209363757592694,0.00299699740991999,"objective_converged_kkt_warning",18,9.00400760783793e-07,0.207540268802775,0,0,0,0,36020647862195,"unfloored empirical",10.6800000000001
"weak_signal",0.7,2,"Pooled union","support-kernel compression","beta=0.02, qmax=0.25",0.02,0.001,0.001,0.25,FALSE,"pre-prune",0.133266375146134,0.0626841612378297,0.0574151231284069,4.00790511889682e-14,0.00100828812721909,7.394590771947,48.8285372939619,6,2.63051749462971,6,307,0.209344100876014,0.29953987163925,"objective_converged_kkt_warning",80,0.0230021875429149,0.00794444444444444,0,0,0,0,36736290867263.2,"unfloored empirical",10.8699999999999
"weak_signal",0.7,2,"Pooled-pruned","support-kernel compression","beta=0.02, qmax=0.25",0.02,0.001,0.001,0.25,FALSE,"post-prune",0.133147457831949,0.062713885397961,0.0574573575206509,4.03010957938932e-14,0.00100000010019205,7.39200638233615,40.3422157662127,5,2.60998388009075,5,6,0.209363757592694,0.00299699740991999,"objective_converged_kkt_warning",18,9.00400760783793e-07,0.207540268802775,0,0,0,0,36020647862195,"unfloored empirical",10.8699999999999
"weak_signal",0.7,2,"Pooled union","support-kernel compression","beta=0.02, qmax=0.50",0.02,0.001,0.001,0.5,FALSE,"pre-prune",0.133266375146134,0.0626841612378297,0.0574151231284069,4.00790511889682e-14,0.00100828812721909,7.394590771947,48.8285372939619,6,2.63051749462971,6,307,0.209344100876014,0.29953987163925,"objective_converged_kkt_warning",80,0.0230021875429149,0.00794444444444444,0,0,0,0,36736290867263.2,"unfloored empirical",10.6100000000001
"weak_signal",0.7,2,"Pooled-pruned","support-kernel compression","beta=0.02, qmax=0.50",0.02,0.001,0.001,0.5,FALSE,"post-prune",0.133147457831949,0.062713885397961,0.0574573575206509,4.03010957938932e-14,0.00100000010019205,7.39200638233615,40.3422157662127,5,2.60998388009075,5,6,0.209363757592694,0.00299699740991999,"objective_converged_kkt_warning",18,9.00400760783793e-07,0.207540268802775,0,0,0,0,36020647862195,"unfloored empirical",10.6100000000001
"weak_signal",0.7,3,"Pooled union","support-kernel compression","beta=0.02, qmax=0.05",0.02,0.001,0.001,0.05,FALSE,"pre-prune",0.139176817884344,0.068864215813341,0.0612266987829143,4.85167461761193e-14,0.0010236094092731,6.71975505829999,51.0765341966715,7,1.82407178989861,7,311,0.202255772615913,0.266184489470301,"objective_converged_kkt_warning",80,0.0235165824797113,0.0440143200797762,0,0,0,0,37202330486162.6,"unfloored empirical",14.0499999999997
"weak_signal",0.7,3,"Pooled-pruned","support-kernel compression","beta=0.02, qmax=0.05",0.02,0.001,0.001,0.05,FALSE,"post-prune",0.139315461049257,0.0690655419602703,0.0614550001424492,4.81836792687318e-14,0.00100000009872863,6.70917777444142,36.876479863413,5,1.76749374883227,5,6,0.202317020866152,0.00212706783812677,"objective_converged_kkt_warning",6,3.19875736459752e-06,0.280373363427276,0,0,0,0,37202330486162.6,"unfloored empirical",14.0499999999997
"weak_signal",0.7,3,"Pooled union","support-kernel compression","beta=0.02, qmax=0.10",0.02,0.001,0.001,0.1,FALSE,"pre-prune",0.139795665070536,0.0684340001318602,0.0607165485556119,5.09592368302947e-14,0.00103608064199382,6.74630479860294,64.5834413493701,9,2.05896770202147,9,311,0.202179816737885,0.288755982801077,"objective_converged_kkt_warning",80,0.0236391065341128,0.0440143200797762,0,0,0,0,37202330486162.6,"unfloored empirical",15.7599999999998
"weak_signal",0.7,3,"Pooled-pruned","support-kernel compression","beta=0.02, qmax=0.10",0.02,0.001,0.001,0.1,FALSE,"post-prune",0.139893331044585,0.0683806834258474,0.0606806376083615,5.07371922253697e-14,0.00100000009990034,6.73799481653761,43.9765070300423,6,2.01953337565903,6,7,0.2020334192257,0.00244853655363453,"objective_converged_kkt_warning",8,1.48860185567035e-08,0.27428663396395,0,0,0,0,37202330486162.6,"unfloored empirical",15.7599999999998
"weak_signal",0.7,3,"Pooled union","support-kernel compression","beta=0.02, qmax=0.25",0.02,0.001,0.001,0.25,FALSE,"pre-prune",0.139795665070536,0.0684340001318602,0.0607165485556119,5.09592368302947e-14,0.00103608064199382,6.74630479860294,64.5834413493701,9,2.05896770202147,9,311,0.202179816737885,0.288755982801077,"objective_converged_kkt_warning",80,0.0236391065341128,0.0440143200797762,0,0,0,0,37202330486162.6,"unfloored empirical",15.3800000000001
"weak_signal",0.7,3,"Pooled-pruned","support-kernel compression","beta=0.02, qmax=0.25",0.02,0.001,0.001,0.25,FALSE,"post-prune",0.139893331044585,0.0683806834258474,0.0606806376083615,5.07371922253697e-14,0.00100000009990034,6.73799481653761,43.9765070300423,6,2.01953337565903,6,7,0.2020334192257,0.00244853655363453,"objective_converged_kkt_warning",8,1.48860185567035e-08,0.27428663396395,0,0,0,0,37202330486162.6,"unfloored empirical",15.3800000000001
"weak_signal",0.7,3,"Pooled union","support-kernel compression","beta=0.02, qmax=0.50",0.02,0.001,0.001,0.5,FALSE,"pre-prune",0.139795665070536,0.0684340001318602,0.0607165485556119,5.09592368302947e-14,0.00103608064199382,6.74630479860294,64.5834413493701,9,2.05896770202147,9,311,0.202179816737885,0.288755982801077,"objective_converged_kkt_warning",80,0.0236391065341128,0.0440143200797762,0,0,0,0,37202330486162.6,"unfloored empirical",15.6900000000001
"weak_signal",0.7,3,"Pooled-pruned","support-kernel compression","beta=0.02, qmax=0.50",0.02,0.001,0.001,0.5,FALSE,"post-prune",0.139893331044585,0.0683806834258474,0.0606806376083615,5.07371922253697e-14,0.00100000009990034,6.73799481653761,43.9765070300423,6,2.01953337565903,6,7,0.2020334192257,0.00244853655363453,"objective_converged_kkt_warning",8,1.48860185567035e-08,0.27428663396395,0,0,0,0,37202330486162.6,"unfloored empirical",15.6900000000001
"weak_signal",0.9,1,"Pooled union","support-kernel compression","beta=0.02, qmax=0.05",0.02,0.001,0.001,0.05,FALSE,"pre-prune",0.138139185884033,0.0662198782387893,0.0638189402058628,1.26898491714655e-13,0.0010093517102294,6.32431964597825,34.5749154415266,4,2.19830548405039,4,331,0.191744009704024,0.321078626583412,"objective_converged_kkt_warning",80,0.0216451023374308,0.0148888888888889,0,0,0,0,37120139123183.6,"unfloored empirical",25.7799999999997
"weak_signal",0.9,1,"Pooled-pruned","support-kernel compression","beta=0.02, qmax=0.05",0.02,0.001,0.001,0.05,FALSE,"post-prune",0.138386814344946,0.0665301251002963,0.0641913267138954,1.27231558622043e-13,0.00100000009990861,6.30852982356909,25.1822535127564,3,2.17418757960195,3,4,0.191772232733321,0.000949227355546034,"objective_converged_kkt_warning",3,1.77365399034457e-08,0.344211638552412,0,0,0,0,37103339419719,"unfloored empirical",25.7799999999997
"weak_signal",0.9,1,"Pooled union","support-kernel compression","beta=0.02, qmax=0.10",0.02,0.001,0.001,0.1,FALSE,"pre-prune",0.138150194084353,0.0661962669104541,0.0637858498578589,1.26787469412193e-13,0.0010078803630339,6.32542052906203,34.5749154415266,4,2.20218448129437,4,331,0.191737596212656,0.321322236789805,"objective_converged_kkt_warning",80,0.0223250048522,0.0148888888888889,0,0,0,0,37120139123183.6,"unfloored empirical",26.3800000000001
"weak_signal",0.9,1,"Pooled-pruned","support-kernel compression","beta=0.02, qmax=0.10",0.02,0.001,0.001,0.1,FALSE,"post-prune",0.138103077563294,0.0663099945274544,0.0639561823677069,1.2712053631958e-13,0.00100000010041813,6.31960142560308,25.1822535127564,3,2.17999950356755,3,4,0.191771853314097,0.000556401007043017,"objective_converged_kkt_warning",3,6.46704453238778e-07,0.344211638552412,0,0,0,0,37103339419719,"unfloored empirical",26.3800000000001
"weak_signal",0.9,1,"Pooled union","support-kernel compression","beta=0.02, qmax=0.25",0.02,0.001,0.001,0.25,FALSE,"pre-prune",0.138150194084353,0.0661962669104541,0.0637858498578589,1.26787469412193e-13,0.0010078803630339,6.32542052906203,34.5749154415266,4,2.20218448129437,4,331,0.191737596212656,0.321322236789805,"objective_converged_kkt_warning",80,0.0223250048522,0.0148888888888889,0,0,0,0,37120139123183.6,"unfloored empirical",26.4699999999998
"weak_signal",0.9,1,"Pooled-pruned","support-kernel compression","beta=0.02, qmax=0.25",0.02,0.001,0.001,0.25,FALSE,"post-prune",0.138103077563294,0.0663099945274544,0.0639561823677069,1.2712053631958e-13,0.00100000010041813,6.31960142560308,25.1822535127564,3,2.17999950356755,3,4,0.191771853314097,0.000556401007043017,"objective_converged_kkt_warning",3,6.46704453238778e-07,0.344211638552412,0,0,0,0,37103339419719,"unfloored empirical",26.4699999999998
"weak_signal",0.9,1,"Pooled union","support-kernel compression","beta=0.02, qmax=0.50",0.02,0.001,0.001,0.5,FALSE,"pre-prune",0.138150194084353,0.0661962669104541,0.0637858498578589,1.26787469412193e-13,0.0010078803630339,6.32542052906203,34.5749154415266,4,2.20218448129437,4,331,0.191737596212656,0.321322236789805,"objective_converged_kkt_warning",80,0.0223250048522,0.0148888888888889,0,0,0,0,37120139123183.6,"unfloored empirical",26.7000000000003
"weak_signal",0.9,1,"Pooled-pruned","support-kernel compression","beta=0.02, qmax=0.50",0.02,0.001,0.001,0.5,FALSE,"post-prune",0.138103077563294,0.0663099945274544,0.0639561823677069,1.2712053631958e-13,0.00100000010041813,6.31960142560308,25.1822535127564,3,2.17999950356755,3,4,0.191771853314097,0.000556401007043017,"objective_converged_kkt_warning",3,6.46704453238778e-07,0.344211638552412,0,0,0,0,37103339419719,"unfloored empirical",26.7000000000003
"weak_signal",0.9,2,"Pooled union","support-kernel compression","beta=0.02, qmax=0.05",0.02,0.001,0.001,0.05,FALSE,"pre-prune",0.208298905717823,0.141688611695616,0.130690769917381,1.21569421196455e-13,0.001,3.41621686502444,3.40119738166216,1,1,1,328,0.210005041740992,0.126642384802153,"objective_converged_kkt_warning",80,0.00544761772544058,0.0517020852583832,0,0,0,0,36659433428912.7,"unfloored empirical",26.6499999999996
"weak_signal",0.9,2,"Pooled-pruned","support-kernel compression","beta=0.02, qmax=0.05",0.02,0.001,0.001,0.05,FALSE,"post-prune",0.206901934152671,0.139313936099514,0.128872041900418,1.21014309684142e-13,0.00769986521905957,3.5168453792117,3.40119738166216,1,1,1,2,0.209605701740891,0.0558491217461656,"max_iter_reached",80,4.88155891298636e-05,0.410025173960753,0,0,0,0,36659433428912.7,"unfloored empirical",26.6499999999996
"weak_signal",0.9,2,"Pooled union","support-kernel compression","beta=0.02, qmax=0.10",0.02,0.001,0.001,0.1,FALSE,"pre-prune",0.208298905717823,0.141688611695616,0.130690769917381,1.21569421196455e-13,0.001,3.41621686502444,3.40119738166216,1,1,1,328,0.210005041740992,0.126642384802153,"objective_converged_kkt_warning",80,0.00739217472519749,0.0517020852583832,0,0,0,0,36659433428912.7,"unfloored empirical",26.54
"weak_signal",0.9,2,"Pooled-pruned","support-kernel compression","beta=0.02, qmax=0.10",0.02,0.001,0.001,0.1,FALSE,"post-prune",0.206901934152671,0.139313936099514,0.128872041900418,1.21014309684142e-13,0.00769986521905957,3.5168453792117,3.40119738166216,1,1,1,2,0.209605701740891,0.0558491217461656,"max_iter_reached",80,4.88155891298636e-05,0.410025173960753,0,0,0,0,36659433428912.7,"unfloored empirical",26.54
"weak_signal",0.9,2,"Pooled union","support-kernel compression","beta=0.02, qmax=0.25",0.02,0.001,0.001,0.25,FALSE,"pre-prune",0.208298905717823,0.141688611695616,0.130690769917381,1.21569421196455e-13,0.001,3.41621686502444,3.40119738166216,1,1,1,328,0.210005041740992,0.126642384802153,"objective_converged_kkt_warning",80,0.0092444610754939,0.0517020852583832,0,0,0,0,36659433428912.7,"unfloored empirical",27.1399999999999
"weak_signal",0.9,2,"Pooled-pruned","support-kernel compression","beta=0.02, qmax=0.25",0.02,0.001,0.001,0.25,FALSE,"post-prune",0.206901934152671,0.139313936099514,0.128872041900418,1.21014309684142e-13,0.00769986521905957,3.5168453792117,3.40119738166216,1,1,1,2,0.209605701740891,0.0558491217461656,"max_iter_reached",80,4.88155891298636e-05,0.410025173960753,0,0,0,0,36659433428912.7,"unfloored empirical",27.1399999999999
"weak_signal",0.9,2,"Pooled union","support-kernel compression","beta=0.02, qmax=0.50",0.02,0.001,0.001,0.5,FALSE,"pre-prune",0.208298905717823,0.141688611695616,0.130690769917381,1.21569421196455e-13,0.001,3.41621686502444,3.40119738166216,1,1,1,328,0.210005041740992,0.126642384802153,"objective_converged_kkt_warning",80,0.0092444610754939,0.0517020852583832,0,0,0,0,36659433428912.7,"unfloored empirical",26.8900000000003
"weak_signal",0.9,2,"Pooled-pruned","support-kernel compression","beta=0.02, qmax=0.50",0.02,0.001,0.001,0.5,FALSE,"post-prune",0.206901934152671,0.139313936099514,0.128872041900418,1.21014309684142e-13,0.00769986521905957,3.5168453792117,3.40119738166216,1,1,1,2,0.209605701740891,0.0558491217461656,"max_iter_reached",80,4.88155891298636e-05,0.410025173960753,0,0,0,0,36659433428912.7,"unfloored empirical",26.8900000000003
"weak_signal",0.9,3,"Pooled union","support-kernel compression","beta=0.02, qmax=0.05",0.02,0.001,0.001,0.05,FALSE,"pre-prune",0.150282624022642,0.0736721016782872,0.0660535807217808,5.52891066263328e-14,0.0170282381409518,9.57705612953941,111.353458434466,14,5.76898817467574,14,327,0.263072773180655,0.306015568337389,"objective_converged_kkt_warning",80,0.00554022556940797,0.020177151607372,0,0,0,0,37254734476529.2,"unfloored empirical",47.8800000000001
"weak_signal",0.9,3,"Pooled-pruned","support-kernel compression","beta=0.02, qmax=0.05",0.02,0.001,0.001,0.05,FALSE,"post-prune",0.149957258637632,0.0733017306721433,0.0657478794603122,5.58442181386454e-14,0.0183500791518045,9.59430927524158,96.4602569206476,12,5.71450169978953,12,13,0.263074504606491,0.00346838748018652,"objective_converged_kkt_warning",59,9.25738025125966e-09,0.0884522112087394,0,0,0,0,37254734476529.2,"unfloored empirical",47.8800000000001
"weak_signal",0.9,3,"Pooled union","support-kernel compression","beta=0.02, qmax=0.10",0.02,0.001,0.001,0.1,FALSE,"pre-prune",0.151310298243914,0.0751846398823843,0.0670540847606045,6.10622663543836e-14,0.00115011182951629,9.5190882423816,111.353458434466,14,5.3036109572069,14,327,0.263542708575022,0.327941258452563,"objective_converged_kkt_warning",80,0.00621617365322796,0.020177151607372,0,0,0,0,37254734476529.2,"unfloored empirical",41.9699999999998
"weak_signal",0.9,3,"Pooled-pruned","support-kernel compression","beta=0.02, qmax=0.10",0.02,0.001,0.001,0.1,FALSE,"post-prune",0.150980337921905,0.0748787792312934,0.0668075234324399,6.18394224716212e-14,0.0016020268819595,9.53276961373276,97.1534041012076,12,5.23216210049695,12,13,0.263547022957866,0.0113449376240283,"objective_converged_kkt_warning",80,5.3252000586923e-09,0.102423770199571,0,0,0,0,37254734476529.2,"unfloored empirical",41.9699999999998
"weak_signal",0.9,3,"Pooled union","support-kernel compression","beta=0.02, qmax=0.25",0.02,0.001,0.001,0.25,FALSE,"pre-prune",0.152060526060149,0.0758419918023342,0.0675984060575758,5.7065463465733e-14,0.00100000000792428,9.47030378097377,111.353458434466,14,5.66962295482694,14,327,0.263162311328733,0.258763021085937,"objective_converged_kkt_warning",80,0.011148397897272,0.020177151607372,0,0,0,0,37254734476529.2,"unfloored empirical",44.5
"weak_signal",0.9,3,"Pooled-pruned","support-kernel compression","beta=0.02, qmax=0.25",0.02,0.001,0.001,0.25,FALSE,"post-prune",0.152188149723121,0.0759501692942321,0.0676855493413493,5.67323965583455e-14,0.00100639188267526,9.46500212434218,104.253431267837,13,5.69152999841663,13,14,0.263176452765818,0.0132550505341225,"objective_converged_kkt_warning",1,3.65088134635094e-06,0.0884522112087394,0,0,0,0,37254734476529.2,"unfloored empirical",44.5
"weak_signal",0.9,3,"Pooled union","support-kernel compression","beta=0.02, qmax=0.50",0.02,0.001,0.001,0.5,FALSE,"pre-prune",0.152033642898951,0.0758277347119385,0.0675930099221591,5.69544411632705e-14,0.00100000000003495,9.47106201784364,111.353458434466,14,5.6583952660289,14,327,0.263159660644567,0.193305570013346,"objective_converged_kkt_warning",80,0.0119714111511635,0.020177151607372,0,0,0,0,37254734476529.2,"unfloored empirical",49.1900000000001
"weak_signal",0.9,3,"Pooled-pruned","support-kernel compression","beta=0.02, qmax=0.50",0.02,0.001,0.001,0.5,FALSE,"post-prune",0.151922067193381,0.0756762448597909,0.0674594633739674,5.73985303731206e-14,0.00125082929926781,9.47826607821414,103.560284087277,13,5.6222207647135,13,14,0.263169892290863,0.0118778831058083,"objective_converged_kkt_warning",55,5.25192789258e-09,0.0884522112087394,0,0,0,0,37254734476529.2,"unfloored empirical",49.1900000000001
