"scenario","rho","method","method_family","tuning","mode","tv_mean","tv_se","fkl_mean","fkl_se","rkl_mean","rkl_se","q0_mean","q0_se","expected_code_mean","expected_code_se","active_kernels_001_mean","active_kernels_001_se","q_effective_kernels_mean","q_effective_kernels_se","n_kernels_mean","n_kernels_se","stored_atoms_mean","stored_atoms_se","objective_mean","objective_se","rmse_gap_mean","rmse_gap_se","logscore_gap_mean","logscore_gap_se","kkt_residual_mean","kkt_residual_se","optimizer_iterations_mean","optimizer_iterations_se","objective_change_mean","objective_change_se","raw_candidates_mean","raw_candidates_se","key_deduped_candidates_mean","key_deduped_candidates_se","near_deduped_candidates_mean","near_deduped_candidates_se","runtime_sec_mean","runtime_sec_se","reference_support_n95_mean","reference_support_n95_se","n_replications"
"graph_community",0.7,"Top-M support atoms","atom truncation","M=16, beta=0.005","full",0.0532213131950228,0.0143879522760128,0.046517382142475,0.00638889843862033,0.029360756720813,0.00615051265956246,0.217818068838298,0.0587480754111699,20.3730567618499,3.17320654865428,17,0,6.41400823989625,1.30512860321804,17,0,16,0,0.14663500926416,0.0218856541598939,0.00160533237621796,0.00115945780094513,-0.000966369243835929,0.000349623086718806,0.00380997886369467,0.000721056112362855,49.6,3.73630833845388,9.93455118211695e-07,4.73534631438908e-08,NA,NA,NA,NA,NA,NA,NA,NA,25,7.03562363973514,5
"misspecified_grouping",0.7,"Top-M support atoms","atom truncation","M=16, beta=0.005","full",0.00511533765515386,0.000945785512208214,0.0141526167093844,0.00212313853611661,0.00442253044423801,0.000863383991436346,0.0195956020895677,0.00398355545638934,8.9694498515759,0.40659135683065,13.4,1.16619037896906,2.20989309121867,0.258728333417664,17,0,16,0,0.0582335544866396,0.00381230714083704,-0.000106734824935772,7.86425183208074e-05,6.35244988200779e-05,5.17055107220779e-05,0.00960513900596541,0.00114766132955361,66.8,1.74355957741627,9.36003987768441e-07,2.83629912083364e-08,NA,NA,NA,NA,NA,NA,NA,NA,4.8,0.489897948556636,5
"multi_representative",0.7,"Top-M support atoms","atom truncation","M=16, beta=0.005","full",0.0155885214817041,0.00269434728524899,0.0297113232224291,0.00296194649538427,0.0126098524665067,0.00187445445095205,0.0630948410901332,0.0107933919821016,12.2117227682408,0.614552812275999,16.8,0.2,3.86202538913768,0.286278070013511,17,0,16,0,0.0894295007702545,0.00580900247183667,0.00109603249717769,0.000316719185848198,-0.000679663289375254,0.000240645156686576,0.00532815868720291,0.00049732908108014,57,1.70293863659264,9.35444319039025e-07,3.42743434971259e-08,NA,NA,NA,NA,NA,NA,NA,NA,7.8,0.8,5
"noisy_grouping",0.7,"Top-M support atoms","atom truncation","M=16, beta=0.005","full",0.00527966599230686,0.00122802630376326,0.0144631583237056,0.00263307235202461,0.0046010686877757,0.00109868205400261,0.0204197280744936,0.00509697320745996,8.77998149015367,0.327552155669592,13,0.707106781186548,2.1052559728575,0.24307426231561,17,0,16,0,0.0576443821681797,0.00414258370082955,-0.00015047150223757,7.1316181231547e-05,0.000116877741090926,5.56846305914654e-05,0.00964261713932055,0.00117738473669219,67,2.07364413533277,9.35340568333776e-07,3.76079356270093e-08,NA,NA,NA,NA,NA,NA,NA,NA,5.2,0.374165738677394,5
"one_representative",0.7,"Top-M support atoms","atom truncation","M=16, beta=0.005","full",0.00329585026671987,0.000260117538991519,0.0100012637564247,0.000634293422934196,0.00272141735168331,0.000226678836818764,0.0117376432018923,0.00100011761254282,8.29857040072742,0.0672346009592572,11.8,0.374165738677394,1.76911024587477,0.0571721816870829,17,0,16,0,0.0509256774370861,0.000938747480110157,-1.85354109599079e-05,2.88371623773984e-05,1.39637492559962e-06,2.97313310565003e-05,0.011550572647373,0.000519730312944176,70,0.632455532033676,9.30020799497222e-07,4.72695287041595e-08,NA,NA,NA,NA,NA,NA,NA,NA,4,0,5
"ordered_interval",0.7,"Top-M support atoms","atom truncation","M=16, beta=0.005","full",0.00671728626335821,0.00416197957543469,0.0143559857629339,0.00614528055480345,0.0053342962081559,0.00319560537175504,0.0254140000965821,0.0162406095170481,8.71280633533532,0.708922071023733,13,1.04880884817015,2.34088010613434,0.654353036571695,17,0,16,0,0.0571850794391871,0.00945317261744609,-2.08646262893631e-05,1.27142686077974e-05,1.99657502135686e-05,1.24798769715623e-05,0.0114329821366088,0.00206208496094234,67.4,4.24970587217516,9.00104540041414e-07,4.40364051290821e-08,NA,NA,NA,NA,NA,NA,NA,NA,4.4,1.16619037896906,5
"weak_signal",0.7,"Top-M support atoms","atom truncation","M=16, beta=0.005","full",0.0518570481360076,0.00846839889750972,0.054574185661473,0.00355676160577727,0.0323308634127077,0.00375465960071731,0.18800527794056,0.0311295689882136,14.14859233386,2.0393276096111,17,0,6.95503854778983,1.0394095200307,17,0,16,0,0.123427205797809,0.0133504884797293,0.00317184020821921,0.000648193832138391,-0.00161827978951647,0.000385163478120912,0.00385007860653302,0.000464920905904115,42.8,2.6153393661244,9.85234031211646e-07,2.86149571215892e-08,NA,NA,NA,NA,NA,NA,NA,NA,20.6,3.28024389337134,5
"graph_community",0.9,"Top-M support atoms","atom truncation","M=16, beta=0.005","full",0.103594198336444,0.00510380383546491,0.0533943020815119,0.0012660590183543,0.0423897220523092,0.000239167011621794,0.446575811825828,0.0294891745993091,31.8515553484663,1.64966307481251,17,0,6.72777545027828,0.269388166420946,17,0,16,0,0.210749128880003,0.00699529557706811,0.0031483197876196,0.00108620683499212,-0.00144759471787861,0.00104166678699292,0.00275535816935213,5.6930177416599e-05,50,1.04880884817015,1.0747177632886e-06,4.24998924988682e-08,NA,NA,NA,NA,NA,NA,NA,NA,77.6,10.7591821250502,5
"misspecified_grouping",0.9,"Top-M support atoms","atom truncation","M=16, beta=0.005","full",0.0371000502985211,0.00795242060118893,0.0450285486609379,0.00456417485787575,0.0246711512631329,0.00401208631967687,0.145372169781541,0.0305994186060399,15.2459547795409,1.59913316075761,17,0,4.87514457473937,0.742746979925994,17,0,16,0,0.119720498863623,0.012320995585332,-0.000199209293040693,0.000759088171427524,-0.000245612208419566,0.000727028366573473,0.00384576622107771,0.000456391254574511,48.8,2.87054001888146,9.53362949979164e-07,1.42894961613451e-08,NA,NA,NA,NA,NA,NA,NA,NA,16.4,3.4,5
"multi_representative",0.9,"Top-M support atoms","atom truncation","M=16, beta=0.005","full",0.0476742240192287,0.0122298441166108,0.0477115741317831,0.00537396043141064,0.0284358779625112,0.00546062189873916,0.187102162654895,0.0477835965462874,17.4893570244975,2.46786336792755,17,0,6.04230729837074,1.14482710282764,17,0,16,0,0.133434850385485,0.0174199708205431,0.000546385442671582,0.000147091974649034,-0.00038636759247801,0.000176082334848055,0.00390844419907403,0.000439976238509298,47.6,3.98246155034798,9.54392171848007e-07,5.39959159384923e-08,NA,NA,NA,NA,NA,NA,NA,NA,20.2,5.26687763290548,5
"noisy_grouping",0.9,"Top-M support atoms","atom truncation","M=16, beta=0.005","full",0.0377580002433949,0.00920658972384858,0.0439445186571331,0.00652703877168879,0.0245558814361502,0.00507487791917795,0.147999386727587,0.0351850960291876,15.8322530648194,1.78436914547448,17,0,5.32690851149207,0.855602781733823,17,0,16,0,0.121500138590943,0.015149600082026,1.52696435068655e-05,0.000319393804241004,-8.56193833044027e-05,0.000257971032753466,0.0042137793192766,0.00062983646515087,47.2,4.7370877129308,9.50525921325496e-07,4.49215656159523e-08,NA,NA,NA,NA,NA,NA,NA,NA,16,3.22490309931942,5
"one_representative",0.9,"Top-M support atoms","atom truncation","M=16, beta=0.005","full",0.0414330193381784,0.00492855784791518,0.048662433277126,0.00208738156095889,0.0273784094458484,0.00223607079283036,0.162448964885975,0.0192460084273314,16.0967640499051,1.04910718624135,17,0,5.08313300567439,0.323057628854579,17,0,16,0,0.127528437527115,0.00727648011506386,-0.000104655689877742,0.000293929696710457,0.000241687062171669,9.55230922382118e-05,0.00408561777718541,0.00051241514236008,42.8,3.66606055596467,9.34087353257618e-07,6.9094051938502e-08,NA,NA,NA,NA,NA,NA,NA,NA,16.6,1.83303027798234,5
"ordered_interval",0.9,"Top-M support atoms","atom truncation","M=16, beta=0.005","full",0.0116017529809646,0.00548652646059559,0.0223180582908763,0.00624402314863591,0.00907088995285215,0.00379840996843536,0.0443765407584155,0.021316222141199,9.3171102602595,1.07474501686836,15,1.04880884817015,3.299190223187,0.964864089079242,17,0,16,0,0.0678411461797576,0.0110249858467111,-0.000123085931970524,0.000134405041002318,7.91414496731592e-05,0.000116867556435073,0.00747718851356387,0.00122373494690102,60,5.26307894677631,8.92960215181926e-07,2.97733863940142e-08,NA,NA,NA,NA,NA,NA,NA,NA,6.2,1.49666295470958,5
"weak_signal",0.9,"Top-M support atoms","atom truncation","M=16, beta=0.005","full",0.0812341852368072,0.0156150443519838,0.0560333495899506,0.00122110832066579,0.0389991436033471,0.00300595383496252,0.322519425084408,0.071985266114781,22.6042272683574,4.389741598592,17,0,6.85780017192476,0.600077568304797,17,0,16,0,0.167144426239843,0.0216211059416519,0.00209939895405977,0.000607433110916203,-0.00176477740166465,0.00126843810871376,0.00298752341641107,0.000112792778456044,44.8,2.22261107708929,9.6836014124857e-07,6.83735395998583e-08,NA,NA,NA,NA,NA,NA,NA,NA,42.6,12.1597697346619,5
"graph_community",0.7,"Top-M support atoms","atom truncation","M=16, beta=0.02","full",0.0687380097296879,0.0199313807847907,0.119611077128864,0.0256169566384191,0.0555991087084802,0.0155407644960735,0.0688123513598382,0.0205777487955989,12.9001443722102,1.28120230622552,16.8,0.2,7.26523000790916,1.91224795247296,17,0,16,0,0.375809660248137,0.0505203178527807,0.00286083375420421,0.00159204629568985,-0.00168507125034791,0.000478356271989028,0.00826336967024274,0.00218044663242564,32,0.316227766016838,8.05335022524556e-07,4.54172738305183e-08,NA,NA,NA,NA,NA,NA,NA,NA,25,7.03562363973514,5
"misspecified_grouping",0.7,"Top-M support atoms","atom truncation","M=16, beta=0.02","full",0.00954931357518041,0.00180776125063966,0.0211576497323213,0.00354831052551675,0.00494398805900537,0.00101851349269888,0.00480784380286855,0.00100474141093657,8.19319487102656,0.298800455563892,13.4,1.16619037896906,2.06721619595519,0.234072160099471,17,0,16,0,0.184319898827179,0.00836835962576165,-0.000338901688850779,0.000288282797042494,0.00021863533638764,0.000192893321269034,0.00904330923417169,0.00148157220088777,33.8,0.374165738677394,4.91527598250885e-07,3.67722451947001e-08,NA,NA,NA,NA,NA,NA,NA,NA,4.8,0.489897948556636,5
"multi_representative",0.7,"Top-M support atoms","atom truncation","M=16, beta=0.02","full",0.0207855053188222,0.00198802607299925,0.0517806842845923,0.00674892118058313,0.0157062002090217,0.00272620140959383,0.0163288617363047,0.00295678014324769,9.81779205024887,0.331777972311311,16.8,0.2,3.48758325622645,0.251706729424995,17,0,16,0,0.246897432212794,0.0112131295641333,0.00214133387208495,0.000254633971841156,-0.00138071310536452,0.000207099595164948,0.00747969424692481,0.00110803836215628,32,0,9.10873867104866e-07,1.06579628771432e-07,NA,NA,NA,NA,NA,NA,NA,NA,7.8,0.8,5
"noisy_grouping",0.7,"Top-M support atoms","atom truncation","M=16, beta=0.02","full",0.0087536825511868,0.00191788205416272,0.0217456176913848,0.00444483617865029,0.00511727994809721,0.00128560764152068,0.00502299015795622,0.00129160352741923,7.97232479562496,0.132942834905289,13.2,0.734846922834953,1.95899753196911,0.206370048681173,17,0,16,0,0.180541148863571,0.00691430260842575,-0.000176427137493418,0.000121187016601277,0.000129565625861083,8.60295130550064e-05,0.0218022779320521,0.00798185002021192,34,0.447213595499958,6.12761213686363e-07,9.49681422679508e-08,NA,NA,NA,NA,NA,NA,NA,NA,5.2,0.374165738677394,5
"one_representative",0.7,"Top-M support atoms","atom truncation","M=16, beta=0.02","full",0.00636359868241767,0.000457254054899969,0.0141926911187534,0.000992267331655617,0.00293634219293741,0.000252969149579266,0.00282651493301057,0.000247627109679237,7.82782568426159,0.0287493638161092,11.8,0.374165738677394,1.67706931210856,0.0497864406795242,17,0,16,0,0.170233879266551,0.00151861376429718,-4.13611597925634e-05,5.04111419194045e-05,7.27082265785658e-06,4.69655609187401e-05,0.0125589390676602,0.00129272264350751,34.4,0.244948974278318,5.53870794856026e-07,1.22917582123734e-07,NA,NA,NA,NA,NA,NA,NA,NA,4,0,5
"ordered_interval",0.7,"Top-M support atoms","atom truncation","M=16, beta=0.02","full",0.00908787727568478,0.00443526575462611,0.0235913154785364,0.0120648695931167,0.00655795549429373,0.00423501728085755,0.00651899073929524,0.00432288371136126,7.70595145876837,0.0855938094014087,13,1.04880884817015,2.18811408461801,0.568169317469282,17,0,16,0,0.177028433175567,0.0133182514595695,0.000265733084115816,0.000219811611436518,-0.000181899566869026,0.00015092592493009,0.0191692366712858,0.00440888725323979,34.2,0.58309518948453,7.25342836011001e-07,8.4954157730428e-08,NA,NA,NA,NA,NA,NA,NA,NA,4.4,1.16619037896906,5
"weak_signal",0.7,"Top-M support atoms","atom truncation","M=16, beta=0.02","full",0.0616907309950809,0.0114836640121281,0.125827309563683,0.0149011786227677,0.0528832384745555,0.00906173497008712,0.0556058523737515,0.0105896442524418,6.73873773194261,1.02046574463381,17,0,7.06146349901527,1.336186773774,17,0,16,0,0.258726197419037,0.0332514374947481,0.00507947645112333,0.00137078800326691,-0.00257970300061965,0.000688792882550462,0.00574752784329369,0.000392305736467773,32,0,7.30760424100252e-07,5.07510329797147e-08,NA,NA,NA,NA,NA,NA,NA,NA,20.6,3.28024389337134,5
"graph_community",0.9,"Top-M support atoms","atom truncation","M=16, beta=0.02","full",0.158645565055855,0.0126594957731055,0.197517303947499,0.00649449609134738,0.116965050085652,0.00757129151215134,0.164021369413944,0.0146128659242567,17.6873831165454,0.978664790474615,17,0,10.1900801470672,0.907296455454764,17,0,16,0,0.548961837193601,0.0259786401487372,0.00534182739351232,0.00161816124858092,-0.00253460129472369,0.00150891898126186,0.00544233778616017,0.000666855454753328,33.4,0.244948974278318,9.32907115547277e-07,6.76626706869849e-08,NA,NA,NA,NA,NA,NA,NA,NA,77.6,10.7591821250502,5
"misspecified_grouping",0.9,"Top-M support atoms","atom truncation","M=16, beta=0.02","full",0.0433891127947133,0.00989347737586258,0.0963095767235893,0.0151537086215032,0.037335414295609,0.00816672301783878,0.0413435797534705,0.00986312211238538,9.83330398082955,0.521874851175081,17,0,4.55023502872493,0.844000929873417,17,0,16,0,0.291524155823459,0.0253540927501818,-0.000139169621335711,0.000821720465493887,-0.000325548744733474,0.000799900225566147,0.00775005999252307,0.002334621898263,32,0,7.07766545982035e-07,1.17854160247906e-07,NA,NA,NA,NA,NA,NA,NA,NA,16.4,3.4,5
"multi_representative",0.9,"Top-M support atoms","atom truncation","M=16, beta=0.02","full",0.0593698255693274,0.0159325141529993,0.113115526472021,0.0217630442291644,0.0488129672716137,0.0128478018184052,0.0566345260889908,0.0161781039597862,10.712994489873,0.836902978544989,17,0,6.31783960100498,1.5708789402245,17,0,16,0,0.325660656074467,0.0380587380406719,0.000708849927821341,0.000163625633088952,-0.000485863371359051,0.00019459303435404,0.0088178408513063,0.001403212247934,31.8,0.2,9.77776670596508e-07,1.27890128571801e-07,NA,NA,NA,NA,NA,NA,NA,NA,20.2,5.26687763290548,5
"noisy_grouping",0.9,"Top-M support atoms","atom truncation","M=16, beta=0.02","full",0.0448973071533785,0.0106135552157583,0.0957418830200259,0.0188357913744705,0.0379705865658182,0.00937646345681187,0.0427191645115032,0.0110005324803978,10.4003929134902,0.638609487638681,17,0,5.04575939454009,0.885829623196906,17,0,16,0,0.302209177616468,0.0294080381468536,-2.79557764759912e-07,0.00037458171609319,-5.35926702645461e-05,0.000277888616458982,0.00621915975443856,0.00128025749181256,32.2,0.2,6.69819779253178e-07,6.36692759496804e-08,NA,NA,NA,NA,NA,NA,NA,NA,16,3.22490309931942,5
"one_representative",0.9,"Top-M support atoms","atom truncation","M=16, beta=0.02","full",0.0478259867081503,0.00640200468580524,0.105976166924056,0.00871679568419584,0.0416227125098858,0.00511131326184048,0.0460826769219716,0.00634161579298498,10.0421529064711,0.386221432309973,17,0,4.64166124504129,0.355072998988262,17,0,16,0,0.305295833225142,0.0163561925246719,-6.09743369533782e-05,0.000318177722343849,0.000247873407847221,9.82535340525379e-05,0.00578493656452941,0.000941540122822267,32,0,7.04100351833769e-07,4.49718585874176e-08,NA,NA,NA,NA,NA,NA,NA,NA,16.6,1.83303027798234,5
"ordered_interval",0.9,"Top-M support atoms","atom truncation","M=16, beta=0.02","full",0.0159701818067479,0.00628209626558447,0.0385581479087499,0.014002145792974,0.0116161149106124,0.005650652295082,0.0116125185558904,0.00590040009973671,7.56180041834158,0.417877668336482,15,1.04880884817015,3.08719226841323,0.9132853423171,17,0,16,0,0.1887992743259,0.0186359363321531,0.000362263510478921,0.000205874644084205,-0.000233948445506371,0.000125262583526969,0.0117076154652363,0.00276265188863457,33,0.447213595499958,7.10100201378738e-07,8.02504790860146e-08,NA,NA,NA,NA,NA,NA,NA,NA,6.2,1.49666295470958,5
"weak_signal",0.9,"Top-M support atoms","atom truncation","M=16, beta=0.02","full",0.116635075883717,0.0307328907032999,0.16965975933195,0.0225435607649883,0.0902167653816875,0.0206008680454949,0.111997270530065,0.0313217070252129,11.2386641853161,2.36140207638846,17,0,8.99623632832622,1.69266371544038,17,0,16,0,0.392312880409119,0.0685973775958191,0.00297651922541764,0.000737674097410562,-0.00228736136209618,0.00159008802889825,0.00540024069072766,0.000343656837447619,32,0.316227766016838,9.31564680528574e-07,1.87749362002941e-07,NA,NA,NA,NA,NA,NA,NA,NA,42.6,12.1597697346619,5
"graph_community",0.7,"Top-M support atoms","atom truncation","M=16, beta=0.08","full",0.0916407226013216,0.0209551713387888,0.221741639896352,0.0554524102521429,0.0795633827094384,0.0236730786340317,0.0183542232431498,0.00563986207451865,10.2287866862606,0.642488457172437,16.8,0.2,6.90717522381458,1.85258160969355,17,0,16,0,1.038298544629,0.097170319489869,0.00648486273522147,0.00203007466496234,-0.00410027553213963,0.00106188949197945,0.0118396753127446,0.00215753775029453,31.8,0.860232526704263,1.28141844197849e-06,2.26356416644464e-07,NA,NA,NA,NA,NA,NA,NA,NA,25,7.03562363973514,5
"misspecified_grouping",0.7,"Top-M support atoms","atom truncation","M=16, beta=0.08","full",0.0267447199599633,0.00712460705801732,0.0301443882758829,0.00582190290012689,0.00755528322750639,0.00176637910223364,0.00131892449307216,0.000183782519404114,7.96171157366701,0.263212230083977,13.2,1.28062484748657,1.9552870721183,0.224910008115774,17,0,16,0,0.666435746050259,0.0243965925471524,-0.00118763159314832,0.00152550179838096,0.000788651588826949,0.00098902538331323,0.0246302503495664,0.0075345490650387,31.2,0.58309518948453,1.09597349648993e-06,1.75904608326298e-07,NA,NA,NA,NA,NA,NA,NA,NA,4.8,0.489897948556636,5
"multi_representative",0.7,"Top-M support atoms","atom truncation","M=16, beta=0.08","full",0.0545717740499067,0.00685760768698534,0.0798822928294808,0.0115603803950103,0.022127032764532,0.00386046703751442,0.00411645066416094,0.000759218738869311,9.09282591278172,0.319516124070405,16.8,0.2,3.22822879569047,0.240422205292825,17,0,16,0,0.806147101867412,0.0277415046342293,0.00614554053648737,0.00139472601453303,-0.00409548794916739,0.000960888716372171,0.014004941406959,0.00292385866500772,31,0.547722557505166,1.16922653790041e-06,1.77882024806381e-07,NA,NA,NA,NA,NA,NA,NA,NA,7.8,0.8,5
"noisy_grouping",0.7,"Top-M support atoms","atom truncation","M=16, beta=0.08","full",0.0209191720366278,0.00459486100741276,0.0300212801065733,0.00685673670038841,0.00677453672181686,0.00164084184910853,0.00141430566390003,0.000244171520017858,7.75201422240909,0.0772510160026094,12.4,0.6,1.83222772806621,0.175265339370422,17,0,16,0,0.649594820227049,0.0124169080895346,-0.00021116914150765,0.000374242573857063,0.000132526723655292,0.000248891315317975,0.0373351262102821,0.00993767513818544,32,1.34164078649987,1.00089534946779e-06,1.47337763234983e-07,NA,NA,NA,NA,NA,NA,NA,NA,5.2,0.374165738677394,5
"one_representative",0.7,"Top-M support atoms","atom truncation","M=16, beta=0.08","full",0.0169160952701379,0.001174364805946,0.0185222828855615,0.00160052436376498,0.00417948718804323,0.000343183706763091,0.001,0,7.70572837356569,0.0150718780202569,11.2,0.58309518948453,1.5821763049913,0.042058068587922,17,0,16,0,0.634523133404564,0.00267596978896042,-0.000118192257661765,0.00012302207289782,2.58574423336544e-05,0.000105182502971017,0.0296990787825639,0.00790934131459031,31,0.547722557505166,1.03609443629082e-06,1.39095795278517e-07,NA,NA,NA,NA,NA,NA,NA,NA,4,0,5
"ordered_interval",0.7,"Top-M support atoms","atom truncation","M=16, beta=0.08","full",0.0234373481900658,0.00914784227777295,0.0344843761463109,0.0195254242021191,0.0094210564268032,0.00554123491312964,0.00200611564109736,0.00100611564109736,7.4192354302921,0.131939788124215,12.2,1.24096736459909,2.0750236701849,0.500347365840131,17,0,16,0,0.627382489495448,0.0103046641548708,0.00154315724055101,0.00116397234860214,-0.00108956077665838,0.000808788458607824,0.0294010098134422,0.00864499012024666,32,0.707106781186548,1.12653347899006e-06,1.47321913028768e-07,NA,NA,NA,NA,NA,NA,NA,NA,4.4,1.16619037896906,5
"weak_signal",0.7,"Top-M support atoms","atom truncation","M=16, beta=0.08","full",0.079590591628694,0.0155756702658569,0.215482015690023,0.0322256948530757,0.0676498563785981,0.0137465837700472,0.0145372694385124,0.00286372811744145,4.36331603589472,0.70024186051792,17,0,6.55279864174409,1.27564227611047,17,0,16,0,0.562750073128765,0.0779668312869739,0.0106550842615463,0.00373426363112649,-0.00540750443994149,0.00181154725339626,0.00835835377326326,0.00100807409528607,31,0.316227766016838,1.183966404672e-06,1.85946700850137e-07,NA,NA,NA,NA,NA,NA,NA,NA,20.6,3.28024389337134,5
"graph_community",0.9,"Top-M support atoms","atom truncation","M=16, beta=0.08","full",0.182758961453155,0.0159013524458486,0.424654743226317,0.0242008528541954,0.178063256962923,0.0146915167001096,0.0458978703238413,0.00443432381211308,11.7192593313229,0.518921919895293,17,0,10.4594751149605,1.15668061133453,17,0,16,0,1.35987811072017,0.065478855815418,0.00838722653469608,0.00234632576297389,-0.00442955692015295,0.00221496872439255,0.00776081679974958,0.000787978090600484,32.4,0.748331477354788,1.71926653877996e-06,1.49382196094801e-07,NA,NA,NA,NA,NA,NA,NA,NA,77.6,10.7591821250502,5
"misspecified_grouping",0.9,"Top-M support atoms","atom truncation","M=16, beta=0.08","full",0.0565151481934408,0.0104859853678245,0.157373286485845,0.0291534291980205,0.0451567407447205,0.010426690976876,0.0107043595119028,0.00263195579739997,8.2036156575277,0.154933597173013,17,0,4.12897113985767,0.775121443905702,17,0,16,0,0.812308025247363,0.0407816818301208,0.000231864846191777,0.000802907093609963,-0.00055100577682583,0.000798923932132821,0.0136657247244151,0.00392877308972761,30.8,0.58309518948453,1.33711646863599e-06,1.44622765818433e-07,NA,NA,NA,NA,NA,NA,NA,NA,16.4,3.4,5
"multi_representative",0.9,"Top-M support atoms","atom truncation","M=16, beta=0.08","full",0.0738574831517207,0.0151751969077883,0.195808284104138,0.0446802069205591,0.0616600957347288,0.0173155821188631,0.0149215120086887,0.00437994658110685,8.51141444022665,0.238031359104742,17,0,5.8533742884198,1.51358116136187,17,0,16,0,0.875093409101617,0.062353926362597,0.00106752474831549,0.000270825038881612,-0.00071346365751772,0.000232300723341333,0.0135073665890694,0.0019280449172295,31.2,0.374165738677394,1.24893985185004e-06,2.69411997365166e-07,NA,NA,NA,NA,NA,NA,NA,NA,20.2,5.26687763290548,5
"noisy_grouping",0.9,"Top-M support atoms","atom truncation","M=16, beta=0.08","full",0.0573528268086012,0.0107016196312962,0.157977317897095,0.0345251647618032,0.0459350095421328,0.0116721275194529,0.0110889622456074,0.00290913398615054,8.73800517988526,0.454293694689178,16.8,0.2,4.57425465239229,0.789790956358388,17,0,16,0,0.855572661031293,0.05234838141819,-7.43844068132658e-05,0.000393342839933111,9.25450848686004e-05,0.000233349852568323,0.0127998667219601,0.00249903053341807,31.2,0.58309518948453,1.17472875240665e-06,1.63854259379067e-07,NA,NA,NA,NA,NA,NA,NA,NA,16,3.22490309931942,5
"one_representative",0.9,"Top-M support atoms","atom truncation","M=16, beta=0.08","full",0.0593366609014553,0.0079970419149139,0.1736370067272,0.0177902684074068,0.0498619933635294,0.00678407989827594,0.0119239635804685,0.00169890368328196,8.23354479032854,0.14858650387325,17,0,4.17622223860318,0.28969841817577,17,0,16,0,0.830900777578962,0.0293369032035835,0.000162442517848137,0.000315966979166128,0.000134284743892055,0.000133595508956321,0.0113767215369811,0.00181401753014774,30.6,0.4,1.37684273151528e-06,8.35673898288117e-08,NA,NA,NA,NA,NA,NA,NA,NA,16.6,1.83303027798234,5
"ordered_interval",0.9,"Top-M support atoms","atom truncation","M=16, beta=0.08","full",0.0379926462826651,0.01222765237262,0.0600327844324899,0.0247437286492926,0.0174532554232624,0.00868468136801382,0.00299248634284056,0.00150054859615685,7.01165967718448,0.37884838502382,14.2,1.06770782520313,2.94695903644526,0.890993493039114,17,0,16,0,0.620021422065233,0.0337024194740347,0.00286929407311925,0.00199095733645936,-0.00183418936948123,0.0013352245969469,0.0207469339895257,0.00600520865748573,32,0.836660026534075,1.01033493098424e-06,1.74153732411335e-07,NA,NA,NA,NA,NA,NA,NA,NA,6.2,1.49666295470958,5
"weak_signal",0.9,"Top-M support atoms","atom truncation","M=16, beta=0.08","full",0.137033855922595,0.0352437617432798,0.338954528554121,0.0689687023002919,0.133480737208483,0.0396089057344518,0.0308431747007335,0.00913825364590961,6.78800367456281,1.3263891757286,17,0,8.99725290754436,2.02985143367562,17,0,16,0,0.879907594258338,0.164261829427744,0.00458651397363163,0.00114751491481342,-0.00339187945380885,0.00154867326032524,0.00727220334064266,0.000358802731061664,31,0.447213595499958,1.2373279098421e-06,1.99617473495179e-07,NA,NA,NA,NA,NA,NA,NA,NA,42.6,12.1597697346619,5
"graph_community",0.7,"Top-M support atoms","atom truncation","M=32, beta=0.005","full",0.0283255261757994,0.00942813551731462,0.0365428728964474,0.00742544330238787,0.019142470964387,0.00544390728075342,0.113652475629254,0.0371658656783855,15.2174992256,2.03842626532002,29.2,3.104834939252,8.6470238784913,2.28270469465904,33,0,32,0,0.110662460523167,0.0172647466702333,0.000979211471080399,0.000825695742906549,-0.000436387858828047,0.000170488890428083,0.00517311414355313,0.00121973251159503,51,4.27784992724149,9.75434831430865e-07,1.69793612155878e-08,NA,NA,NA,NA,NA,NA,NA,NA,25,7.03562363973514,5
"misspecified_grouping",0.7,"Top-M support atoms","atom truncation","M=32, beta=0.005","full",0.00249178378290895,0.0004350990019278,0.00609609726749589,0.000911991761275431,0.00146787950789456,0.000278913901608383,0.00632553793037341,0.00118138214698269,8.29449898011355,0.275205915162836,13.8,1.49666295470958,2.16529035724714,0.246408776268817,33,0,32,0,0.0468212506676804,0.00161769808825922,-9.62229084882526e-05,0.000100773354576686,6.03850407435936e-05,6.69686883206531e-05,0.0163204815575869,0.00150585414802452,71.6,1.32664991614216,9.20377705015962e-07,1.7528060657639e-08,NA,NA,NA,NA,NA,NA,NA,NA,4.8,0.489897948556636,5
"multi_representative",0.7,"Top-M support atoms","atom truncation","M=32, beta=0.005","full",0.00500200442252739,0.000517849597121924,0.0116116025193919,0.00198144942219855,0.00344631583807655,0.000753592273585942,0.0154245648240302,0.00353193303481561,9.82478748992834,0.437247058855229,20.8,1.39283882771841,3.82274063021056,0.313427883534057,33,0,32,0,0.0594075687008517,0.00396911956708249,0.000513169926464796,8.48319055033315e-05,-0.000329369045842487,6.20409448650402e-05,0.0109560073274205,0.00130103845190912,64.2,1.46287388383278,9.32164127676049e-07,3.25898608982356e-08,NA,NA,NA,NA,NA,NA,NA,NA,7.8,0.8,5
"noisy_grouping",0.7,"Top-M support atoms","atom truncation","M=32, beta=0.005","full",0.0025989906778227,0.000478434482128349,0.00750599948814131,0.00114713720790647,0.00191225840687039,0.000362749210703888,0.00824330411036563,0.00156596333751378,8.15984582466954,0.1455763924657,13,0.707106781186548,2.07415124596895,0.236562998532327,33,0,32,0,0.0476007423560483,0.00172619410612823,-2.01327976210309e-05,3.45085225844681e-05,1.75687761279964e-05,2.829794463413e-05,0.0146793055807084,0.00150876561150966,70.6,1.74928556845359,9.49385298580628e-07,3.58061934045074e-08,NA,NA,NA,NA,NA,NA,NA,NA,5.2,0.374165738677394,5
"one_representative",0.7,"Top-M support atoms","atom truncation","M=32, beta=0.005","full",0.0016438806594375,0.000101409054431985,0.00455299094378154,0.000242581090145017,0.000999662504077019,6.62180484921579e-05,0.00432309199290158,0.000282216077165164,7.92187985486393,0.0287472757647381,11.8,0.374165738677394,1.74341189152466,0.0545812325247163,33,0,32,0,0.0436084605462254,0.00034757199832958,-1.07391457886408e-05,1.23868218806905e-05,2.0671644881176e-06,1.35343556288958e-05,0.0189047440657532,0.000621701918856293,74.2,0.489897948556636,9.25625968370425e-07,3.31919218100258e-08,NA,NA,NA,NA,NA,NA,NA,NA,4,0,5
"ordered_interval",0.7,"Top-M support atoms","atom truncation","M=32, beta=0.005","full",0.0018830042592627,0.00060356359566423,0.0054360304636188,0.00167577268289323,0.00132965542616657,0.00053044853422498,0.00567187385089452,0.00221878517921122,7.68644677894305,0.059006992130337,14.8,2.81780056072107,2.33391953353873,0.668225245962343,33,0,32,0,0.0431411104898278,0.00139664657590969,9.49397956188313e-05,7.77035515122217e-05,-6.0726410405243e-05,5.15065605980751e-05,0.019237227480252,0.00260702782396167,72.4,3.23419232575925,9.2093435638263e-07,3.54871151358661e-08,NA,NA,NA,NA,NA,NA,NA,NA,4.4,1.16619037896906,5
"weak_signal",0.7,"Top-M support atoms","atom truncation","M=32, beta=0.005","full",0.0242979967920967,0.00534892979032292,0.0386812296023425,0.00542269626965054,0.0183326205155866,0.00354614110284386,0.0882070124981078,0.019385501609306,8.62262511838556,1.54636903719059,31.2,1.113552872566,8.62749254198006,1.67987580666102,33,0,32,0,0.0797244691853192,0.0126473558141677,0.0018151140021561,0.000580926381564392,-0.000846820516868973,0.00032261157730624,0.00539679398900343,0.000826642299886925,44,4.14728827066554,8.14703069373923e-07,4.65836748327019e-08,NA,NA,NA,NA,NA,NA,NA,NA,20.6,3.28024389337134,5
"graph_community",0.9,"Top-M support atoms","atom truncation","M=32, beta=0.005","full",0.0800797648663782,0.00739751367094545,0.055356094278949,0.000380138213418417,0.0393816344490282,0.00168503822331742,0.329733447409106,0.0339210628209889,26.0233689928595,1.88885756200574,33,0,10.1284337803541,0.457131319029376,33,0,32,0,0.183161746680993,0.00966412317509684,0.00204554803216719,0.000871006657634019,-0.00072067485184748,0.000852876616114092,0.00281836781166433,0.000100341836291893,47.6,1.69115345252878,9.95475928239341e-07,2.17348171150271e-08,NA,NA,NA,NA,NA,NA,NA,NA,77.6,10.7591821250502,5
"misspecified_grouping",0.9,"Top-M support atoms","atom truncation","M=32, beta=0.005","full",0.0183113243087879,0.0051022628719006,0.0317330134986916,0.00491920736408518,0.014172659032478,0.00328769401531205,0.0717219812811592,0.0195607565225334,11.458015255324,1.0256697957826,26.4,2.63818119165458,5.47476868962705,1.06878067972797,33,0,32,0,0.0873961481343728,0.00983195474104847,-0.00012432610840869,0.000341419165044235,-8.95268712154619e-05,0.00033892956989895,0.00584512415644525,0.000550488102766692,51.2,4.94368283772331,9.00650169342876e-07,7.00910393591998e-08,NA,NA,NA,NA,NA,NA,NA,NA,16.4,3.4,5
"multi_representative",0.9,"Top-M support atoms","atom truncation","M=32, beta=0.005","full",0.0230765980933656,0.00767714902791506,0.0340823268788568,0.00721771093342226,0.0165844223859931,0.00489610265838637,0.0889158427115089,0.0294239642404423,12.471090758558,1.53373129409407,28.4,2.61916017074176,7.66032547345509,1.96791738849972,33,0,32,0,0.0945445730608743,0.0145569985431441,0.000595723753833033,0.000172551386204957,-0.000372664259373501,0.000142920374878351,0.00559681520438427,0.000953479494980857,50,4.81663783151692,9.74207613226029e-07,2.66134410987322e-08,NA,NA,NA,NA,NA,NA,NA,NA,20.2,5.26687763290548,5
"noisy_grouping",0.9,"Top-M support atoms","atom truncation","M=32, beta=0.005","full",0.0152877436168938,0.00495148701713313,0.0272053227155178,0.00632108591779302,0.011846778988571,0.00361541489890771,0.0598826582655316,0.0197879897585189,11.3583097178419,0.949859467661082,26.8,3.07245829914744,6.11196063508823,1.1935385194914,33,0,32,0,0.0822864158497273,0.0105603632425379,-8.85380952027512e-05,0.000258621479368001,3.85792141901043e-05,0.000200638917621316,0.00654491149797794,0.00143050463658363,52.6,5.57314991723711,9.11759924557276e-07,4.22886560241198e-08,NA,NA,NA,NA,NA,NA,NA,NA,16,3.22490309931942,5
"one_representative",0.9,"Top-M support atoms","atom truncation","M=32, beta=0.005","full",0.0168296672237884,0.0043103434277219,0.0305289962760732,0.00445458107114404,0.0132938521379235,0.00290738127100692,0.0664851227667288,0.0169312981645726,11.1600746595628,0.933211589550654,30.8,1.35646599662505,5.67315547557652,0.501717489463362,33,0,32,0,0.084609247703791,0.00902955909611866,4.09893017287994e-06,0.000112178422601654,9.82507385994147e-05,4.98614692528191e-05,0.00539555434515866,0.000616083481669692,52,2.70185121722126,9.22212688719836e-07,3.68892137783337e-08,NA,NA,NA,NA,NA,NA,NA,NA,16.6,1.83303027798234,5
"ordered_interval",0.9,"Top-M support atoms","atom truncation","M=32, beta=0.005","full",0.00529998719079193,0.00267354917855782,0.012300244432544,0.00488864829155957,0.00414906182489396,0.00226800088712842,0.0186881750000203,0.0107623291634788,7.97547833447145,0.609155165466116,16.4,2.11187120819429,3.38836203706874,1.09167453003332,33,0,32,0,0.051112437466861,0.00718442639416454,-4.63259697318641e-05,0.000114290816190923,2.92427990147726e-05,7.74197357560316e-05,0.0124858430437728,0.00210593841850491,65.2,4.35201102939779,9.11910489020951e-07,1.78510423100881e-08,NA,NA,NA,NA,NA,NA,NA,NA,6.2,1.49666295470958,5
"weak_signal",0.9,"Top-M support atoms","atom truncation","M=32, beta=0.005","full",0.048885499923324,0.0131402392949942,0.0494172276032144,0.00502999103959464,0.0291981590963691,0.00549917290317375,0.184880351188631,0.0511654417279057,15.2176894109371,3.32412765534297,32.4,0.6,10.557806845178,1.71932034536172,33,0,32,0,0.123207062813592,0.0211491789485736,0.00156896510952809,0.000469003068458477,-0.00114520562214029,0.000685823035052686,0.00433886517968485,0.000744987795152508,43.6,3.14006369362152,9.64854702509289e-07,7.95411122180107e-08,NA,NA,NA,NA,NA,NA,NA,NA,42.6,12.1597697346619,5
"graph_community",0.7,"Top-M support atoms","atom truncation","M=32, beta=0.02","full",0.0352006126810874,0.0104787205434554,0.0756135765588875,0.0201165806961368,0.0287166050215356,0.00965507476230468,0.0324251683907542,0.0114323043392515,11.1240308724246,0.838194604976825,29.2,3.32264954516723,8.92154954763331,2.60171769076431,33,0,32,0,0.296132709379246,0.034964046071985,0.00190609322603592,0.000958058442658233,-0.0010226705583821,0.000249096085655372,0.0120129109022819,0.00185795980685973,32.2,0.489897948556636,8.24822856798636e-07,1.74088805322653e-07,NA,NA,NA,NA,NA,NA,NA,NA,25,7.03562363973514,5
"misspecified_grouping",0.7,"Top-M support atoms","atom truncation","M=32, beta=0.02","full",0.00716429025580607,0.0015900257076848,0.00840684425070433,0.00137160284625287,0.00167539610373797,0.000312242689428019,0.00153943412456938,0.000264583093414253,8.03307207518216,0.271108845888515,13.8,1.49666295470958,2.0906623945214,0.239064081098227,33,0,32,0,0.168355950103758,0.00543683076276534,-0.00032305905852854,0.000403103015496189,0.000211638232961376,0.000262549918564843,0.0304445985487579,0.00869827120812867,34.6,0.244948974278318,6.97936885191153e-07,1.06624374082667e-07,NA,NA,NA,NA,NA,NA,NA,NA,4.8,0.489897948556636,5
"multi_representative",0.7,"Top-M support atoms","atom truncation","M=32, beta=0.02","full",0.0137357100831734,0.00113163246508974,0.01721320626625,0.00316047489996837,0.00402507554760265,0.000827354533031738,0.00375819249983697,0.000885238225184502,9.20854024725097,0.336010920025899,20.8,1.39283882771841,3.63362464908706,0.296689827702459,33,0,32,0,0.200106625380886,0.00920449899314078,0.00152424430855698,0.000272456237099838,-0.0010103293340745,0.000182236188608752,0.0219669718081299,0.00727441652703586,33.6,0.4,5.99252879013302e-07,1.4406072205736e-07,NA,NA,NA,NA,NA,NA,NA,NA,7.8,0.8,5
"noisy_grouping",0.7,"Top-M support atoms","atom truncation","M=32, beta=0.02","full",0.00618397888165275,0.0012288999627076,0.0104564947641608,0.00173714517645613,0.00209485752399304,0.000406810360932795,0.00199607517602465,0.000364033205365718,7.82592077736906,0.089674315020497,13,0.894427190999916,1.9838063987256,0.215344936034323,33,0,32,0,0.166312647120054,0.00322681844989792,-4.65238448833727e-05,0.000104395345122357,3.00100764175415e-05,7.29957598758064e-05,0.0226174589974295,0.00334549624611869,34.4,0.4,7.39674097144373e-07,1.53823698967328e-07,NA,NA,NA,NA,NA,NA,NA,NA,5.2,0.374165738677394,5
"one_representative",0.7,"Top-M support atoms","atom truncation","M=32, beta=0.02","full",0.00478979079991567,0.000312179831564118,0.00607784433828652,0.000373560059671018,0.00110808150820822,7.32462202749039e-05,0.00106440344632282,4.0965643768642e-05,7.7442393578466,0.0191999767365003,11.4,0.509901951359279,1.6880766142746,0.0507668279371735,33,0,32,0,0.160440808821737,0.000643855307527382,-3.45210978579313e-05,3.46656813092741e-05,8.21363287819564e-06,3.16451737050609e-05,0.0190751613987023,0.00413580942605418,34.6,0.244948974278318,6.52374809684275e-07,5.58721912188001e-08,NA,NA,NA,NA,NA,NA,NA,NA,4,0,5
"ordered_interval",0.7,"Top-M support atoms","atom truncation","M=32, beta=0.02","full",0.00569985128888154,0.00187685602537949,0.00745141366732006,0.00257301501070366,0.00152841699623746,0.000620553686839579,0.00151107236569625,0.000496965909944454,7.45541910060613,0.128761437447562,14.4,2.92574776766556,2.25838192327574,0.627785822654326,33,0,32,0,0.155859421411191,0.00117381271302174,0.000379566589659185,0.000295008791340885,-0.000261769930896793,0.000202180724994673,0.0346913667076193,0.011852517348604,34.4,0.6,6.73243697962844e-07,1.37967134850415e-07,NA,NA,NA,NA,NA,NA,NA,NA,4.4,1.16619037896906,5
"weak_signal",0.7,"Top-M support atoms","atom truncation","M=32, beta=0.02","full",0.0284846336006412,0.00629157257951457,0.0724809941608628,0.0127059550771039,0.0243807311550995,0.00542474219575209,0.0238361920740942,0.00558322431592617,5.02404716893409,0.877416102948575,31.4,1.16619037896906,8.32508818610279,1.74778661649187,33,0,32,0,0.170939473988818,0.0283056406043397,0.00332559429247143,0.0011540583860226,-0.00160643508422993,0.000567233314271581,0.0111965649211825,0.00284103726649281,31.8,0.2,6.72011736368993e-07,1.12167846489485e-07,NA,NA,NA,NA,NA,NA,NA,NA,20.6,3.28024389337134,5
"graph_community",0.9,"Top-M support atoms","atom truncation","M=32, beta=0.02","full",0.108361090694356,0.0128269948561911,0.164666622496756,0.0104152326393095,0.0849042850058059,0.00865954326010149,0.110096435921684,0.0137160760878504,15.0261910850646,0.92770379463937,33,0,13.6944197036081,1.27886525500725,33,0,32,0,0.462594441317717,0.0288662799314684,0.0031958057413779,0.0012059707127658,-0.00120494942028175,0.00117188460754109,0.00673065711964527,0.000612473246244885,32.6,0.244948974278318,9.90565067138239e-07,1.25966667057724e-07,NA,NA,NA,NA,NA,NA,NA,NA,77.6,10.7591821250502,5
"misspecified_grouping",0.9,"Top-M support atoms","atom truncation","M=32, beta=0.02","full",0.0222139997085448,0.00540983154560874,0.0572610121988443,0.0118114871090003,0.0182443846120181,0.00508945611121488,0.0190530455465864,0.00566024737421137,8.71324751089961,0.306606467790246,26.4,2.63818119165458,5.09569478517574,1.06153813585023,33,0,32,0,0.229977614301988,0.0177020766145347,-5.02349411473988e-05,0.000337072067295232,-0.00013870668247633,0.000348900200183444,0.0115227506631815,0.00166146842280885,32.2,0.2,7.92579299518925e-07,8.45432808854772e-08,NA,NA,NA,NA,NA,NA,NA,NA,16.4,3.4,5
"multi_representative",0.9,"Top-M support atoms","atom truncation","M=32, beta=0.02","full",0.0281363108721665,0.00780438756028838,0.0656587702719553,0.0175839047144109,0.0229407879643274,0.00771557963138875,0.0246594596429266,0.00868901893579786,9.132709160959,0.471102234622832,28.4,2.61916017074176,7.5248330162669,2.09944137780718,33,0,32,0,0.246461006211627,0.0264941748687541,0.000727723283258586,0.000196381564601153,-0.000455337206860929,0.000170846029874018,0.0094583127895799,0.00166151807249858,32,0.447213595499958,6.47545371046387e-07,1.26460813677843e-07,NA,NA,NA,NA,NA,NA,NA,NA,20.2,5.26687763290548,5
"noisy_grouping",0.9,"Top-M support atoms","atom truncation","M=32, beta=0.02","full",0.0189111238539768,0.00488819759378202,0.0483862914903227,0.0133108634044516,0.0150513520028238,0.00502875466214405,0.0157115046711694,0.00538871087187599,9.06879978985968,0.439622676658033,26.8,3.07245829914744,5.72002656818988,1.11465308432659,33,0,32,0,0.228116465132638,0.0173982985361755,-0.000113194584808295,0.000276209967112932,7.58540554249177e-05,0.000202456178576731,0.011962936170769,0.00212155277181178,32.2,0.58309518948453,8.24529612741819e-07,1.38372735903291e-07,NA,NA,NA,NA,NA,NA,NA,NA,16,3.22490309931942,5
"one_representative",0.9,"Top-M support atoms","atom truncation","M=32, beta=0.02","full",0.0201240273947452,0.00455549345926662,0.0541606154644297,0.0104216163665935,0.0167828259999734,0.00428908806556976,0.017409355403947,0.0046882663255524,8.60412655313179,0.302844443819078,31,1.22474487139159,5.233094653014,0.455859802783447,33,0,32,0,0.224603326816068,0.0163353182637061,4.23661557254818e-05,0.000103743411314939,8.45642726217566e-05,5.60768690150529e-05,0.00886621293796564,0.0019852236849751,32,0,6.5848032573812e-07,1.10831015969444e-07,NA,NA,NA,NA,NA,NA,NA,NA,16.6,1.83303027798234,5
"ordered_interval",0.9,"Top-M support atoms","atom truncation","M=32, beta=0.02","full",0.0103499567920576,0.00342151442421015,0.0192961340033654,0.00889421110284365,0.00500876997334993,0.00288565894781278,0.00468525013166673,0.00279363204406142,7.21213014703067,0.379413115147943,16.4,2.11187120819429,3.22743556006998,1.02041985928548,33,0,32,0,0.162516412541605,0.0120120288060901,0.000444883363078485,0.00024172402042204,-0.000291354727840343,0.000168519615609695,0.0173372397867646,0.0039178721348242,33.8,0.58309518948453,6.76048789627348e-07,7.03291621580952e-08,NA,NA,NA,NA,NA,NA,NA,NA,6.2,1.49666295470958,5
"weak_signal",0.9,"Top-M support atoms","atom truncation","M=32, beta=0.02","full",0.0608538485223598,0.0179532820854392,0.116548682190492,0.0226352215452009,0.050438512815356,0.0141318049572974,0.0564395458213853,0.0177296510292924,8.29277917116459,1.68404008202766,32.4,0.6,12.4687556982025,3.11752906472023,33,0,32,0,0.280014335069786,0.0541566978697039,0.00204380890559772,0.000645655118696116,-0.00141897560531916,0.000717050596590683,0.00760036823302748,0.00142641842142864,31.8,0.2,7.40819943184646e-07,1.05290824105018e-07,NA,NA,NA,NA,NA,NA,NA,NA,42.6,12.1597697346619,5
"graph_community",0.7,"Top-M support atoms","atom truncation","M=32, beta=0.08","full",0.0620699681490235,0.0124696433302219,0.128237905994023,0.0374827594063613,0.0416514499336822,0.0135728727712851,0.0083858989027036,0.00300802294995239,9.76587680377536,0.560977118998374,29.2,3.32264954516723,8.4792160210388,2.47141948717353,33,0,32,0,0.907598677161343,0.0687616999234293,0.00537586770177332,0.00141250297848003,-0.00340408105207577,0.000917637336874092,0.0215770315527375,0.00293423214925513,32.6,0.509901951359279,1.49587739717294e-06,1.83962277818373e-07,NA,NA,NA,NA,NA,NA,NA,NA,25,7.03562363973514,5
"misspecified_grouping",0.7,"Top-M support atoms","atom truncation","M=32, beta=0.08","full",0.0245893018692712,0.0069984967296901,0.011749970213112,0.00216358485847881,0.00422641895145356,0.000983439568182877,0.001,0,7.95217024688292,0.25944110125294,12.8,1.49666295470958,2.00187145014183,0.237333245051689,33,0,32,0,0.647256163652239,0.021207218983796,-0.00116087045273798,0.00163282554962824,0.000772435202792109,0.00105352837700286,0.0628893813339519,0.0189089074269396,33,0.894427190999916,1.0243586743508e-06,1.72862195218842e-07,NA,NA,NA,NA,NA,NA,NA,NA,4.8,0.489897948556636,5
"multi_representative",0.7,"Top-M support atoms","atom truncation","M=32, beta=0.08","full",0.0479603414932664,0.00640847708369338,0.0272574552066978,0.00470528263511777,0.00956980020883644,0.00130437857156354,0.00116908823542483,0.000110386417674442,8.96762006839613,0.324470542264842,20.2,1.46287388383278,3.44323230393312,0.300737427577688,33,0,32,0,0.743445166151987,0.0283930009645893,0.00549889542561233,0.00150830431907385,-0.00370568340557278,0.00102648662909202,0.0453365324854099,0.0175277953788662,32.2,0.969535971483266,1.17940398236538e-06,1.39083802760874e-07,NA,NA,NA,NA,NA,NA,NA,NA,7.8,0.8,5
"noisy_grouping",0.7,"Top-M support atoms","atom truncation","M=32, beta=0.08","full",0.0187139739553799,0.00403845636086408,0.0136780723174856,0.00266617898105241,0.00371590812659572,0.000726463651312275,0.001,0,7.7390674901417,0.0684935306136146,11.6,0.509901951359279,1.871919226634,0.187007846817051,33,0,32,0,0.632196098742687,0.00753385573751739,-9.57412014955133e-05,0.000377825828976783,4.30288649413857e-05,0.000251987871731142,0.0539963368184822,0.013862214425748,33.2,1.15758369027902,1.13474420104787e-06,1.944009638967e-07,NA,NA,NA,NA,NA,NA,NA,NA,5.2,0.374165738677394,5
"one_representative",0.7,"Top-M support atoms","atom truncation","M=32, beta=0.08","full",0.0156591718286242,0.00105775269034986,0.00750084934057265,0.000477841067744243,0.00238590641148853,0.00015345287822744,0.001,0,7.71199853420753,0.0157379672461965,10.8,0.374165738677394,1.60376418172027,0.0444787288431886,33,0,32,0,0.623989881780074,0.00158642125706291,-0.000113648963043911,0.00011072292697617,2.72036944013899e-05,9.32042083215679e-05,0.0523429729236247,0.00914272874653296,31.8,0.58309518948453,8.06402242514714e-07,2.09165839107733e-07,NA,NA,NA,NA,NA,NA,NA,NA,4,0,5
"ordered_interval",0.7,"Top-M support atoms","atom truncation","M=32, beta=0.08","full",0.021309280318231,0.00779972792319114,0.010848651885956,0.00437489660903924,0.00402085363249872,0.00158206006049381,0.001,0,7.3782166653096,0.172035535408768,13.8,2.81780056072107,2.17038027214625,0.575901695552177,33,0,32,0,0.600437163474444,0.00986124947500733,0.00162259980188333,0.00121232619490545,-0.0011459498673517,0.000840795567153449,0.045144375547559,0.0190181152747006,32.8,1.24096736459909,1.00446270021593e-06,7.40015311111046e-08,NA,NA,NA,NA,NA,NA,NA,NA,4.4,1.16619037896906,5
"weak_signal",0.7,"Top-M support atoms","atom truncation","M=32, beta=0.08","full",0.0533106198896143,0.0130597308092652,0.113405043307057,0.0225274098304051,0.0312201654494308,0.00778955470159006,0.00608059354118479,0.00144187089907412,3.94950041496764,0.686294358747041,30.2,1.88148877222268,7.77019741006107,1.62865996323338,33,0,32,0,0.427410815500978,0.0713643610695552,0.00870718636791853,0.00333211322183938,-0.00435045859553993,0.00161959682058185,0.0147008900190635,0.00286807143355601,31,0,8.96774854969305e-07,1.32425930269136e-07,NA,NA,NA,NA,NA,NA,NA,NA,20.6,3.28024389337134,5
"graph_community",0.9,"Top-M support atoms","atom truncation","M=32, beta=0.08","full",0.125369335660824,0.0111330390108022,0.318986304175263,0.0275964136475218,0.11773714498299,0.0132516507520803,0.0298536533303053,0.00392127939122473,10.9502095322105,0.474434401028128,33,0,13.7639405483328,1.53743175605969,33,0,32,0,1.19241292056974,0.0653099649146083,0.00560177252347192,0.00203779780786089,-0.00275392156952598,0.0018537201351132,0.0116313720561778,0.00104261212409612,32.2,0.374165738677394,1.39724489529591e-06,1.63161421371353e-07,NA,NA,NA,NA,NA,NA,NA,NA,77.6,10.7591821250502,5
"misspecified_grouping",0.9,"Top-M support atoms","atom truncation","M=32, beta=0.08","full",0.0364626189283244,0.00646652308185916,0.0866484298334669,0.0198901097512918,0.0219001886407497,0.0058937205950152,0.00484144066964888,0.00146653461745675,7.93264068347204,0.100490135498783,25.4,2.73130005674953,4.69734952568424,0.969531121134461,33,0,32,0,0.719790240035553,0.0268771764754597,0.000361847377829472,0.000437446172450581,-0.00038334176225394,0.000412755803279771,0.024014662259188,0.00587851958216576,31.6,0.6,1.2138985441057e-06,1.68451943702025e-07,NA,NA,NA,NA,NA,NA,NA,NA,16.4,3.4,5
"multi_representative",0.9,"Top-M support atoms","atom truncation","M=32, beta=0.08","full",0.0455465089283161,0.00861781348761503,0.103138459567584,0.029966307082951,0.0278985742098778,0.0091028274240633,0.00632388768538395,0.00225711724615565,8.13678772433546,0.156670911782335,27.8,2.98998327754521,6.95582708860095,1.94731804838419,33,0,32,0,0.752309742663496,0.0404681350686874,0.00103512606512925,0.000257627401914088,-0.000653564969966469,0.000225337506304918,0.0170524276487702,0.00485106694361148,30.8,0.58309518948453,9.51432939100272e-07,1.75188640741185e-07,NA,NA,NA,NA,NA,NA,NA,NA,20.2,5.26687763290548,5
"noisy_grouping",0.9,"Top-M support atoms","atom truncation","M=32, beta=0.08","full",0.0335343436324838,0.00622682968838784,0.0723244852129346,0.0212600722404208,0.0180170917365442,0.00569094993774678,0.00406933129604488,0.00132833376603608,8.42998531245559,0.444152897499301,26.4,3.4,5.26654180429267,0.997282420335006,33,0,32,0,0.745155712721761,0.0365069193211457,-0.000177116149332646,0.000290454644030932,0.000201434304193438,0.000195460485661556,0.0209850043781227,0.0057049240057536,30.8,0.374165738677394,8.92368382587883e-07,1.11117117445983e-07,NA,NA,NA,NA,NA,NA,NA,NA,16,3.22490309931942,5
"one_representative",0.9,"Top-M support atoms","atom truncation","M=32, beta=0.08","full",0.0334996473344779,0.00671994910256681,0.0810005524916838,0.0172869202303164,0.01997859633916,0.00504028800976524,0.00441215189319735,0.00120567723860081,7.89049750803624,0.12599641886778,30.8,1.35646599662505,4.81905815685225,0.368697304475099,33,0,32,0,0.710679524815324,0.0266816391465982,0.000229976103337437,0.000247823964195591,-1.76750678848148e-05,0.000146818963096667,0.0173865213288595,0.00365435541080317,30.6,0.4,1.23159848699483e-06,1.46560043542721e-07,NA,NA,NA,NA,NA,NA,NA,NA,16.6,1.83303027798234,5
"ordered_interval",0.9,"Top-M support atoms","atom truncation","M=32, beta=0.08","full",0.034592831649427,0.0109692835498743,0.0298219708385249,0.0152981161331105,0.0101057475892578,0.00527540678290044,0.00159640638038414,0.000596406380384144,6.95310861558185,0.392201120776133,15.6,2.4,3.11836218221287,1.00663113419406,33,0,32,0,0.585087488343646,0.0305733301116584,0.0028930565192526,0.00196602829939314,-0.00185921172016314,0.00134685443358232,0.0394355482215093,0.0101328714802126,32.8,0.860232526704263,9.73017132610553e-07,1.16849924110883e-07,NA,NA,NA,NA,NA,NA,NA,NA,6.2,1.49666295470958,5
"weak_signal",0.9,"Top-M support atoms","atom truncation","M=32, beta=0.08","full",0.0755678895303646,0.0176790979502409,0.204649775161039,0.0498597555470113,0.0674602973041964,0.0217089790795241,0.0149119139921385,0.00483037238077067,5.97052084069598,1.13754350048957,32,1,12.230781744129,3.30552455753257,33,0,32,0,0.679945730269993,0.128717195394559,0.00331891870533725,0.00117766466289712,-0.00227058011781089,0.000561270834117141,0.0122387740587804,0.00119554726127494,31.4,0.4,1.12407360448596e-06,2.44722462162235e-07,NA,NA,NA,NA,NA,NA,NA,NA,42.6,12.1597697346619,5
"graph_community",0.7,"Top-M support atoms","atom truncation","M=8, beta=0.005","full",0.0863241637727621,0.017300612295768,0.0494889320088881,0.00183610783682295,0.0364504731624927,0.00315272988565868,0.384538547970502,0.0871774763791975,28.6608814750189,4.52273715303738,9,0,4.01189484746485,0.437060964321934,9,0,8,0,0.191434619585289,0.0222357641354222,0.00519499388660227,0.00355146168621268,-0.00324795718952915,0.00140169982900651,0.00369559052722401,0.000728498018562561,48.4,3.9319206502675,1.01444666013584e-06,4.62369627798186e-08,NA,NA,NA,NA,NA,NA,NA,NA,25,7.03562363973514,5
"misspecified_grouping",0.7,"Top-M support atoms","atom truncation","M=8, beta=0.005","full",0.0218630240703406,0.00274586008796897,0.0363544786613352,0.00240161169144698,0.0168650634936252,0.00174170988808052,0.0869596256128764,0.0111673462029105,12.4042364192608,0.76270445176583,9,0,2.29713211398947,0.24119400185984,9,0,8,0,0.0975654156942085,0.00601015447739428,-0.000106142048963775,0.000216680849665118,2.80759246316986e-05,0.000133396521798926,0.00449339302983929,0.000229026284644349,59.6,1.6,9.41964458803235e-07,4.01847985331245e-08,NA,NA,NA,NA,NA,NA,NA,NA,4.8,0.489897948556636,5
"multi_representative",0.7,"Top-M support atoms","atom truncation","M=8, beta=0.005","full",0.0387917240924076,0.00298455863042794,0.0469040405629508,0.00133354811526901,0.0260684989373004,0.00140730051271011,0.157048332651459,0.0126050105233352,16.8972057413583,0.812578260855876,9,0,3.67101679209384,0.223201967920974,9,0,8,0,0.130096860377909,0.0052752117245535,0.00109294041975114,0.000196397448867429,-0.000679467865188021,0.000174038629745933,0.00359796001581652,0.000142055061214834,50,1.70293863659264,1.02408555315014e-06,3.57548237274332e-08,NA,NA,NA,NA,NA,NA,NA,NA,7.8,0.8,5
"noisy_grouping",0.7,"Top-M support atoms","atom truncation","M=8, beta=0.005","full",0.0230039944904904,0.00318951576063964,0.0372582034050767,0.00286380022526828,0.0175480517985043,0.0020349253594037,0.0909144081438496,0.012510414769465,12.396512618357,0.672767846487679,9,0,2.19819760792837,0.225318581501973,9,0,8,0,0.0984735834631764,0.00612370382694535,-0.000219238621546358,0.000106844717169514,0.000145642666571,8.86921816071951e-05,0.00450750615634108,0.000375785361526667,59.6,1.56843871413581,9.61391439524562e-07,2.21101652514478e-08,NA,NA,NA,NA,NA,NA,NA,NA,5.2,0.374165738677394,5
"one_representative",0.7,"Top-M support atoms","atom truncation","M=8, beta=0.005","full",0.0159403187852767,0.00148098790583094,0.0309723505412987,0.00155699758213438,0.0130486789338102,0.00101467752138455,0.0632179123565786,0.00582932645769631,10.9416338444577,0.315349097329978,9,0,1.88136728976707,0.0595286033772916,9,0,8,0,0.0850504746108459,0.00310302673758946,-0.000132414272665526,0.000132504038164708,0.000104796955519237,0.000136173631607199,0.00524790873191796,0.000178698027086601,62.4,0.678232998312527,9.81046497511296e-07,1.71375225863225e-08,NA,NA,NA,NA,NA,NA,NA,NA,4,0,5
"ordered_interval",0.7,"Top-M support atoms","atom truncation","M=8, beta=0.005","full",0.0212594670598701,0.00579127989920547,0.0346942188810162,0.00428530569775585,0.0160604311224183,0.00334872514194999,0.0833011279285955,0.022145219307428,11.7037680454568,1.02140577704791,9,0,2.35951602593262,0.552398519442108,9,0,8,0,0.0924384817221633,0.00918221670496578,-6.03462897824869e-05,2.97479723808676e-05,4.93692747554953e-05,2.81613537898866e-05,0.00496598947643312,0.000449485581076956,59,3.80788655293195,1.00039896516746e-06,2.94169443678458e-08,NA,NA,NA,NA,NA,NA,NA,NA,4.4,1.16619037896906,5
"weak_signal",0.7,"Top-M support atoms","atom truncation","M=8, beta=0.005","full",0.0828154936906404,0.0105419209182722,0.0604653738907346,0.00145712101241931,0.0421301782767246,0.00276384864706073,0.309259291836406,0.0435521519926046,20.8597672040425,2.71624089809932,9,0,5.17185073218848,0.513206161635535,9,0,8,0,0.163142117207031,0.0142048835409077,0.00451039386461147,0.00221083775101337,-0.00229468407286655,0.00118875542621858,0.00346863175871599,0.000658353022278256,44,2.40831891575846,9.19720296480021e-07,6.62604243923862e-08,NA,NA,NA,NA,NA,NA,NA,NA,20.6,3.28024389337134,5
"graph_community",0.9,"Top-M support atoms","atom truncation","M=8, beta=0.005","full",0.121412387136874,0.00373855081784195,0.0448215941827339,0.00282088449019987,0.0393910497251521,0.00137206994289431,0.589787236192179,0.0382210172091427,39.0310821556702,2.06661883073766,9,0,4.0443671038535,0.184941146412008,9,0,8,0,0.238583902971058,0.0075648195005903,0.00184726606222534,0.00150868539500773,-0.000504153285382402,0.00144223175105826,0.00287373464002825,2.67839324276138e-05,52,1.04880884817015,1.10312228598364e-06,1.94125932364594e-08,NA,NA,NA,NA,NA,NA,NA,NA,77.6,10.7591821250502,5
"misspecified_grouping",0.9,"Top-M support atoms","atom truncation","M=8, beta=0.005","full",0.0690823602296443,0.00754005025506644,0.055792153840151,0.00121053821639039,0.0373159065729676,0.00219732026539495,0.27430753398174,0.0306190512352577,21.86154440938,1.59721620305245,9,0,3.97005266144872,0.430591549493475,9,0,8,0,0.163744647083516,0.00899583887227098,-0.000172610675722185,0.000857145999019631,-0.000285923664621145,0.000789023205960413,0.00408233103232889,0.000791404155880782,42.2,3.4554305086342,9.6495219002457e-07,9.20318671797762e-08,NA,NA,NA,NA,NA,NA,NA,NA,16.4,3.4,5
"multi_representative",0.9,"Top-M support atoms","atom truncation","M=8, beta=0.005","full",0.0773826413069898,0.0157872272261818,0.0530754180328574,0.00196914178457663,0.0370212853146383,0.00393040953249892,0.317625841183818,0.0693357834471016,24.2173842306591,3.58564530036676,9,0,4.32089314906779,0.393866629962081,9,0,8,0,0.17271607834363,0.019074136297882,0.00181413621185267,0.000636303509978012,-0.00126322273279511,0.000716879495099453,0.00304330989822061,0.000208698236093736,48.4,1.88679622641132,9.94097691026095e-07,2.32569141389112e-08,NA,NA,NA,NA,NA,NA,NA,NA,20.2,5.26687763290548,5
"noisy_grouping",0.9,"Top-M support atoms","atom truncation","M=8, beta=0.005","full",0.065254658597064,0.0118116252725305,0.0530872532791893,0.00343764736879145,0.035023033516319,0.00429487486029089,0.26092680221515,0.0472610938518055,21.5692821053136,2.42439072079319,9,0,4.30152208225618,0.514965546505332,9,0,8,0,0.159509568309711,0.0152129433801762,-0.000366335366250991,0.000476117637439111,0.00011806367515037,0.000350141124499728,0.0035520685292574,0.000480120075038776,45.2,3.7868192457523,9.27788961660458e-07,5.61118963121473e-08,NA,NA,NA,NA,NA,NA,NA,NA,16,3.22490309931942,5
"one_representative",0.9,"Top-M support atoms","atom truncation","M=8, beta=0.005","full",0.0700197674452888,0.00671455395304808,0.0561896947054398,0.000828017620298109,0.0377457880609109,0.0018381748967996,0.277706526809359,0.0271345647218101,22.0235975332583,1.43942526485909,9,0,4.16965427330643,0.179993062394669,9,0,8,0,0.164883556978691,0.00800908982070677,4.77159067065359e-05,0.000304706993831995,0.000238695132694611,7.10503185487009e-05,0.00307502303064324,6.95846607017821e-05,41,1.30384048104053,1.01915455304469e-06,4.64351761262994e-08,NA,NA,NA,NA,NA,NA,NA,NA,16.6,1.83303027798234,5
"ordered_interval",0.9,"Top-M support atoms","atom truncation","M=8, beta=0.005","full",0.0298571187681334,0.00595467061520587,0.0421453724218224,0.00362620207581168,0.0213798346883175,0.00314479961472319,0.114961143219854,0.0219528183166398,12.9924612570337,1.09816513213888,9,0,3.19481354906124,0.788891661663684,9,0,8,0,0.106042066176313,0.00867822619560671,-1.68984687753503e-05,0.000233588939789772,-4.22183171442379e-05,0.000157017728051775,0.00422762820690741,0.000162127998581955,53.6,4.6108567533594,9.60231507923791e-07,4.26520445112864e-08,NA,NA,NA,NA,NA,NA,NA,NA,6.2,1.49666295470958,5
"weak_signal",0.9,"Top-M support atoms","atom truncation","M=8, beta=0.005","full",0.106302366607044,0.0105732435054081,0.0526393636739189,0.00563069421162066,0.0414958186009051,0.00217134184223672,0.478503906193498,0.0875587829336287,31.0368173858793,5.09295407222801,9,0,4.32102413729256,0.4858237483292,9,0,8,0,0.206384424610541,0.0200691958886996,0.00290641939538076,0.000877657121916388,-0.00222393606244502,0.00128971038397071,0.00322846071896783,0.000400968371422606,46.2,3.21558703816271,9.43680171894278e-07,7.44191032530542e-08,NA,NA,NA,NA,NA,NA,NA,NA,42.6,12.1597697346619,5
"graph_community",0.7,"Top-M support atoms","atom truncation","M=8, beta=0.02","full",0.136882418634066,0.037723738069417,0.172762844602789,0.0257154397523826,0.10107668178021,0.0244415776834447,0.143561641195777,0.0408814623458341,16.5411811890071,2.17348198689338,9,0,5.04850490783981,0.990318728409761,9,0,8,0,0.50206933269313,0.0689134037961723,0.0102976663006247,0.00690928664034518,-0.00611510097172104,0.00291062288536736,0.0043851883143589,0.000515940011436328,32.8,0.374165738677394,1.07950467078677e-06,8.18873424481465e-08,NA,NA,NA,NA,NA,NA,NA,NA,25,7.03562363973514,5
"misspecified_grouping",0.7,"Top-M support atoms","atom truncation","M=8, beta=0.02","full",0.0249064036859441,0.00295561512318951,0.0670231509688962,0.0062312860745672,0.0217851924182724,0.00277806682087484,0.0229251467101366,0.00314516959289436,9.08616996156993,0.391267166987437,9,0,1.97122525868587,0.206160437299097,9,0,8,0,0.248088897001704,0.0133060397068388,-0.000345553729156611,0.000182676680518051,0.000186552745375179,0.000128615550476031,0.00513555683203555,0.000386014200210899,32.4,0.244948974278318,8.2850647170063e-07,1.22034190977705e-07,NA,NA,NA,NA,NA,NA,NA,NA,4.8,0.489897948556636,5
"multi_representative",0.7,"Top-M support atoms","atom truncation","M=8, beta=0.02","full",0.044489187082593,0.00374307056974697,0.101073915030659,0.00542412240722868,0.039099077928653,0.00307082190585059,0.0438577211538804,0.00395715263514003,11.141400897593,0.437768918392568,9,0,3.19346876829541,0.223848720975477,9,0,8,0,0.322750373109489,0.0133938414334964,0.00223213401655826,0.000447131008669118,-0.00144103741088188,0.000324235760859869,0.00533463182305436,0.000416849560204965,32.6,0.244948974278318,6.84007264173391e-07,1.23308742225506e-07,NA,NA,NA,NA,NA,NA,NA,NA,7.8,0.8,5
"noisy_grouping",0.7,"Top-M support atoms","atom truncation","M=8, beta=0.02","full",0.0259710963789418,0.00348813246896524,0.0694474618265,0.00727153575927046,0.0228642845146584,0.00318748070822253,0.0240699715444362,0.00353245019710475,8.91636896039531,0.213846762737507,9,0,1.86872549929281,0.183969378182097,9,0,8,0,0.247168141101866,0.0113248984837186,-0.000254736247125731,0.000175962929368247,0.000164625906342053,0.000129740268707091,0.00446609051902329,0.000400342811033929,32.4,0.244948974278318,8.24171619218106e-07,1.48806194796994e-07,NA,NA,NA,NA,NA,NA,NA,NA,5.2,0.374165738677394,5
"one_representative",0.7,"Top-M support atoms","atom truncation","M=8, beta=0.02","full",0.0186043799952041,0.00161794958656821,0.0534015194321488,0.00361849863233638,0.0158196864535759,0.00147100885069608,0.0162457614552281,0.0015919472612036,8.49373170387004,0.0956296060349517,9,0,1.63031106668503,0.0416321595095467,9,0,8,0,0.222788666042373,0.00550297128339235,-0.000160030104570863,0.000157434594624522,0.000116393171611584,0.000158619655157848,0.00364108098269575,0.000267535124288561,33,0,4.66832060985745e-07,2.37985144815725e-08,NA,NA,NA,NA,NA,NA,NA,NA,4,0,5
"ordered_interval",0.7,"Top-M support atoms","atom truncation","M=8, beta=0.02","full",0.0241750886082509,0.00674031904555797,0.0645146057006594,0.0122984704599663,0.0212693467837599,0.00589986944988841,0.0222166065263357,0.00652350899469673,8.48807399333178,0.188171559561407,9,0,2.07725296344632,0.499441462840425,9,0,8,0,0.233632839148849,0.0157827529625661,0.00022645242333259,0.000195748233477374,-0.000151986628666378,0.000131890714021121,0.00497988940385936,0.000774699744880754,32.8,0.2,6.55598638837906e-07,8.30909686598425e-08,NA,NA,NA,NA,NA,NA,NA,NA,4.4,1.16619037896906,5
"weak_signal",0.7,"Top-M support atoms","atom truncation","M=8, beta=0.02","full",0.111308891769787,0.0185775888234438,0.175118536741691,0.0157509962077619,0.08883230570323,0.0130246453313657,0.101558554159526,0.0178008763108875,9.23315068447157,1.38512835570441,9,0,5.6561038155503,0.927338960610638,9,0,8,0,0.358108038807188,0.0421730031595284,0.0076431332050809,0.00387332918053749,-0.00388325810225466,0.00203198471741739,0.00578485397940813,0.000775969164964506,31.6,0.244948974278318,1.05649096199811e-06,8.93892170134108e-08,NA,NA,NA,NA,NA,NA,NA,NA,20.6,3.28024389337134,5
"graph_community",0.9,"Top-M support atoms","atom truncation","M=8, beta=0.02","full",0.22813188247193,0.0180144910329537,0.225051624355077,0.00555551630764674,0.15745182446268,0.0100477797107897,0.249093816159895,0.0239190748150703,21.9641048413376,1.44479573361293,9,0,6.75665697168898,0.405647304948104,9,0,8,0,0.662430791660938,0.0343413096159243,0.00406555003970586,0.00259426698069763,-0.001199647827361,0.00241331813194288,0.00502276912496734,0.000272773341921031,33.8,0.489897948556636,1.32230173452985e-06,8.87907561208496e-08,NA,NA,NA,NA,NA,NA,NA,NA,77.6,10.7591821250502,5
"misspecified_grouping",0.9,"Top-M support atoms","atom truncation","M=8, beta=0.02","full",0.0885657825283027,0.0122974257515898,0.151052080596025,0.0113303312237794,0.0719189235033009,0.00865482818300454,0.0861138419521549,0.0121408464216668,12.0590168247716,0.635061569701431,9,0,3.78967995752099,0.632231873492676,9,0,8,0,0.390951920805112,0.0238266675930721,-0.000122592602073013,0.00107161190960147,-0.000417697608250655,0.00098974747835019,0.00567044449413179,0.000822724407630506,32.2,0.2,1.13856404424517e-06,1.32931406317588e-07,NA,NA,NA,NA,NA,NA,NA,NA,16.4,3.4,5
"multi_representative",0.9,"Top-M support atoms","atom truncation","M=8, beta=0.02","full",0.110053226098835,0.0288135522537058,0.160913383202952,0.0236301676415315,0.0848898089606614,0.0195705895040555,0.109008099014379,0.0293136898648447,13.3769143439599,1.51445880021881,9,0,4.84242404164578,0.94193864693141,9,0,8,0,0.426951873670377,0.0534332305832971,0.0028018193164784,0.00111775253392699,-0.00198740666157855,0.00124752746435212,0.00482773083497303,0.000234473191157988,32.4,0.244948974278318,9.14496875659144e-07,1.0312058987052e-07,NA,NA,NA,NA,NA,NA,NA,NA,20.2,5.26687763290548,5
"noisy_grouping",0.9,"Top-M support atoms","atom truncation","M=8, beta=0.02","full",0.0847241343973692,0.0175668034981558,0.1427667951485,0.0193067358641923,0.0681459742488967,0.0130602851413445,0.0828788545380486,0.0174226347212505,12.382922584135,0.922666303039142,9,0,4.23010075764544,0.653156719003114,9,0,8,0,0.389041626926078,0.0365036246627639,-0.000505684681512574,0.000641663265855453,0.00022744606832421,0.000447497787417677,0.00548843870848039,0.000683308312546426,32.4,0.244948974278318,9.14070095547893e-07,5.9445933773744e-08,NA,NA,NA,NA,NA,NA,NA,NA,16,3.22490309931942,5
"one_representative",0.9,"Top-M support atoms","atom truncation","M=8, beta=0.02","full",0.0897350148917129,0.0110423936588498,0.152656314795255,0.00978330314629361,0.0728437650335047,0.00771533506313376,0.0872298390761595,0.0109991717218934,12.1019281106907,0.607754583438651,9,0,3.90365038976563,0.245917710689686,9,0,8,0,0.393340925717231,0.0218809723415946,0.000138749177889208,0.000388967960747254,0.000268631113013029,8.91578175470114e-05,0.00590693539481099,0.000499683763661957,32.6,0.244948974278318,9.65296975352637e-07,1.80608677362091e-07,NA,NA,NA,NA,NA,NA,NA,NA,16.6,1.83303027798234,5
"ordered_interval",0.9,"Top-M support atoms","atom truncation","M=8, beta=0.02","full",0.0343028711590656,0.00719529180904614,0.0836938206993365,0.0116514547296027,0.0300185285704723,0.00618993694478514,0.0316184299011536,0.00699279539369505,8.57010987751146,0.439589261105578,9,0,2.87141569690358,0.811775477365013,9,0,8,0,0.254162362413427,0.0174622170139416,0.000496181716225364,0.000454504274928635,-0.00037704464194781,0.00028775034516131,0.00553285172657247,0.000605062847383589,32.2,0.374165738677394,7.13568746024684e-07,1.08280536256824e-07,NA,NA,NA,NA,NA,NA,NA,NA,6.2,1.49666295470958,5
"weak_signal",0.9,"Top-M support atoms","atom truncation","M=8, beta=0.02","full",0.188735293365387,0.0422019041724315,0.213105539765995,0.0177671894311453,0.137882967570265,0.0264695159289423,0.193597829788648,0.0514303113280774,15.5891804932555,3.30662639691221,9,0,5.96361891741482,0.676457864165748,9,0,8,0,0.523132586730291,0.0829274361066978,0.0051719635689905,0.00120143924173962,-0.0034311088984694,0.00180712231908957,0.00449117135209303,0.000184819175244676,33.4,0.509901951359279,9.43700007827175e-07,1.23648396304573e-07,NA,NA,NA,NA,NA,NA,NA,NA,42.6,12.1597697346619,5
"graph_community",0.7,"Top-M support atoms","atom truncation","M=8, beta=0.08","full",0.167211122898817,0.0456780024723564,0.377731126142577,0.0834334194711432,0.167328391734749,0.0505443446554773,0.0405014075563347,0.0122245939065397,11.2044306331785,0.802821936935111,9,0,4.89911482882721,1.06203774260616,9,0,8,0,1.27262150249412,0.140238506917011,0.0163250216597798,0.00886606838415756,-0.00999613978398913,0.00429483956048431,0.00686730347235737,0.000707228130672477,31.8,0.734846922834953,1.79410580511963e-06,1.15855066683001e-07,NA,NA,NA,NA,NA,NA,NA,NA,25,7.03562363973514,5
"misspecified_grouping",0.7,"Top-M support atoms","atom truncation","M=8, beta=0.08","full",0.0399019443675261,0.00703195641660423,0.102008034525317,0.0112824335796976,0.0260314246566253,0.00398105940198048,0.00580846566346771,0.000811801132505803,8.15510210987505,0.284205454183215,9,0,1.80003611107816,0.189855405930359,9,0,8,0,0.753849522883958,0.0316159148432714,-0.00123122463380385,0.00142008709442696,0.000783401352151803,0.000927576823224191,0.00711930324039409,0.00135009679182514,30.4,0.678232998312527,1.17773359467055e-06,1.95052562711849e-07,NA,NA,NA,NA,NA,NA,NA,NA,4.8,0.489897948556636,5
"multi_representative",0.7,"Top-M support atoms","atom truncation","M=8, beta=0.08","full",0.0716365487320689,0.00431022661979883,0.167287025839543,0.0109222665833903,0.0500321617787698,0.00428068740880101,0.0113071293893977,0.00105048075332717,9.3935075995256,0.348329091721317,9,0,2.8764480070676,0.217782102549333,9,0,8,0,0.917722043494842,0.034694488130239,0.00636457775650613,0.00169208289810393,-0.00424700616547677,0.00115079690911665,0.0093732441932574,0.000977200333006523,31.2,0.489897948556636,1.31178040660984e-06,2.33408625780238e-07,NA,NA,NA,NA,NA,NA,NA,NA,7.8,0.8,5
"noisy_grouping",0.7,"Top-M support atoms","atom truncation","M=8, beta=0.08","full",0.0368281831830751,0.00544645484929314,0.105282539959448,0.0125159536551059,0.0262534443760362,0.00388706838724875,0.00610608952494604,0.000911232957146276,7.95519188884185,0.0893778691514149,9,0,1.68391224995591,0.150182170701494,9,0,8,0,0.74119210996759,0.0182627458068481,-0.00028410705051356,0.00043884588970256,0.000164862491811934,0.000296091595868004,0.00529816587625377,0.000398126960429177,30.4,0.4,8.5962337081913e-07,7.58627897982935e-08,NA,NA,NA,NA,NA,NA,NA,NA,5.2,0.374165738677394,5
"one_representative",0.7,"Top-M support atoms","atom truncation","M=8, beta=0.08","full",0.0280842933840743,0.00228256753800233,0.0777854556162104,0.00596598713430512,0.017844750933671,0.00172342873400478,0.00409031100285554,0.000408251250021952,7.83888290730041,0.0332240860669458,9,0,1.48826430870921,0.0309896315456106,9,0,8,0,0.704499335752817,0.00856760215617001,-0.000227538832208962,0.000220881112520533,0.000131181054412055,0.000211468822383695,0.0052255090556941,0.000292956118547461,30,0,7.02237087613078e-07,4.95649811515908e-08,NA,NA,NA,NA,NA,NA,NA,NA,4,0,5
"ordered_interval",0.7,"Top-M support atoms","atom truncation","M=8, beta=0.08","full",0.0325522727660908,0.00915017030895453,0.0989282540304219,0.0227257112581645,0.0257217253676009,0.00799791116640987,0.00565509170226372,0.00170637544463362,7.57384072048501,0.103399575774793,9,0,1.91833847134395,0.437410413488291,9,0,8,0,0.704264535152796,0.015706231163067,0.00154826061947908,0.00117828036341441,-0.00109151320507936,0.000817234294664887,0.00790755884010642,0.00140657384423892,31.2,0.8,9.54175233736088e-07,1.73358624736551e-07,NA,NA,NA,NA,NA,NA,NA,NA,4.4,1.16619037896906,5
"weak_signal",0.7,"Top-M support atoms","atom truncation","M=8, beta=0.08","full",0.126464136366066,0.0229975965581758,0.334903249049522,0.0435978603770181,0.123045169239302,0.0232375697864888,0.0274219371177998,0.0050866121040769,5.01016719306347,0.77523999923487,9,0,5.23062461756523,0.941382364828987,9,0,8,0,0.734132786640009,0.0974355944541632,0.0139369791047447,0.0065321463763382,-0.00708303312038172,0.00329701614246881,0.00640973317764347,0.000932400654035057,30.6,0.4,1.28588465152513e-06,1.89673070376956e-07,NA,NA,NA,NA,NA,NA,NA,NA,20.6,3.28024389337134,5
"graph_community",0.9,"Top-M support atoms","atom truncation","M=8, beta=0.08","full",0.284445635581041,0.0277901192804636,0.565300712179001,0.0348374898503729,0.282743641330281,0.0274981850169797,0.0729577898729328,0.00771054901671178,13.1115399760099,0.701998197919539,9,0,7.02579589938955,0.608945749418554,9,0,8,0,1.61229155278818,0.090570454252813,0.00751600281220717,0.00362699278536992,-0.0029655841540428,0.00338514898609993,0.00623839606962026,0.000761500005512352,33,0.836660026534075,1.9131596128652e-06,1.85781070159957e-07,NA,NA,NA,NA,NA,NA,NA,NA,77.6,10.7591821250502,5
"misspecified_grouping",0.9,"Top-M support atoms","atom truncation","M=8, beta=0.08","full",0.0996860625159392,0.0137578208874042,0.275435970151109,0.0284948634533113,0.0930656464039263,0.0134197519501466,0.0229526200794166,0.00343096594026746,8.7466663763408,0.191267709260992,9,0,3.37540569786894,0.604652640343064,9,0,8,0,0.974010491113395,0.043010874654928,0.000276083512223034,0.00117249898112642,-0.000684977098501839,0.001066071568255,0.0068342021636374,0.000985018347123406,31.2,0.489897948556636,1.38740945470062e-06,1.67326216387277e-07,NA,NA,NA,NA,NA,NA,NA,NA,16.4,3.4,5
"multi_representative",0.9,"Top-M support atoms","atom truncation","M=8, beta=0.08","full",0.129795435490158,0.0315956092887621,0.317430789158734,0.0647791973619494,0.120693631798908,0.0335145482744055,0.029924639856748,0.00849064953967794,9.23827192944505,0.439918010526794,9,0,4.45885063406916,0.962622086719688,9,0,8,0,1.05509224380779,0.0991234654002879,0.00357511980478464,0.00141791369229861,-0.0025538116014117,0.00157704310193577,0.0065261522609894,0.000607203117705125,30.6,0.244948974278318,1.37032626170708e-06,2.4273953131746e-07,NA,NA,NA,NA,NA,NA,NA,NA,20.2,5.26687763290548,5
"noisy_grouping",0.9,"Top-M support atoms","atom truncation","M=8, beta=0.08","full",0.0964139837785285,0.0179819604492073,0.261240667603114,0.0440404365839702,0.0887838239120811,0.019153981828317,0.0221587224165164,0.0048412135701692,9.22899364026272,0.477179463257405,9,0,3.78394821049939,0.587316764525056,9,0,8,0,0.998288807085647,0.0668838814329007,-0.000664482805460321,0.000720737618286397,0.000436347265541536,0.000472951157530266,0.00729030159326468,0.00102235099463766,31.2,0.734846922834953,1.21499809342396e-06,1.54133237183357e-07,NA,NA,NA,NA,NA,NA,NA,NA,16,3.22490309931942,5
"one_representative",0.9,"Top-M support atoms","atom truncation","M=8, beta=0.08","full",0.10025278503429,0.0126920667094766,0.278643808530991,0.0253412529063853,0.0942513435829888,0.0121737526852715,0.0232511707550939,0.00310868968424456,8.74688912830623,0.202618466958479,9,0,3.4433293465525,0.205251637960758,9,0,8,0,0.977165625244034,0.0412185610476303,0.000375351769429821,0.000413071084618297,0.000163341734877065,0.00016518481407627,0.00775875370659209,0.00165060491881028,30.8,0.374165738677394,1.36166575575025e-06,1.32734899775011e-07,NA,NA,NA,NA,NA,NA,NA,NA,16.6,1.83303027798234,5
"ordered_interval",0.9,"Top-M support atoms","atom truncation","M=8, beta=0.08","full",0.0507856184418945,0.0119447769578704,0.134374140565103,0.0240295530474053,0.0386648817359968,0.0101685870890713,0.00810274086467862,0.00185056307850983,7.2366250381709,0.373227903347995,9,0,2.68300124376962,0.801549688619943,9,0,8,0,0.712449899229647,0.0336694338456483,0.00309825599552861,0.00225503002651105,-0.00203153651190302,0.00150046628841797,0.00703601286981589,0.000914921231979634,31.2,0.734846922834953,8.83208111535084e-07,4.63735069146536e-08,NA,NA,NA,NA,NA,NA,NA,NA,6.2,1.49666295470958,5
"weak_signal",0.9,"Top-M support atoms","atom truncation","M=8, beta=0.08","full",0.235388846953436,0.0632157762222634,0.502681887684437,0.0933892524765499,0.247473453021406,0.0766738249685531,0.0558427284936375,0.0161247506775297,8.05369113023677,1.57122982231494,9,0,6.04352483661264,0.967850425149558,9,0,8,0,1.14523586171182,0.207688256682705,0.0083489409964269,0.00241784792201612,-0.00523209723646465,0.00199630463055711,0.00575920796523305,0.000515423506952735,33,1.4142135623731,1.57851488755689e-06,2.58608928065154e-07,NA,NA,NA,NA,NA,NA,NA,NA,42.6,12.1597697346619,5
"graph_community",0.7,"Elastic net","predictive selection","alpha=0.5, lambda.min","full",NA,NA,NA,NA,NA,NA,NA,NA,8.8,0.860232526704263,NA,NA,NA,NA,NA,NA,8.8,0.860232526704263,NA,NA,-0.0330964397286838,0.0189815253042021,-0.00262659363351581,0.0155477058214108,NA,NA,NA,NA,NA,NA,NA,NA,NA,NA,NA,NA,0.0360000000000127,0.00600000000009687,25,7.03562363973514,5
"misspecified_grouping",0.7,"Elastic net","predictive selection","alpha=0.5, lambda.min","full",NA,NA,NA,NA,NA,NA,NA,NA,7.4,0.812403840463596,NA,NA,NA,NA,NA,NA,7.4,0.812403840463596,NA,NA,0.0358440773828767,0.00857094188933856,-0.0454051047727559,0.0105159645735876,NA,NA,NA,NA,NA,NA,NA,NA,NA,NA,NA,NA,0.0459999999998217,0.0040000000000191,4.8,0.489897948556636,5
"multi_representative",0.7,"Elastic net","predictive selection","alpha=0.5, lambda.min","full",NA,NA,NA,NA,NA,NA,NA,NA,8.8,0.58309518948453,NA,NA,NA,NA,NA,NA,8.8,0.58309518948453,NA,NA,-0.0426860817862112,0.00985333977409516,0.0187488459261165,0.00805724848007792,NA,NA,NA,NA,NA,NA,NA,NA,NA,NA,NA,NA,0.0479999999998313,0.00734846922842716,7.8,0.8,5
"noisy_grouping",0.7,"Elastic net","predictive selection","alpha=0.5, lambda.min","full",NA,NA,NA,NA,NA,NA,NA,NA,8,0.707106781186548,NA,NA,NA,NA,NA,NA,8,0.707106781186548,NA,NA,0.0568771001638252,0.0150892898300475,-0.0479891713594303,0.0125962045193476,NA,NA,NA,NA,NA,NA,NA,NA,NA,NA,NA,NA,0.04399999999996,0.00748331477363224,5.2,0.374165738677394,5
"one_representative",0.7,"Elastic net","predictive selection","alpha=0.5, lambda.min","full",NA,NA,NA,NA,NA,NA,NA,NA,9,0.836660026534075,NA,NA,NA,NA,NA,NA,9,0.836660026534075,NA,NA,0.0447879982382859,0.0265411287990977,-0.0581138261171277,0.0181279311828305,NA,NA,NA,NA,NA,NA,NA,NA,NA,NA,NA,NA,0.0420000000000527,0.00374165738675838,4,0,5
"ordered_interval",0.7,"Elastic net","predictive selection","alpha=0.5, lambda.min","full",NA,NA,NA,NA,NA,NA,NA,NA,6.2,1.06770782520313,NA,NA,NA,NA,NA,NA,6.2,1.06770782520313,NA,NA,0.00438373534135028,0.0166532431651626,-0.0189634333867357,0.0173412920368188,NA,NA,NA,NA,NA,NA,NA,NA,NA,NA,NA,NA,0.0299999999999272,0.00447213595504635,4.4,1.16619037896906,5
"weak_signal",0.7,"Elastic net","predictive selection","alpha=0.5, lambda.min","full",NA,NA,NA,NA,NA,NA,NA,NA,6.8,1.01980390271856,NA,NA,NA,NA,NA,NA,6.8,1.01980390271856,NA,NA,-0.0669743362945724,0.0131341650175604,0.0263548795777815,0.0043995235590898,NA,NA,NA,NA,NA,NA,NA,NA,NA,NA,NA,NA,0.0280000000001678,0.00489897948553521,20.6,3.28024389337134,5
"graph_community",0.9,"Elastic net","predictive selection","alpha=0.5, lambda.min","full",NA,NA,NA,NA,NA,NA,NA,NA,8.4,0.678232998312527,NA,NA,NA,NA,NA,NA,8.4,0.678232998312527,NA,NA,-0.0285120196679813,0.0151049513985825,0.0160342323357741,0.00494708248858576,NA,NA,NA,NA,NA,NA,NA,NA,NA,NA,NA,NA,0.0419999999999618,0.00583095189487899,77.6,10.7591821250502,5
"misspecified_grouping",0.9,"Elastic net","predictive selection","alpha=0.5, lambda.min","full",NA,NA,NA,NA,NA,NA,NA,NA,7,0.707106781186548,NA,NA,NA,NA,NA,NA,7,0.707106781186548,NA,NA,0.0307265213538563,0.0249635507163929,-0.0453473949189392,0.0213127302398697,NA,NA,NA,NA,NA,NA,NA,NA,NA,NA,NA,NA,0.0420000000000073,0.00583095189477761,16.4,3.4,5
"multi_representative",0.9,"Elastic net","predictive selection","alpha=0.5, lambda.min","full",NA,NA,NA,NA,NA,NA,NA,NA,8.6,0.678232998312527,NA,NA,NA,NA,NA,NA,8.6,0.678232998312527,NA,NA,-0.0117627030051164,0.00811273556270098,-0.0226024868357285,0.0205510581989897,NA,NA,NA,NA,NA,NA,NA,NA,NA,NA,NA,NA,0.0500000000000227,0.00632455532036696,20.2,5.26687763290548,5
"noisy_grouping",0.9,"Elastic net","predictive selection","alpha=0.5, lambda.min","full",NA,NA,NA,NA,NA,NA,NA,NA,9.2,0.860232526704263,NA,NA,NA,NA,NA,NA,9.2,0.860232526704263,NA,NA,0.0274765031276362,0.019522156085181,-0.0446583053343819,0.0160574178476937,NA,NA,NA,NA,NA,NA,NA,NA,NA,NA,NA,NA,0.0299999999999954,0.00547722557500516,16,3.22490309931942,5
"one_representative",0.9,"Elastic net","predictive selection","alpha=0.5, lambda.min","full",NA,NA,NA,NA,NA,NA,NA,NA,7.8,0.58309518948453,NA,NA,NA,NA,NA,NA,7.8,0.58309518948453,NA,NA,0.0248116466777593,0.00651786983437497,-0.0187345217291879,0.00745678439208541,NA,NA,NA,NA,NA,NA,NA,NA,NA,NA,NA,NA,0.05400000000011,0.00871779788706168,16.6,1.83303027798234,5
"ordered_interval",0.9,"Elastic net","predictive selection","alpha=0.5, lambda.min","full",NA,NA,NA,NA,NA,NA,NA,NA,7,0.632455532033676,NA,NA,NA,NA,NA,NA,7,0.632455532033676,NA,NA,0.00572388338601133,0.0214912092566261,-0.0203969587589363,0.0200598361476207,NA,NA,NA,NA,NA,NA,NA,NA,NA,NA,NA,NA,0.0339999999998781,0.0040000000000191,6.2,1.49666295470958,5
"weak_signal",0.9,"Elastic net","predictive selection","alpha=0.5, lambda.min","full",NA,NA,NA,NA,NA,NA,NA,NA,5.8,0.58309518948453,NA,NA,NA,NA,NA,NA,5.8,0.58309518948453,NA,NA,-0.0590991281978683,0.0280685544347329,0.0222484280150383,0.0157789285662923,NA,NA,NA,NA,NA,NA,NA,NA,NA,NA,NA,NA,0.0360000000002174,0.00399999999995941,42.6,12.1597697346619,5
"graph_community",0.7,"Lasso","predictive selection","alpha=1, lambda.min","full",NA,NA,NA,NA,NA,NA,NA,NA,8.8,0.860232526704263,NA,NA,NA,NA,NA,NA,8.8,0.860232526704263,NA,NA,-0.0333483594162986,0.0235509457827227,-0.00381756145953603,0.0183095657039883,NA,NA,NA,NA,NA,NA,NA,NA,NA,NA,NA,NA,0.0379999999999654,0.00374165738683131,25,7.03562363973514,5
"misspecified_grouping",0.7,"Lasso","predictive selection","alpha=1, lambda.min","full",NA,NA,NA,NA,NA,NA,NA,NA,6,0.707106781186548,NA,NA,NA,NA,NA,NA,6,0.707106781186548,NA,NA,0.0328992445712129,0.00347318004636985,-0.0407416848276043,0.00828283066989001,NA,NA,NA,NA,NA,NA,NA,NA,NA,NA,NA,NA,0.0539999999999963,0.00509901951357922,4.8,0.489897948556636,5
"multi_representative",0.7,"Lasso","predictive selection","alpha=1, lambda.min","full",NA,NA,NA,NA,NA,NA,NA,NA,8.8,1.15758369027902,NA,NA,NA,NA,NA,NA,8.8,1.15758369027902,NA,NA,-0.00419187573542842,0.0368261958016525,-0.015833475958328,0.030329438268385,NA,NA,NA,NA,NA,NA,NA,NA,NA,NA,NA,NA,0.0539999999999168,0.0097979589711621,7.8,0.8,5
"noisy_grouping",0.7,"Lasso","predictive selection","alpha=1, lambda.min","full",NA,NA,NA,NA,NA,NA,NA,NA,7,1.14017542509914,NA,NA,NA,NA,NA,NA,7,1.14017542509914,NA,NA,0.0602090105352648,0.0104110923592001,-0.0536071739458442,0.0131040035400141,NA,NA,NA,NA,NA,NA,NA,NA,NA,NA,NA,NA,0.0659999999999626,0.0163095064303075,5.2,0.374165738677394,5
"one_representative",0.7,"Lasso","predictive selection","alpha=1, lambda.min","full",NA,NA,NA,NA,NA,NA,NA,NA,8.4,1.0295630140987,NA,NA,NA,NA,NA,NA,8.4,1.0295630140987,NA,NA,0.0195369211255464,0.026398873120105,-0.0441525407207744,0.0266594922817161,NA,NA,NA,NA,NA,NA,NA,NA,NA,NA,NA,NA,0.0499999999998863,0.00836660026538071,4,0,5
"ordered_interval",0.7,"Lasso","predictive selection","alpha=1, lambda.min","full",NA,NA,NA,NA,NA,NA,NA,NA,5.6,1.28840987267251,NA,NA,NA,NA,NA,NA,5.6,1.28840987267251,NA,NA,0.00571389195608068,0.0158905224263292,-0.0194861661925602,0.0164387560872786,NA,NA,NA,NA,NA,NA,NA,NA,NA,NA,NA,NA,0.0340000000001055,0.00678232998309898,4.4,1.16619037896906,5
"weak_signal",0.7,"Lasso","predictive selection","alpha=1, lambda.min","full",NA,NA,NA,NA,NA,NA,NA,NA,4.8,1.06770782520313,NA,NA,NA,NA,NA,NA,4.8,1.06770782520313,NA,NA,-0.0428848897433303,0.00825068882534325,0.016200161844575,0.00917870400422979,NA,NA,NA,NA,NA,NA,NA,NA,NA,NA,NA,NA,0.0380000000002042,0.00583095189477274,20.6,3.28024389337134,5
"graph_community",0.9,"Lasso","predictive selection","alpha=1, lambda.min","full",NA,NA,NA,NA,NA,NA,NA,NA,7.8,0.8,NA,NA,NA,NA,NA,NA,7.8,0.8,NA,NA,-0.0269802399224561,0.0117619362070458,0.0140868679169914,0.00334795261149287,NA,NA,NA,NA,NA,NA,NA,NA,NA,NA,NA,NA,0.0439999999999145,0.00600000000002108,77.6,10.7591821250502,5
"misspecified_grouping",0.9,"Lasso","predictive selection","alpha=1, lambda.min","full",NA,NA,NA,NA,NA,NA,NA,NA,7,0.948683298050514,NA,NA,NA,NA,NA,NA,7,0.948683298050514,NA,NA,0.0219551209656805,0.0207501573210202,-0.0417945949739763,0.0181360128393766,NA,NA,NA,NA,NA,NA,NA,NA,NA,NA,NA,NA,0.0479999999999791,0.00860232526714845,16.4,3.4,5
"multi_representative",0.9,"Lasso","predictive selection","alpha=1, lambda.min","full",NA,NA,NA,NA,NA,NA,NA,NA,8.2,1.15758369027902,NA,NA,NA,NA,NA,NA,8.2,1.15758369027902,NA,NA,0.000624474862495833,0.0158809248892129,-0.0383634197602656,0.0247377931015043,NA,NA,NA,NA,NA,NA,NA,NA,NA,NA,NA,NA,0.0420000000001664,0.00860232526701629,20.2,5.26687763290548,5
"noisy_grouping",0.9,"Lasso","predictive selection","alpha=1, lambda.min","full",NA,NA,NA,NA,NA,NA,NA,NA,7.6,0.509901951359279,NA,NA,NA,NA,NA,NA,7.6,0.509901951359279,NA,NA,0.00784904060740889,0.0147883086991947,-0.0167409201090202,0.0107946326925538,NA,NA,NA,NA,NA,NA,NA,NA,NA,NA,NA,NA,0.047999999999729,0.00799999999997853,16,3.22490309931942,5
"one_representative",0.9,"Lasso","predictive selection","alpha=1, lambda.min","full",NA,NA,NA,NA,NA,NA,NA,NA,7.8,0.969535971483266,NA,NA,NA,NA,NA,NA,7.8,0.969535971483266,NA,NA,0.0271134154616534,0.00745640614014944,-0.022127938541238,0.00880137836083258,NA,NA,NA,NA,NA,NA,NA,NA,NA,NA,NA,NA,0.0500000000001364,0.00948683298048453,16.6,1.83303027798234,5
"ordered_interval",0.9,"Lasso","predictive selection","alpha=1, lambda.min","full",NA,NA,NA,NA,NA,NA,NA,NA,6.8,0.66332495807108,NA,NA,NA,NA,NA,NA,6.8,0.66332495807108,NA,NA,0.00146196496452591,0.0186451912439265,-0.014207411228579,0.0179093693069493,NA,NA,NA,NA,NA,NA,NA,NA,NA,NA,NA,NA,0.0359999999999673,0.00509901951367732,6.2,1.49666295470958,5
"weak_signal",0.9,"Lasso","predictive selection","alpha=1, lambda.min","full",NA,NA,NA,NA,NA,NA,NA,NA,6,0.632455532033676,NA,NA,NA,NA,NA,NA,6,0.632455532033676,NA,NA,-0.053544412592963,0.030558368927019,0.0184093241945861,0.0174430985001963,NA,NA,NA,NA,NA,NA,NA,NA,NA,NA,NA,NA,0.0300000000000636,1.70153428669376e-13,42.6,12.1597697346619,5
"graph_community",0.7,"Fixed hard dictionary","fixed region dictionary","beta=0.005","full",0.0506124521040147,0.00168017547793684,0.0103030203735806,0.00208905413630417,0.00919165778785098,0.00149920944886805,0.72553171016661,0.0695516211893684,17.5477479398054,1.21013952120564,3.2,0.2,1.94533704286225,0.241345228501856,17,0,NA,NA,0.0974036834436903,0.0040871457688666,0.00312442391556278,0.000414140211875857,-0.0022771190124482,0.000278832462391573,0.0401300040290786,0.00469218393511223,104.2,8.31504660239496,1.1489188224939e-06,7.35685608487833e-08,NA,NA,NA,NA,NA,NA,NA,NA,25,7.03562363973514,5
"misspecified_grouping",0.7,"Fixed hard dictionary","fixed region dictionary","beta=0.005","full",0.024343594354974,0.0100529363614819,0.0107135520035336,0.00437914270970212,0.00836838591446109,0.00342203182481653,0.663832976636521,0.137281032602545,16.4639715414017,2.33498264932774,2.4,0.6,1.98205173436367,0.42277137815646,17,0,NA,NA,0.0924578455145733,0.00753621029308188,-0.00039816888441866,0.000314967016711721,0.000255728467597026,0.000193530356571842,0.378551862924192,0.211687462419159,81.4,16.6240789218531,2.03531083755037e-06,8.78257798761314e-07,NA,NA,NA,NA,NA,NA,NA,NA,4.8,0.489897948556636,5
"multi_representative",0.7,"Fixed hard dictionary","fixed region dictionary","beta=0.005","full",0.0212321909507215,0.00470225718586484,0.0129096887142202,0.00206390237652451,0.00777179713414198,0.00185632444781658,0.143707006639228,0.0648497223946301,7.49089777387937,1.08842733851584,3.4,0.4,2.54206260446132,0.217294490027822,17,0,NA,NA,0.0494464782136708,0.00721449521264159,0.00103224702395015,0.000637382203927333,-0.000670025805569672,0.00042164714444924,0.0265253527335591,0.00201751204826661,116.8,3.2,8.91174049250376e-06,3.93028228930707e-06,NA,NA,NA,NA,NA,NA,NA,NA,7.8,0.8,5
"noisy_grouping",0.7,"Fixed hard dictionary","fixed region dictionary","beta=0.005","full",0.0168175035670033,0.0103159861262654,0.00736792431221503,0.00451466677161275,0.00577424812260186,0.00353304895075277,0.779446065053963,0.135836711408088,18.3620304603796,2.35164384310802,1.8,0.489897948556636,1.76562052064501,0.468881792558483,17,0,NA,NA,0.0987506472389568,0.00751640049644673,-0.000258448947026934,0.000248050057355521,0.000173386333534031,0.000176828983156753,0.589919416669103,0.187435275872251,53.4,5.75847201955519,8.97823052337098e-07,7.16436369627161e-08,NA,NA,NA,NA,NA,NA,NA,NA,5.2,0.374165738677394,5
"one_representative",0.7,"Fixed hard dictionary","fixed region dictionary","beta=0.005","full",0.0440225235635445,0.00156655051014609,0.0181044934281064,0.000413166125187619,0.0144463975805584,0.000122290197218842,0.476310040662202,0.022664215997183,13.1115392531324,0.391502522589685,3,0,2.86115105150398,0.0398828690056952,17,0,NA,NA,0.0826113708532004,0.00156205485388728,-0.000304794076545579,0.000307389390451201,5.8602826161813e-05,0.000246277751427254,0.111615994316656,0.0483333338952545,66.2,4.3977266854592,1.02239299936135e-06,1.14839502028262e-08,NA,NA,NA,NA,NA,NA,NA,NA,4,0,5
"ordered_interval",0.7,"Fixed hard dictionary","fixed region dictionary","beta=0.005","full",0.0556817669759682,0.00817641290378556,0.0568192089075531,0.0082370547632477,0.0332026885704424,0.00478150749641846,0.0034092418349123,0.00239418570241215,12.4883460926428,0.269062507246632,39,2.46981780704569,34.1897677642403,4.03703649327728,49,0,NA,NA,0.11576401155872,0.00967620254979739,0.000699095068520039,0.000750686109778498,-0.000527021364490343,0.000520687362780543,0.0582172628112456,0.0226601689172159,120,0,1.85307269168766e-05,5.77005518183393e-06,NA,NA,NA,NA,NA,NA,NA,NA,4.4,1.16619037896906,5
"weak_signal",0.7,"Fixed hard dictionary","fixed region dictionary","beta=0.005","full",0.0383895379443012,0.00289340755053525,0.0187563051840796,0.000352691681333435,0.0126045750567098,0.000477664490305276,0.207192668230828,0.0390805783656632,8.15443160801087,0.780866757956807,12,1.61245154965971,5.88435681755123,1.06518247440259,17,0,NA,NA,0.0578232879371699,0.00426830978811568,0.00463035070862792,0.000726926536420771,-0.00238518538407062,0.000349026576566563,0.0431112086886492,0.00457969154710006,120,0,1.62582430652938e-05,4.78543130599414e-06,NA,NA,NA,NA,NA,NA,NA,NA,20.6,3.28024389337134,5
"graph_community",0.9,"Fixed hard dictionary","fixed region dictionary","beta=0.005","full",0.0449573204330892,0.000417236776134768,0.0146826007896122,0.000143819258405378,0.0124600794795603,6.34059602722788e-05,0.577716116382327,0.00705151446440735,15.1417225641805,0.112255566396174,3.2,0.2,2.06360639743305,0.0381686365012722,17,0,NA,NA,0.0896674241710903,0.000409777200823175,0.000855607398787673,0.000529418797491516,-0.000650309173384622,0.000310844094901957,0.0592808788215502,0.0178008238276699,95,9.17605579756357,1.43195658559858e-06,3.78305362975322e-07,NA,NA,NA,NA,NA,NA,NA,NA,77.6,10.7591821250502,5
"misspecified_grouping",0.9,"Fixed hard dictionary","fixed region dictionary","beta=0.005","full",0.0261790726223387,0.010180591684184,0.00288868008181719,0.00161109850499954,0.00282283831905746,0.00153223351734317,0.937296779215807,0.0370924913882806,21.0889144563399,0.644311340547999,4,0.316227766016838,1.31672601229195,0.170915310186061,17,0,NA,NA,0.108087802107504,0.0017287454447776,0.000303613504582589,0.000719986905177202,-0.000142709991403932,0.000521998680202648,0.123043088399325,0.0130170771578003,73.6,4.29651021178817,1.07158834387056e-06,1.26751615145276e-08,NA,NA,NA,NA,NA,NA,NA,NA,16.4,3.4,5
"multi_representative",0.9,"Fixed hard dictionary","fixed region dictionary","beta=0.005","full",0.0103610421685775,0.000676033071584167,0.00711354873069946,0.000772844366342437,0.0036670710364068,0.000343047739050466,0.0337256526668915,0.00519910891494312,5.56676803476572,0.0921763504584181,3,0,2.21896193885193,0.0311195130056393,17,0,NA,NA,0.034150740070859,0.00121727042808148,2.29369274760139e-05,3.42022345796835e-05,-1.25160178083394e-05,2.10588178705062e-05,0.0285598351017204,0.004464014984966,120,0,1.19188148717878e-05,1.61815579809959e-06,NA,NA,NA,NA,NA,NA,NA,NA,20.2,5.26687763290548,5
"noisy_grouping",0.9,"Fixed hard dictionary","fixed region dictionary","beta=0.005","full",0.033968073737877,0.00798691626676496,0.0108964279564171,0.0040698609884987,0.00884447477069432,0.00321418887853492,0.678638852048794,0.123922279072325,16.68176843329,2.12192515661471,3,0.316227766016838,2.12055390960922,0.420299646138686,17,0,NA,NA,0.0936492241826352,0.00677018512741257,0.000162248872973869,0.000292211931349719,-5.10715958200512e-05,0.000254103487982497,0.0715724894807245,0.0350256309071675,90.2,12.2898331965898,2.82076451278701e-06,1.08035969783298e-06,NA,NA,NA,NA,NA,NA,NA,NA,16,3.22490309931942,5
"one_representative",0.9,"Fixed hard dictionary","fixed region dictionary","beta=0.005","full",0.0478140776127071,0.00258614490069806,0.0165683809347408,0.00100164527665911,0.0136772986520112,0.000551409636567626,0.534918944059385,0.0388934460885709,14.1458150407058,0.678989553553256,3.4,0.4,2.72470841504193,0.109344838520056,17,0,NA,NA,0.0862985281533617,0.00243968802595598,-9.92782360504484e-05,0.00011999743898602,2.186055190907e-05,6.34086186183667e-05,0.0496960278238394,0.0100627129182352,86.4,9.05869747811461,1.38671644880073e-06,3.38624616768468e-07,NA,NA,NA,NA,NA,NA,NA,NA,16.6,1.83303027798234,5
"ordered_interval",0.9,"Fixed hard dictionary","fixed region dictionary","beta=0.005","full",0.074246819867216,0.0116766216934824,0.0740689816258531,0.00893931543278797,0.0425369801699163,0.00574450761580766,0.0083834294841697,0.00484076034196003,12.5786465801842,0.159011262237081,35.2,3.0232432915662,24.2089891758221,3.30184076973508,49,0,NA,NA,0.133822124765099,0.00951694779537558,0.00084971808234777,0.000270021941831407,-0.000610496503312285,0.00022587111174791,0.0993407394644857,0.00903973785488729,120,0,2.13939828772824e-05,1.52892982590387e-06,NA,NA,NA,NA,NA,NA,NA,NA,6.2,1.49666295470958,5
"weak_signal",0.9,"Fixed hard dictionary","fixed region dictionary","beta=0.005","full",0.0447464314410342,0.00189823024913902,0.0190048973732581,0.000762122787467955,0.0145793573894169,0.000243357500714978,0.397212075629995,0.0477443513424903,11.5705587441898,0.918767701750299,7.4,1.72046505340853,4.46501879525231,0.8981642914194,17,0,NA,NA,0.0754398446801719,0.0040233909525077,0.00204503861137169,0.00152051668533404,-0.0011385030765088,0.000816188319681603,0.0498655987286082,0.00951330984607283,110,9.03327183250897,7.39619147734906e-06,3.77859915084331e-06,NA,NA,NA,NA,NA,NA,NA,NA,42.6,12.1597697346619,5
"graph_community",0.7,"ASK-PC pooled union","support-kernel compression","beta=0.005","full",0.0132552958298411,0.00149397808632731,0.00135399919431345,0.000248951635219749,0.00134361150161762,0.000253843021569672,0.001,0,4.75893224390605,0.324197264450196,83.2,2.47790233867277,20.8332760474751,1.78800845676394,318.6,1.12249721603218,NA,NA,0.0221259320175145,0.00143309541664465,0.000647647683361539,0.00022747323457708,-0.000269524432758006,0.00025953299714358,0.221174569047195,0.068345216274046,0,0,0,0,402.2,1.06770782520313,386,2.04939015319192,318.6,1.12249721603218,NA,NA,25,7.03562363973514,5
"misspecified_grouping",0.7,"ASK-PC pooled union","support-kernel compression","beta=0.005","full",0.00972436130746003,0.00190376675508618,0.00156078850321896,0.000424208563912878,0.00148995328217404,0.000412245426113842,0.001,0,3.76723767554378,0.285871771278217,83.2,8.1816868676331,30.6130312963053,3.88394086799392,306.4,4.5453272709454,NA,NA,0.0170065603032358,0.0016426384224269,0.000134681855047747,0.000336040171348336,-3.21798255552342e-05,0.000196314261404134,0.242080976168131,0.106655648115082,0,0,0,0,408.2,2.31084400165827,393.2,3.2310988842807,306.4,4.5453272709454,NA,NA,4.8,0.489897948556636,5
"multi_representative",0.7,"ASK-PC pooled union","support-kernel compression","beta=0.005","full",0.0121892626463886,0.00196066746456789,0.00140315761501073,0.000338980038347369,0.00128910420205083,0.000295115545721255,0.001,0,4.72262722100369,0.150830227945771,99.4,1.4,39.0363843317828,3.7791324190854,300.4,3.31058907144937,NA,NA,0.0213703339972128,0.000665806068915275,0.000651334153694272,0.000269530506296824,-0.000439068366090023,0.000178364563586193,0.0238047943846768,0.00587286454508614,0,0,0,0,403.4,1.46969384566991,384.2,1.88148877222268,300.4,3.31058907144937,NA,NA,7.8,0.8,5
"noisy_grouping",0.7,"ASK-PC pooled union","support-kernel compression","beta=0.005","full",0.0123023482602107,0.000686910179614752,0.00178199486128421,0.000139855987761957,0.00165772477601959,0.000147636995697384,0.001,0,3.20361171155695,0.190916227814374,66,6.76017751246223,18.4502682599682,2.49286125466263,311.4,2.37907545067406,NA,NA,0.0149179917627217,0.000884069478589776,0.000176988769822329,0.000250465412210016,-0.000131603209227649,0.000179259981295771,0.0844094718257477,0.0478142459234637,0,0,0,0,405.2,1.24096736459909,389.6,1.69115345252878,311.4,2.37907545067406,NA,NA,5.2,0.374165738677394,5
"one_representative",0.7,"ASK-PC pooled union","support-kernel compression","beta=0.005","full",0.0146014005130544,0.00125962145832387,0.00244682655082261,0.000434144604859568,0.00215616265096955,0.000364300711201803,0.001,0,3.90130556287983,0.336149945148003,84.8,3.0886890422961,37.4223436823156,9.75671896447484,292.8,10.0269636480841,NA,NA,0.0184668042715588,0.000992342235503701,-2.26570254046267e-05,5.72951498153387e-05,-1.39468795245178e-05,4.94824378099152e-05,0.0160991782355197,0.000625730360863604,0,0,0,0,401,0.632455532033676,383,0.632455532033676,292.8,10.0269636480841,NA,NA,4,0,5
"ordered_interval",0.7,"ASK-PC pooled union","support-kernel compression","beta=0.005","full",0.0143957574008446,0.00119141173311887,0.0027930328339194,0.000435496456460169,0.00246840155993209,0.000348402212015522,0.001,0,5.1231894222258,0.0505904107164619,88.6,1.0295630140987,70.7719099952198,1.76510370385411,293.2,5.07346035758633,NA,NA,0.0241508140925871,0.000629309350026204,0.000253697424431154,0.000171972288581534,-0.000204795901302912,9.94721959590994e-05,0.0167089954998477,0.000478889465565317,0,0,0,0,529,0,529,0,293.2,5.07346035758633,NA,NA,4.4,1.16619037896906,5
"weak_signal",0.7,"ASK-PC pooled union","support-kernel compression","beta=0.005","full",0.0101327303068631,0.000885716850859942,0.00205189951986915,0.000318223732460972,0.00175207499848623,0.00027579112242348,0.001,0,2.41176849565643,0.271112118230182,35.6,6.20161269348546,15.9520793265839,1.72814814858197,330.2,2.10713075057055,NA,NA,0.0113619703881859,0.00170432391458432,0.0015736736358551,0.000296988091907223,-0.000790118735936752,0.000129227731371584,0.118587775297075,0.0963644649441517,0,0,0,0,416.4,3.05941170815567,408.6,4.38862165149834,330.2,2.10713075057055,NA,NA,20.6,3.28024389337134,5
"graph_community",0.9,"ASK-PC pooled union","support-kernel compression","beta=0.005","full",0.0145867411285441,0.0017470516013414,0.00158785699386327,0.000327241414093846,0.00153721175660564,0.000298769852917718,0.001,0,4.95889178044516,0.133117973136792,81.8,2.93938769133981,23.6682090722931,3.37043804736735,316.6,1.46969384566991,NA,NA,0.02326153416659,0.000761971687384775,0.000474549372298893,0.000338379064947472,-0.000384455538505479,0.000150534145695562,0.122529010743397,0.051207608572932,0,0,0,0,401.2,1.31909059582729,382,1.73205080756888,316.6,1.46969384566991,NA,NA,77.6,10.7591821250502,5
"misspecified_grouping",0.9,"ASK-PC pooled union","support-kernel compression","beta=0.005","full",0.0129889581291275,0.00142163360602113,0.00169652815381874,0.000246066375798659,0.00162411192586861,0.000212388648819474,0.001,0,3.35402181352231,0.106319977248133,65.6,4.69680742632695,18.6590164065218,1.16473373819183,317.6,2.76767050061961,NA,NA,0.015548526498259,0.000397074714311708,0.000501191465468232,0.000209834889675711,-0.000307144419116234,0.000126157809897563,0.387104229295626,0.0989836304370392,0,0,0,0,409.8,2.55734237050888,396.6,4.06939798987516,317.6,2.76767050061961,NA,NA,16.4,3.4,5
"multi_representative",0.9,"ASK-PC pooled union","support-kernel compression","beta=0.005","full",0.0167282614214226,0.00263249904828351,0.00232949855295563,0.000679287179563149,0.00213080186976727,0.000581589961570345,0.001,0,4.57661073791566,0.177527753383342,88.4,3.38526217596215,29.8042470494934,6.43364087274721,288.2,7.74209274033836,NA,NA,0.0219354034895771,0.000990405632541877,0.000200504235427879,8.71392163462455e-05,-0.000146347451178386,6.97403843749557e-05,0.0978845850480154,0.0603365949818699,0,0,0,0,400.4,1.28840987267251,380,1.26491106406735,288.2,7.74209274033836,NA,NA,20.2,5.26687763290548,5
"noisy_grouping",0.9,"ASK-PC pooled union","support-kernel compression","beta=0.005","full",0.0131887470462358,0.000644690610853221,0.001538458546701,0.000108538828391684,0.0014599334983115,8.96354293556114e-05,0.001,0,4.42782265506672,0.381349905556394,81,11.5585466214399,41.3745177798371,8.46268885076257,292,9.65401470891774,NA,NA,0.0201123933951946,0.00169096216900512,-3.85818308376694e-05,0.000158462840867155,0.000109043957928057,0.000203502042437172,0.269056914424711,0.198112158575679,0,0,0,0,403.8,2.35372045918796,385.8,2.35372045918796,292,9.65401470891774,NA,NA,16,3.22490309931942,5
"one_representative",0.9,"ASK-PC pooled union","support-kernel compression","beta=0.005","full",0.0189545415993154,0.00214128913907269,0.00281537449397001,0.000613839624325334,0.00255913001581899,0.000522584284112038,0.001,0,4.19350857351188,0.0830770930512663,88,2.68328157299975,27.9213632176978,3.39704923760079,306.8,2.22261107708929,NA,NA,0.020481872198989,0.00059586790088565,6.30818925919207e-05,0.000106240826357288,-3.47309386845573e-05,5.67542520023909e-05,0.0205485891296217,0.00171726159788871,0,0,0,0,399.8,1.06770782520313,380.6,1.56843871413581,306.8,2.22261107708929,NA,NA,16.6,1.83303027798234,5
"ordered_interval",0.9,"ASK-PC pooled union","support-kernel compression","beta=0.005","full",0.0182276260232145,0.00158963498041695,0.00369271519323101,0.000410673785231853,0.00322993431585001,0.000330274819071737,0.001,0,5.13703232550055,0.0393086165627647,91.4,1.16619037896906,68.1319330045119,3.97808951180379,298.8,2.0591260281974,NA,NA,0.0251642038844406,0.000435768819454107,0.000336624037775923,0.000129963206581203,-0.00022313432860992,7.63544620584261e-05,0.0629477469354689,0.0467109098739581,0,0,0,0,534.2,1.35646599662505,534.2,1.35646599662505,298.8,2.0591260281974,NA,NA,6.2,1.49666295470958,5
"weak_signal",0.9,"ASK-PC pooled union","support-kernel compression","beta=0.005","full",0.0147858598356165,0.00168373667315925,0.00313007837570159,0.000234938673319862,0.00269864210775452,0.000240566601318274,0.001,0,3.11370874198366,0.522464403579303,55,13.6198384718762,14.9071236538523,4.83355681099621,321.8,3.00665927567458,NA,NA,0.0161511087929604,0.00266423976178705,0.000611755569601069,0.000427644859977971,-0.000209858772686911,0.000338027853989636,0.0676331663661747,0.0461364397673715,0,0,0,0,406,3.3466401061363,391.6,5.32541078227774,321.8,3.00665927567458,NA,NA,42.6,12.1597697346619,5
"graph_community",0.7,"ASK-PC pooled-pruned 99%","support-kernel compression","beta=0.005","full",0.0132552958298411,0.00149397808632731,0.00135399919431345,0.000248951635219749,0.00134361150161762,0.000253843021569672,0.001,0,4.75893224390605,0.324197264450196,83.2,2.47790233867277,20.8332760474751,1.78800845676394,106,4.02492235949962,NA,NA,0.0221259320175145,0.00143309541664465,0.000647647683361539,0.00022747323457708,-0.000269524432758006,0.00025953299714358,0.0104029876267769,0.000709777258042146,120,0,1.73066312570205e-06,6.24915770264085e-07,402.2,1.06770782520313,386,2.04939015319192,318.6,1.12249721603218,NA,NA,25,7.03562363973514,5
"misspecified_grouping",0.7,"ASK-PC pooled-pruned 99%","support-kernel compression","beta=0.005","full",0.00972436130746003,0.00190376675508618,0.00156078850321896,0.000424208563912878,0.00148995328217404,0.000412245426113842,0.001,0,3.76723767554378,0.285871771278217,83.2,8.1816868676331,30.6130312963053,3.88394086799392,131.6,4.1424630354416,NA,NA,0.0170065603032358,0.0016426384224269,0.000134681855047747,0.000336040171348336,-3.21798255552342e-05,0.000196314261404134,0.0115695566264591,0.000887356072798117,120,0,3.083771086132e-06,2.40007705322536e-07,408.2,2.31084400165827,393.2,3.2310988842807,306.4,4.5453272709454,NA,NA,4.8,0.489897948556636,5
"multi_representative",0.7,"ASK-PC pooled-pruned 99%","support-kernel compression","beta=0.005","full",0.0121892626463886,0.00196066746456789,0.00140315761501073,0.000338980038347369,0.00128910420205083,0.000295115545721255,0.001,0,4.72262722100369,0.150830227945771,99.4,1.4,39.0363843317828,3.7791324190854,119,3.24037034920393,NA,NA,0.0213703339972128,0.000665806068915275,0.000651334153694272,0.000269530506296824,-0.000439068366090023,0.000178364563586193,0.00996308075973829,0.000366858950499911,120,0,2.40675275391053e-06,2.64619255485007e-07,403.4,1.46969384566991,384.2,1.88148877222268,300.4,3.31058907144937,NA,NA,7.8,0.8,5
"noisy_grouping",0.7,"ASK-PC pooled-pruned 99%","support-kernel compression","beta=0.005","full",0.0123023482602107,0.000686910179614752,0.00178199486128421,0.000139855987761957,0.00165772477601959,0.000147636995697384,0.001,0,3.20361171155695,0.190916227814374,66,6.76017751246223,18.4502682599682,2.49286125466263,120.4,0.678232998312527,NA,NA,0.0149179917627217,0.000884069478589776,0.000176988769822329,0.000250465412210016,-0.000131603209227649,0.000179259981295771,0.0123449502068937,0.000579829015261018,120,0,3.72396173655351e-06,2.23351164969377e-07,405.2,1.24096736459909,389.6,1.69115345252878,311.4,2.37907545067406,NA,NA,5.2,0.374165738677394,5
"one_representative",0.7,"ASK-PC pooled-pruned 99%","support-kernel compression","beta=0.005","full",0.0146014005130544,0.00125962145832387,0.00244682655082261,0.000434144604859568,0.00215616265096955,0.000364300711201803,0.001,0,3.90130556287983,0.336149945148003,84.8,3.0886890422961,37.4223436823156,9.75671896447484,142.6,4.01995024844836,NA,NA,0.0184668042715588,0.000992342235503701,-2.26570254046267e-05,5.72951498153387e-05,-1.39468795245178e-05,4.94824378099152e-05,0.0113370043938568,0.000832381032133514,120,0,3.27484990213581e-06,6.12242346601894e-07,401,0.632455532033676,383,0.632455532033676,292.8,10.0269636480841,NA,NA,4,0,5
"ordered_interval",0.7,"ASK-PC pooled-pruned 99%","support-kernel compression","beta=0.005","full",0.0143957574008446,0.00119141173311887,0.0027930328339194,0.000435496456460169,0.00246840155993209,0.000348402212015522,0.001,0,5.1231894222258,0.0505904107164619,88.6,1.0295630140987,70.7719099952198,1.76510370385411,108.8,5.57135531087365,NA,NA,0.0241508140925871,0.000629309350026204,0.000253697424431154,0.000171972288581534,-0.000204795901302912,9.94721959590994e-05,0.00722827337127972,0.000292234488695213,120,0,7.05135198279111e-07,1.50202407797118e-07,529,0,529,0,293.2,5.07346035758633,NA,NA,4.4,1.16619037896906,5
"weak_signal",0.7,"ASK-PC pooled-pruned 99%","support-kernel compression","beta=0.005","full",0.0101327303068631,0.000885716850859942,0.00205189951986915,0.000318223732460972,0.00175207499848623,0.00027579112242348,0.001,0,2.41176849565643,0.271112118230182,35.6,6.20161269348546,15.9520793265839,1.72814814858197,76.6,8.73842090998139,NA,NA,0.0113619703881859,0.00170432391458432,0.0015736736358551,0.000296988091907223,-0.000790118735936752,0.000129227731371584,0.0128158109210524,0.00077905527742518,120,0,1.26039249260749e-06,1.95150102294193e-07,416.4,3.05941170815567,408.6,4.38862165149834,330.2,2.10713075057055,NA,NA,20.6,3.28024389337134,5
"graph_community",0.9,"ASK-PC pooled-pruned 99%","support-kernel compression","beta=0.005","full",0.0145867411285441,0.0017470516013414,0.00158785699386327,0.000327241414093846,0.00153721175660564,0.000298769852917718,0.001,0,4.95889178044516,0.133117973136792,81.8,2.93938769133981,23.6682090722931,3.37043804736735,98,2.54950975679639,NA,NA,0.02326153416659,0.000761971687384775,0.000474549372298893,0.000338379064947472,-0.000384455538505479,0.000150534145695562,0.0115701685625761,0.000558473476125872,120,0,1.37121709004664e-06,1.03476998888984e-07,401.2,1.31909059582729,382,1.73205080756888,316.6,1.46969384566991,NA,NA,77.6,10.7591821250502,5
"misspecified_grouping",0.9,"ASK-PC pooled-pruned 99%","support-kernel compression","beta=0.005","full",0.0129889581291275,0.00142163360602113,0.00169652815381874,0.000246066375798659,0.00162411192586861,0.000212388648819474,0.001,0,3.35402181352231,0.106319977248133,65.6,4.69680742632695,18.6590164065218,1.16473373819183,109.6,2.9086079144498,NA,NA,0.015548526498259,0.000397074714311708,0.000501191465468232,0.000209834889675711,-0.000307144419116234,0.000126157809897563,0.0124476678758316,0.00108451396597334,120,0,2.86005351718063e-06,3.31499256234104e-07,409.8,2.55734237050888,396.6,4.06939798987516,317.6,2.76767050061961,NA,NA,16.4,3.4,5
"multi_representative",0.9,"ASK-PC pooled-pruned 99%","support-kernel compression","beta=0.005","full",0.0167282614214226,0.00263249904828351,0.00232949855295563,0.000679287179563149,0.00213080186976727,0.000581589961570345,0.001,0,4.57661073791566,0.177527753383342,88.4,3.38526217596215,29.8042470494934,6.43364087274721,111.8,5.65154846037792,NA,NA,0.0219354034895771,0.000990405632541877,0.000200504235427879,8.71392163462455e-05,-0.000146347451178386,6.97403843749557e-05,0.0103753315283074,0.000261671824330734,120,0,2.02063792230714e-06,2.47013949991267e-07,400.4,1.28840987267251,380,1.26491106406735,288.2,7.74209274033836,NA,NA,20.2,5.26687763290548,5
"noisy_grouping",0.9,"ASK-PC pooled-pruned 99%","support-kernel compression","beta=0.005","full",0.0131887470462358,0.000644690610853221,0.001538458546701,0.000108538828391684,0.0014599334983115,8.96354293556114e-05,0.001,0,4.42782265506672,0.381349905556394,81,11.5585466214399,41.3745177798371,8.46268885076257,124.4,8.83515704444465,NA,NA,0.0201123933951946,0.00169096216900512,-3.85818308376694e-05,0.000158462840867155,0.000109043957928057,0.000203502042437172,0.0111070501179453,0.00119180008902354,120,0,1.82828911180141e-06,2.27775660306212e-07,403.8,2.35372045918796,385.8,2.35372045918796,292,9.65401470891774,NA,NA,16,3.22490309931942,5
"one_representative",0.9,"ASK-PC pooled-pruned 99%","support-kernel compression","beta=0.005","full",0.0189545415993154,0.00214128913907269,0.00281537449397001,0.000613839624325334,0.00255913001581899,0.000522584284112038,0.001,0,4.19350857351188,0.0830770930512663,88,2.68328157299975,27.9213632176978,3.39704923760079,119,4.85798312059645,NA,NA,0.020481872198989,0.00059586790088565,6.30818925919207e-05,0.000106240826357288,-3.47309386845573e-05,5.67542520023909e-05,0.0116218027055962,0.000378857328786603,120,0,3.12618920517704e-06,2.32280034004647e-07,399.8,1.06770782520313,380.6,1.56843871413581,306.8,2.22261107708929,NA,NA,16.6,1.83303027798234,5
"ordered_interval",0.9,"ASK-PC pooled-pruned 99%","support-kernel compression","beta=0.005","full",0.0182276260232145,0.00158963498041695,0.00369271519323101,0.000410673785231853,0.00322993431585001,0.000330274819071737,0.001,0,5.13703232550055,0.0393086165627647,91.4,1.16619037896906,68.1319330045119,3.97808951180379,102.4,2.6,NA,NA,0.0251642038844406,0.000435768819454107,0.000336624037775923,0.000129963206581203,-0.00022313432860992,7.63544620584261e-05,0.0072693155083982,0.000130232376899598,120,0,6.03162657732831e-07,6.47266240337639e-08,534.2,1.35646599662505,534.2,1.35646599662505,298.8,2.0591260281974,NA,NA,6.2,1.49666295470958,5
"weak_signal",0.9,"ASK-PC pooled-pruned 99%","support-kernel compression","beta=0.005","full",0.0147858598356165,0.00168373667315925,0.00313007837570159,0.000234938673319862,0.00269864210775452,0.000240566601318274,0.001,0,3.11370874198366,0.522464403579303,55,13.6198384718762,14.9071236538523,4.83355681099621,90.6,7.46726188103779,NA,NA,0.0161511087929604,0.00266423976178705,0.000611755569601069,0.000427644859977971,-0.000209858772686911,0.000338027853989636,0.0125424952993883,0.000610091997837205,120,0,2.03466066766855e-06,2.41341426854684e-07,406,3.3466401061363,391.6,5.32541078227774,321.8,3.00665927567458,NA,NA,42.6,12.1597697346619,5
"graph_community",0.7,"Fixed hard dictionary","fixed region dictionary","beta=0.02","full",0.121806019535086,0.0140164972176361,0.0683100286486664,0.00326906072928094,0.0530244313484844,0.00282432313594328,0.417567947912569,0.0747277539537067,12.3621111371313,1.33431268065149,3.4,0.4,2.25096397582931,0.152431478113054,17,0,NA,NA,0.314749284148006,0.0246218069962662,0.00802124083198317,0.00182278773508536,-0.00581325535998492,0.00132418719156965,0.201289906380645,0.147143718513289,84.8,11.0562199688682,1.28581084550827e-06,1.64268459829456e-08,NA,NA,NA,NA,NA,NA,NA,NA,25,7.03562363973514,5
"misspecified_grouping",0.7,"Fixed hard dictionary","fixed region dictionary","beta=0.02","full",0.0375683740911953,0.0155724482748845,0.039961506097719,0.0163366401521853,0.0230774877084928,0.00944807149566335,0.49575143787888,0.205871467259598,13.5719891949683,3.51578717337569,2.4,0.6,1.84944623901044,0.390230307205852,17,0,NA,NA,0.310886689753029,0.0542068217215538,-0.000645340228879298,0.00051415438191085,0.000410019136393114,0.000317698785703176,0.270515225703996,0.150000467232576,90.4,14.6307894523843,1.35411486452131e-06,1.72298420145984e-07,NA,NA,NA,NA,NA,NA,NA,NA,4.8,0.489897948556636,5
"multi_representative",0.7,"Fixed hard dictionary","fixed region dictionary","beta=0.02","full",0.0296984339203488,0.00742576239022055,0.0314017822942589,0.00904772273363043,0.0149662821710274,0.00541723645986782,0.0424155867262754,0.0237490831363107,5.58885492472924,0.398754321890165,3.4,0.4,2.28818715328752,0.172600310621945,17,0,NA,NA,0.1423625819794,0.0166118446782197,0.00146874860171247,0.000953516564458229,-0.000951001940053332,0.000630739538452836,0.0547665974204279,0.0211079743889243,97.2,14.0192724490253,2.03253499903855e-06,4.56838246551283e-07,NA,NA,NA,NA,NA,NA,NA,NA,7.8,0.8,5
"noisy_grouping",0.7,"Fixed hard dictionary","fixed region dictionary","beta=0.02","full",0.026437943268015,0.0163073278935927,0.0278190963092925,0.0170563334587719,0.0163857836164016,0.0100893399530971,0.667699347543776,0.20359645269225,16.369308775722,3.56013201494323,1.8,0.489897948556636,1.69780305429954,0.42682744195216,17,0,NA,NA,0.354803536203338,0.0545154654153967,-0.000415363202725283,0.000406388543261815,0.000278195867487741,0.000290879739375668,0.377726113036361,0.145469130744697,80.8,16.004374402019,2.19399246580987e-06,8.81374474037955e-07,NA,NA,NA,NA,NA,NA,NA,NA,5.2,0.374165738677394,5
"one_representative",0.7,"Fixed hard dictionary","fixed region dictionary","beta=0.02","full",0.0711453433618302,0.0043396677053278,0.0716549537905698,0.00150632210459768,0.0433855905307837,0.00188016850739047,0.187052893477473,0.0138362447320479,7.94770626194231,0.237347087643305,3,0,2.76055367858898,0.025194964525607,17,0,NA,NA,0.22959381512472,0.00623113848689779,-0.000506555255159614,0.000495205566080738,0.000108385265209243,0.000401280692548387,0.0187286823088644,0.00166433584118189,120,0,4.41287407204061e-06,4.12282446164743e-07,NA,NA,NA,NA,NA,NA,NA,NA,4,0,5
"ordered_interval",0.7,"Fixed hard dictionary","fixed region dictionary","beta=0.02","full",0.0600883755322602,0.00911168499825432,0.0716624898094606,0.0093076486224163,0.0394311069019334,0.00545893355588748,0.00103909665780282,3.9096657802822e-05,11.2471971030559,0.162720416887703,39.8,2.0591260281974,32.8685865221492,2.27593917357909,49,0,NA,NA,0.29312402818405,0.0124087329471368,0.00128266068464331,0.00123262350487555,-0.000942996959265096,0.000857749362245482,0.0540994706947167,0.0174264242533644,120,0,3.24430069358339e-05,7.20407576221593e-06,NA,NA,NA,NA,NA,NA,NA,NA,4.4,1.16619037896906,5
"weak_signal",0.7,"Fixed hard dictionary","fixed region dictionary","beta=0.02","full",0.0557315479178808,0.00459799755512199,0.0482557748828818,0.00358243550731502,0.0250487443028015,0.00196078482026877,0.0583848213056414,0.0146941680222073,5.21317371096321,0.424670938492002,13.6,1.83303027798234,6.39684425952115,1.41291382685963,17,0,NA,NA,0.150770080235469,0.0120499892580866,0.00698396174183272,0.00106362009001668,-0.00359197617381035,0.000505592204913697,0.0262853917442485,0.00609186373215018,120,0,5.73896687939557e-06,6.73493717314276e-07,NA,NA,NA,NA,NA,NA,NA,NA,20.6,3.28024389337134,5
"graph_community",0.9,"Fixed hard dictionary","fixed region dictionary","beta=0.02","full",0.0801039725466039,0.00152917197367958,0.0720781792762204,0.000402610519131912,0.0471174869756883,0.000641972330340788,0.248353731767318,0.00505385888023326,9.65186587155038,0.0770771970574771,3.2,0.2,1.89469175317209,0.0772415139728736,17,0,NA,NA,0.264479549730759,0.00187027936252121,0.00155390042763268,0.000955779798463228,-0.00117199203985763,0.000568996149449132,0.0659321168918163,0.017736506784286,90.4,8.92524509467387,1.35819618002353e-06,1.25128915288902e-07,NA,NA,NA,NA,NA,NA,NA,NA,77.6,10.7591821250502,5
"misspecified_grouping",0.9,"Fixed hard dictionary","fixed region dictionary","beta=0.02","full",0.0872939769339924,0.0265121639766026,0.0301925394932035,0.0131430679926387,0.0285869666690165,0.010975431387595,0.811764981221565,0.0934546351894015,18.8688345266955,1.63688630673994,4.4,0.509901951359279,1.82053473197555,0.357441798209449,17,0,NA,NA,0.407040589598579,0.0198884591728783,0.00197399407958168,0.00252301504355989,-0.00109299350608185,0.00184244687216084,0.241806981688176,0.0960889092345062,101.8,11.9348229982686,2.12724746803117e-06,5.77173094961992e-07,NA,NA,NA,NA,NA,NA,NA,NA,16.4,3.4,5
"multi_representative",0.9,"Fixed hard dictionary","fixed region dictionary","beta=0.02","full",0.0136925908445789,0.000867466011607971,0.0133823810960807,0.00138046117529549,0.00598663626949206,0.000428183540067305,0.00634560801790929,0.00133393051332551,4.90172568409581,0.0344539462178117,3,0,2.0588557513986,0.0149262990321002,17,0,NA,NA,0.110694850615543,0.00197081990228503,2.9830092886618e-05,4.4598363941615e-05,-1.86819397707261e-05,2.89313209451943e-05,0.0511299527456494,0.0202040243008406,85.6,11.5481600266016,1.16578782061727e-06,1.00892351599294e-07,NA,NA,NA,NA,NA,NA,NA,NA,20.2,5.26687763290548,5
"noisy_grouping",0.9,"Fixed hard dictionary","fixed region dictionary","beta=0.02","full",0.0711704396812926,0.0103293998278179,0.048093661595497,0.0136848789977028,0.0320074867121646,0.00688335466736613,0.47626093772917,0.181742195930746,13.1782967935335,3.11905708742138,3.2,0.2,2.19301324955689,0.349866965231498,17,0,NA,NA,0.310934147281767,0.0490200711941954,0.000746112033345626,0.00126775305492711,-0.000193488508384165,0.00107827637498399,0.143047576205878,0.123452124271919,106.8,11.7575507653593,2.34738079737951e-06,4.70002354264647e-07,NA,NA,NA,NA,NA,NA,NA,NA,16,3.22490309931942,5
"one_representative",0.9,"Fixed hard dictionary","fixed region dictionary","beta=0.02","full",0.0842442556606783,0.00949843512498894,0.073808226786387,0.0011395204890541,0.0474349489311826,0.0027780530571507,0.226198472134411,0.0302208781120726,8.69242623459442,0.554384418231124,3.4,0.4,2.82551047253631,0.0467470720295234,17,0,NA,NA,0.246618721443926,0.0122018420721593,-0.000208210268615483,0.000188909151455772,5.06759826954807e-05,9.46930154452087e-05,0.186084683001388,0.166483044933619,106,14,4.5194363656742e-06,1.40158926849241e-06,NA,NA,NA,NA,NA,NA,NA,NA,16.6,1.83303027798234,5
"ordered_interval",0.9,"Fixed hard dictionary","fixed region dictionary","beta=0.02","full",0.0820716929931717,0.0119397680641922,0.0888546311765866,0.0106861917468414,0.0487944457434028,0.00607050041405261,0.00102455428750112,2.4554287501118e-05,11.2076895384006,0.347547586270596,38.2,2.57681974534502,27.1244563948592,3.02289941992025,49,0,NA,NA,0.309737959990286,0.00612238399556758,0.00132471711187061,0.000479745848896655,-0.000920391778283803,0.000357795705522757,0.0748066113584651,0.00996843137310786,120,0,1.02951995714307e-05,2.26986107174553e-06,NA,NA,NA,NA,NA,NA,NA,NA,6.2,1.49666295470958,5
"weak_signal",0.9,"Fixed hard dictionary","fixed region dictionary","beta=0.02","full",0.0701046650953781,0.00339124275379843,0.0669335086122363,0.00284453312656073,0.0390090251673323,0.00268043391472168,0.140990632880438,0.0254293450128203,6.86000605999699,0.593808458497201,8,1.78885438199983,4.95048037625364,1.22414664172262,17,0,NA,NA,0.202655226688479,0.0148891877552294,0.00317442838102105,0.00235832269549305,-0.00180105135731798,0.00125241351642109,0.036465474517542,0.00653945840731573,120,0,5.69644453162765e-06,1.52352745583954e-06,NA,NA,NA,NA,NA,NA,NA,NA,42.6,12.1597697346619,5
"graph_community",0.7,"ASK-PC pooled union","support-kernel compression","beta=0.02","full",0.0465858707562183,0.00372707720631256,0.0134516882830803,0.00257741034626344,0.0145121761983705,0.00293581505708359,0.001,0,3.33876667083977,0.490523391737764,11.8,2.00997512422418,4.28968877270922,0.918017366096504,318.6,1.12249721603218,NA,NA,0.0788705605080589,0.00834756952839712,0.00356949166098182,0.000985331991606578,-0.00191764334930422,0.000792050040445018,0.0722144033583232,0.0410022410295945,0,0,0,0,402.2,1.06770782520313,386,2.04939015319192,318.6,1.12249721603218,NA,NA,25,7.03562363973514,5
"misspecified_grouping",0.7,"ASK-PC pooled union","support-kernel compression","beta=0.02","full",0.0358123347780522,0.00671657335484698,0.0126666467993446,0.00326914095653501,0.0123226312768563,0.00370352691012873,0.001,0,2.08359372660572,0.220284171480506,8.2,0.969535971483266,2.85777567093285,0.435396756439405,306.4,4.5453272709454,NA,NA,0.0533392266539035,0.00512780441867708,0.000406210270980489,0.00214896549251936,-0.000114403338636926,0.00135876996648084,0.110246114928331,0.0380967765686011,0,0,0,0,408.2,2.31084400165827,393.2,3.2310988842807,306.4,4.5453272709454,NA,NA,4.8,0.489897948556636,5
"multi_representative",0.7,"ASK-PC pooled union","support-kernel compression","beta=0.02","full",0.0431390529695196,0.00755101626053458,0.00911282157276079,0.00220927225205925,0.00807956058122576,0.00195267074949785,0.001,0,3.38611191955713,0.250578652323995,11.6,1.86010752377383,4.16717727835266,0.580788285993029,300.4,3.31058907144937,NA,NA,0.0754470636781659,0.00369511969922477,0.00339400775805658,0.00105776063311336,-0.00227296253468259,0.000712433954574387,0.0544892870428411,0.0356171339451002,0,0,0,0,403.4,1.46969384566991,384.2,1.88148877222268,300.4,3.31058907144937,NA,NA,7.8,0.8,5
"noisy_grouping",0.7,"ASK-PC pooled union","support-kernel compression","beta=0.02","full",0.0358953526371304,0.00273534044979324,0.0137879283889311,0.00256596232030155,0.0124038274325763,0.00307805707469509,0.001,0,1.42445940416882,0.133720079772426,5.8,1.39283882771841,1.99049244828718,0.228572631490461,311.4,2.37907545067406,NA,NA,0.041614115714978,0.0025127199475315,0.000869473422533407,0.00121994542947685,-0.000636228198173151,0.000858166587591239,0.0209410184807667,0.00983416584014045,0.2,0.2,1.11767496951964e-08,1.11767496951964e-08,405.2,1.24096736459909,389.6,1.69115345252878,311.4,2.37907545067406,NA,NA,5.2,0.374165738677394,5
"one_representative",0.7,"ASK-PC pooled union","support-kernel compression","beta=0.02","full",0.0360903078881168,0.00286552583502445,0.0122921342367296,0.00190530921084611,0.00997568368957507,0.00141475927089196,0.001,0,2.16034750249782,0.530458985069751,8.6,2.06397674405503,3.29025630380131,1.0983201942761,292.8,10.0269636480841,NA,NA,0.0545292241221551,0.0083951581047571,-0.000147720537845863,0.000197442522756261,1.02012387643848e-05,0.000160902138861727,0.0387287262274119,0.0184512613629222,0.4,0.244948974278318,3.46031363701592e-09,2.56773413095876e-09,401,0.632455532033676,383,0.632455532033676,292.8,10.0269636480841,NA,NA,4,0,5
"ordered_interval",0.7,"ASK-PC pooled union","support-kernel compression","beta=0.02","full",0.0226670062684946,0.00301792242790109,0.00585150599508744,0.000633993843005334,0.00531875321524814,0.000583591741189572,0.001,0,4.40181439896854,0.0608585046385565,34.8,2.6343879744639,13.7183095981713,1.74385523543009,293.2,5.07346035758633,NA,NA,0.0913119272407468,0.00171043568760536,0.000878908791839627,0.000582463712775405,-0.000681017115107042,0.000360498228180355,0.0181573383703589,0.00116103540589332,0,0,0,0,529,0,529,0,293.2,5.07346035758633,NA,NA,4.4,1.16619037896906,5
"weak_signal",0.7,"ASK-PC pooled union","support-kernel compression","beta=0.02","full",0.0372671376104204,0.00151030217924853,0.00745088278958394,0.000964856834432235,0.00687391242630819,0.000902923595594384,0.001,0,1.62418682724791,0.300468256048304,11.4,0.979795897113271,4.50123120662792,0.857410621046278,330.2,2.10713075057055,NA,NA,0.0384964370848083,0.00613749853948511,0.00639204960316579,0.0011434679790536,-0.00320263818736874,0.000468815584476685,0.0294015266989006,0.00973065117053039,48,48,1.34792701292352e-07,1.34792701292352e-07,416.4,3.05941170815567,408.6,4.38862165149834,330.2,2.10713075057055,NA,NA,20.6,3.28024389337134,5
"graph_community",0.9,"ASK-PC pooled union","support-kernel compression","beta=0.02","full",0.0470967518567913,0.00228249291651549,0.0190927336905486,0.00366628868162099,0.020532062956947,0.00404824791674476,0.001,0,3.01707928945392,0.248913486481289,7,1.14017542509914,3.79582073025803,0.533935829718755,316.6,1.46969384566991,NA,NA,0.0781429751278646,0.00239938105644633,0.00223013593106254,0.00205615980962785,-0.00236365961291205,0.000853528732638644,0.018728226967343,0.00229657237014625,48,48,7.06512739395704e-08,7.06512739395704e-08,401.2,1.31909059582729,382,1.73205080756888,316.6,1.46969384566991,NA,NA,77.6,10.7591821250502,5
"misspecified_grouping",0.9,"ASK-PC pooled union","support-kernel compression","beta=0.02","full",0.040411552033869,0.00277228408015992,0.0135967954099075,0.00107072832340134,0.0125961206721322,0.000627653372632946,0.001,0,1.70825698625211,0.2113781138021,6.6,0.748331477354788,2.64819880568452,0.360332383944256,317.6,2.76767050061961,NA,NA,0.0468254759105913,0.00321035819133866,0.00197807775824503,0.00104280523401996,-0.0011906003075961,0.000640315113924924,0.0575804764597134,0.0144095972366555,48.2,47.9503910307309,5.59321532048184e-08,4.41800210511293e-08,409.8,2.55734237050888,396.6,4.06939798987516,317.6,2.76767050061961,NA,NA,16.4,3.4,5
"multi_representative",0.9,"ASK-PC pooled union","support-kernel compression","beta=0.02","full",0.0386188252004198,0.00494545027452507,0.0125794665030337,0.00426100503170771,0.0106565612349764,0.00300542585897223,0.001,0,3.02587406863438,0.520756091051246,10.4,2.06397674405503,3.43482326859101,0.834016390954874,288.2,7.74209274033836,NA,NA,0.0719962377883049,0.00654729514844723,0.000642626867112472,0.000259230740255307,-0.000404607639883814,0.000231409367588563,0.019752727523089,0.00211337249241036,0.2,0.2,1.5550141349574e-08,1.5550141349574e-08,400.4,1.28840987267251,380,1.26491106406735,288.2,7.74209274033836,NA,NA,20.2,5.26687763290548,5
"noisy_grouping",0.9,"ASK-PC pooled union","support-kernel compression","beta=0.02","full",0.0352396258026396,0.00153046177580174,0.00923050706370647,0.00046349168131054,0.00830453752722182,0.00054076739136804,0.001,0,3.20649626827462,0.350063176660455,13,1.67332005306815,6.0501710727863,0.81710827038629,292,9.65401470891774,NA,NA,0.0716126214788293,0.00701454869454898,-0.000288812605383358,0.000487397083074108,0.000487514510862486,0.000638116815465542,0.138161525776181,0.103831480491186,0,0,0,0,403.8,2.35372045918796,385.8,2.35372045918796,292,9.65401470891774,NA,NA,16,3.22490309931942,5
"one_representative",0.9,"ASK-PC pooled union","support-kernel compression","beta=0.02","full",0.0525069917092379,0.00336548336698021,0.0227487413834462,0.00210097845044314,0.0185763726307397,0.000816939326386592,0.001,0,1.65557648633115,0.295328683682412,6,0.948683298050514,2.51750528979112,0.778440598463638,306.8,2.22261107708929,NA,NA,0.0550886944917921,0.00370118069605248,0.000673982929739658,0.000832054634116345,-0.000352334020569333,0.00043400564724311,0.0230886644682251,0.0040972081497653,0.4,0.244948974278318,1.72844021012475e-08,1.51356726405733e-08,399.8,1.06770782520313,380.6,1.56843871413581,306.8,2.22261107708929,NA,NA,16.6,1.83303027798234,5
"ordered_interval",0.9,"ASK-PC pooled union","support-kernel compression","beta=0.02","full",0.0280685280801022,0.00237620435780033,0.00665305068583132,0.000448774626490342,0.0059605510304537,0.000355490649455618,0.001,0,4.46955232255942,0.0489503067871529,38.6,2.08806130178211,14.3290860143735,1.46904900031447,298.8,2.0591260281974,NA,NA,0.0934072678161392,0.00130101594572543,0.00115586552946438,0.000579056908599188,-0.000735883240748692,0.000374115232629468,0.103511935530517,0.0815962600337802,0,0,0,0,534.2,1.35646599662505,534.2,1.35646599662505,298.8,2.0591260281974,NA,NA,6.2,1.49666295470958,5
"weak_signal",0.9,"ASK-PC pooled union","support-kernel compression","beta=0.02","full",0.0398609951095143,0.00250662495798699,0.0119437065362434,0.00425445765741579,0.0110175905726678,0.00384292793448251,0.001,0,1.86681332275315,0.458453262803975,6.2,1.49666295470958,2.76338652547632,0.524143541528446,321.8,3.00665927567458,NA,NA,0.0483404504849419,0.00873375274734513,0.00232661563837522,0.00177508219825468,-0.000393295448421241,0.00182490518506487,0.0361880521120228,0.0169735589926436,0,0,0,0,406,3.3466401061363,391.6,5.32541078227774,321.8,3.00665927567458,NA,NA,42.6,12.1597697346619,5
"graph_community",0.7,"ASK-PC pooled-pruned 99%","support-kernel compression","beta=0.02","full",0.0465858707562183,0.00372707720631256,0.0134516882830803,0.00257741034626344,0.0145121761983705,0.00293581505708359,0.001,0,3.33876667083977,0.490523391737764,11.8,2.00997512422418,4.28968877270922,0.918017366096504,12.8,2.00997512422418,NA,NA,0.0788705605080589,0.00834756952839712,0.00356949166098182,0.000985331991606578,-0.00191764334930422,0.000792050040445018,0.00575353323079577,0.00116049428649821,49.4,28.8229075563171,1.78186865550101e-07,7.63888753870342e-08,402.2,1.06770782520313,386,2.04939015319192,318.6,1.12249721603218,NA,NA,25,7.03562363973514,5
"misspecified_grouping",0.7,"ASK-PC pooled-pruned 99%","support-kernel compression","beta=0.02","full",0.0358123347780522,0.00671657335484698,0.0126666467993446,0.00326914095653501,0.0123226312768563,0.00370352691012873,0.001,0,2.08359372660572,0.220284171480506,8.2,0.969535971483266,2.85777567093285,0.435396756439405,9,1.09544511501033,NA,NA,0.0533392266539035,0.00512780441867708,0.000406210270980489,0.00214896549251936,-0.000114403338636926,0.00135876996648084,0.00462875685522424,0.00101404807548708,72.6,29.0268840904428,2.26564712881017e-07,1.05011486369079e-07,408.2,2.31084400165827,393.2,3.2310988842807,306.4,4.5453272709454,NA,NA,4.8,0.489897948556636,5
"multi_representative",0.7,"ASK-PC pooled-pruned 99%","support-kernel compression","beta=0.02","full",0.0431390529695196,0.00755101626053458,0.00911282157276079,0.00220927225205925,0.00807956058122576,0.00195267074949785,0.001,0,3.38611191955713,0.250578652323995,11.6,1.86010752377383,4.16717727835266,0.580788285993029,13,2.21359436211787,NA,NA,0.0754470636781659,0.00369511969922477,0.00339400775805658,0.00105776063311336,-0.00227296253468259,0.000712433954574387,0.00651045305850089,0.000934055865264937,72.8,28.9039789648415,3.51853265700974e-07,1.31309809014505e-07,403.4,1.46969384566991,384.2,1.88148877222268,300.4,3.31058907144937,NA,NA,7.8,0.8,5
"noisy_grouping",0.7,"ASK-PC pooled-pruned 99%","support-kernel compression","beta=0.02","full",0.0358846490099468,0.00272911210388236,0.0137920360742622,0.00256437760121841,0.0124067164141542,0.00307711202738516,0.001,0,1.42402685318917,0.133438895948178,5.6,1.32664991614216,1.97959121918197,0.224434399690035,6.4,1.36381816969859,NA,NA,0.041614252960594,0.00251275823014243,0.000867795746627431,0.00122066776995487,-0.000634985581688064,0.000858686559700152,0.00436596546307519,0.00186511487512107,25.4,23.6507927985512,6.02642166086521e-08,3.39151450002887e-08,405.2,1.24096736459909,389.6,1.69115345252878,311.4,2.37907545067406,NA,NA,5.2,0.374165738677394,5
"one_representative",0.7,"ASK-PC pooled-pruned 99%","support-kernel compression","beta=0.02","full",0.0362450848503958,0.00288941198098142,0.0124731150670501,0.00197762073812363,0.0100927664463473,0.00145831195010236,0.001,0,2.15313270277034,0.533703189077156,8.2,2.22261107708929,3.27612027546507,1.10409655596153,9.6,2.42074368738204,NA,NA,0.0545754682854949,0.00837462459722936,-0.000147404761575931,0.000199442288172645,9.492768382158e-06,0.00016200647947364,0.00565892174274363,0.00162774387435151,52,19.2067696398952,1.77200933214328e-07,7.72963891507573e-08,401,0.632455532033676,383,0.632455532033676,292.8,10.0269636480841,NA,NA,4,0,5
"ordered_interval",0.7,"ASK-PC pooled-pruned 99%","support-kernel compression","beta=0.02","full",0.0226670062684946,0.00301792242790109,0.00585150599508743,0.000633993843005334,0.00531875321524814,0.000583591741189572,0.001,0,4.40181439896854,0.0608585046385565,34.6,2.6944387170615,13.7183095981713,1.74385523543009,40.4,4.45645599103144,NA,NA,0.0913119272407468,0.00171043568760536,0.000878908791839627,0.000582463712775405,-0.000681017115107042,0.000360498228180355,0.00934083577289469,0.00125138424722047,120,0,1.77078126593067e-06,3.32386835303168e-07,529,0,529,0,293.2,5.07346035758633,NA,NA,4.4,1.16619037896906,5
"weak_signal",0.7,"ASK-PC pooled-pruned 99%","support-kernel compression","beta=0.02","full",0.0375460599348644,0.00150479012016063,0.00760968395909871,0.000984184690186685,0.00701197935006921,0.000938636280198865,0.001,0,1.62067532731607,0.29736798048251,11,1.26491106406735,4.45121467230967,0.869537831761604,11.6,1.43527000944073,NA,NA,0.0385987590938083,0.00622739901827629,0.00649387049201935,0.00112138121805904,-0.00323311971367994,0.000467327786528225,0.00608419563412084,0.000770464987218485,96.4,23.6,1.971780292577e-07,3.40886456931755e-08,416.4,3.05941170815567,408.6,4.38862165149834,330.2,2.10713075057055,NA,NA,20.6,3.28024389337134,5
"graph_community",0.9,"ASK-PC pooled-pruned 99%","support-kernel compression","beta=0.02","full",0.0470987811147433,0.00228236534177021,0.0191050872901815,0.00366429113802792,0.0205432371037815,0.00404464854316581,0.001,0,3.01660918384801,0.248830729390056,6.6,1.0295630140987,3.74007741898742,0.496476043483331,7.8,1.2,NA,NA,0.0781567471236394,0.00240050147413542,0.00224503212443645,0.0020599974468298,-0.00237726888815808,0.000855217553792142,0.00654554531912268,0.000867104998442608,49.2,28.9039789648415,2.39267324653181e-07,1.49863359311864e-07,401.2,1.31909059582729,382,1.73205080756888,316.6,1.46969384566991,NA,NA,77.6,10.7591821250502,5
"misspecified_grouping",0.9,"ASK-PC pooled-pruned 99%","support-kernel compression","beta=0.02","full",0.0409007868464728,0.00295518394136961,0.013855830202389,0.00113641836274221,0.0128163034447909,0.000761125474801313,0.001,0,1.69694562010639,0.212543956904802,5.8,0.374165738677394,2.60308912327823,0.367288159870937,6.6,0.4,NA,NA,0.0468772569174967,0.00321488759291042,0.00197348563396727,0.00104456862347014,-0.00118309937298404,0.000642619294459185,0.00441501868084819,0.00133533356857512,25.6,23.6,8.14544374325155e-08,5.92932881404338e-08,409.8,2.55734237050888,396.6,4.06939798987516,317.6,2.76767050061961,NA,NA,16.4,3.4,5
"multi_representative",0.9,"ASK-PC pooled-pruned 99%","support-kernel compression","beta=0.02","full",0.0386450152431179,0.00496401513504753,0.0125732759787757,0.00425489810334366,0.0106611610797149,0.00301000670794624,0.001,0,3.02634452780894,0.520303070185275,10,2.38746727726266,3.426700810011,0.839041282520882,12,2.94957624075053,NA,NA,0.0720054260033191,0.00653939395623497,0.000605100141052617,0.000255208941218228,-0.0003942104029381,0.000230553136570686,0.00753952948024016,0.00147696065445511,120,0,4.58750601878277e-07,7.37173383981152e-08,400.4,1.28840987267251,380,1.26491106406735,288.2,7.74209274033836,NA,NA,20.2,5.26687763290548,5
"noisy_grouping",0.9,"ASK-PC pooled-pruned 99%","support-kernel compression","beta=0.02","full",0.0352396258026396,0.00153046177580174,0.00923050706370646,0.000463491681310541,0.00830453752722182,0.000540767391368041,0.001,0,3.20649626827462,0.350063176660455,12.8,1.85472369909914,6.0501710727863,0.81710827038629,14,2,NA,NA,0.0716126214788293,0.00701454869454896,-0.000288812605383358,0.000487397083074108,0.000487514510862486,0.000638116815465542,0.00717393354049456,0.00133501999898497,96.4,23.6,3.91547794259539e-07,1.00625400887333e-07,403.8,2.35372045918796,385.8,2.35372045918796,292,9.65401470891774,NA,NA,16,3.22490309931942,5
"one_representative",0.9,"ASK-PC pooled-pruned 99%","support-kernel compression","beta=0.02","full",0.0525973657019852,0.00338426273243143,0.022907298809136,0.00212830907593525,0.0186881323431048,0.000834844012660014,0.001,0,1.64743612096906,0.297095873846084,5.2,0.860232526704263,2.48952184138216,0.787003070236581,6,0.948683298050514,NA,NA,0.0551025957288415,0.00369810221718051,0.000680802863634521,0.000830260938350092,-0.000358479490188079,0.000432152813533948,0.00412600891291706,0.000803108429763981,49.2,28.9039789648415,1.17324519563478e-07,4.74777801247071e-08,399.8,1.06770782520313,380.6,1.56843871413581,306.8,2.22261107708929,NA,NA,16.6,1.83303027798234,5
"ordered_interval",0.9,"ASK-PC pooled-pruned 99%","support-kernel compression","beta=0.02","full",0.0280685280801022,0.00237620435780033,0.00665305068583132,0.000448774626490342,0.0059605510304537,0.000355490649455618,0.001,0,4.46955232255942,0.0489503067871529,38.6,2.08806130178211,14.3290860143735,1.46904900031447,44,2.68328157299975,NA,NA,0.0934072678161392,0.00130101594572543,0.00115586552946438,0.000579056908599188,-0.000735883240748692,0.000374115232629468,0.00942271406081519,0.000959287937683334,120,0,1.59560973760076e-06,2.88656607913914e-07,534.2,1.35646599662505,534.2,1.35646599662505,298.8,2.0591260281974,NA,NA,6.2,1.49666295470958,5
"weak_signal",0.9,"ASK-PC pooled-pruned 99%","support-kernel compression","beta=0.02","full",0.0398609951095143,0.00250662495798699,0.0119437065362434,0.00425445765741579,0.0110175905726678,0.00384292793448251,0.001,0,1.86681332275315,0.458453262803975,6.2,1.49666295470958,2.76338652547632,0.524143541528446,7,1.54919333848297,NA,NA,0.0483404504849419,0.00873375274734513,0.00232661563837522,0.00177508219825468,-0.000393295448421241,0.00182490518506487,0.00412956133182423,0.00133121819078322,25.6,23.6,7.00885662077711e-08,3.68594568573744e-08,406,3.3466401061363,391.6,5.32541078227774,321.8,3.00665927567458,NA,NA,42.6,12.1597697346619,5
"graph_community",0.7,"Fixed hard dictionary","fixed region dictionary","beta=0.08","full",0.195453439728226,0.0358724130128458,0.25284346564025,0.0243665092306525,0.154719363818881,0.026308434054353,0.151681247072546,0.0348141079309728,7.8070415328273,0.734912709529158,4,0.447213595499958,1.96321086850833,0.0680770195311476,17,0,NA,NA,0.876748864402232,0.0830733904060797,0.0150855039311187,0.00434012219966403,-0.0110364014102167,0.00325161083264507,0.324025444689256,0.0657931179455501,85.2,4.72652091923859,1.7931782170244e-06,7.4606448902233e-08,NA,NA,NA,NA,NA,NA,NA,NA,25,7.03562363973514,5
"misspecified_grouping",0.7,"Fixed hard dictionary","fixed region dictionary","beta=0.08","full",0.0514973543921861,0.0212539767818087,0.0915638998870896,0.037521770673417,0.0393230137640749,0.0161464734615543,0.252510946077469,0.127182978254396,8.3719485498732,1.70086790714348,4.8,0.58309518948453,1.99952076722734,0.124064305516513,17,0,NA,NA,0.989686963086057,0.238535593293845,-0.00162014673867135,0.00161949128687108,0.00104358218358205,0.00103114625582925,0.252733298431763,0.0818387691919924,98.8,10.8323589305377,1.59659944598101e-05,8.84496969140815e-06,NA,NA,NA,NA,NA,NA,NA,NA,4.8,0.489897948556636,5
"multi_representative",0.7,"Fixed hard dictionary","fixed region dictionary","beta=0.08","full",0.0487341343728422,0.0111527484988851,0.06792011223466,0.0200321815804004,0.0283043404487332,0.00797320704186042,0.0113608893480467,0.00663862498627071,4.64635572405223,0.140468389436431,3.4,0.4,1.87047184772989,0.131933844776009,17,0,NA,NA,0.439012638963045,0.0280431849172178,0.00270372130787307,0.00208893699958322,-0.00174441567560808,0.00138745889168516,0.201522438470559,0.154008432236194,95.6,11.1740771431022,1.36642009628263e-06,3.01248244217043e-08,NA,NA,NA,NA,NA,NA,NA,NA,7.8,0.8,5
"noisy_grouping",0.7,"Fixed hard dictionary","fixed region dictionary","beta=0.08","full",0.0347263799189043,0.0192154189744439,0.0670380805184825,0.0392019390275805,0.0462071567458176,0.0131190914990187,0.357774270444165,0.126291346399853,9.58816225956356,1.79580152137392,5,0.632455532033676,1.94278648421183,0.0840595234020096,17,0,NA,NA,1.17479759679925,0.244184691440159,-0.000112023914905857,0.000497193027975925,-6.46311918789603e-05,0.000407391613615685,0.188529470369597,0.0678374714584285,118,2,2.32068165201049e-05,8.71263327141451e-06,NA,NA,NA,NA,NA,NA,NA,NA,5.2,0.374165738677394,5
"one_representative",0.7,"Fixed hard dictionary","fixed region dictionary","beta=0.08","full",0.0880317685116492,0.00609001482870827,0.17215051189242,0.00771977172458371,0.0744250379154416,0.00490687977234903,0.0543313649525,0.00462841607359031,5.28022828831522,0.0779152564042807,3,0,1.70684413816657,0.00951394169932484,17,0,NA,NA,0.594034191641995,0.0139415796679973,-0.000600455291648716,0.000593823915578673,0.000124453382622482,0.000488537907417166,0.0149177415519171,0.00372300085974642,119,1,1.80728900673888e-06,2.23613186615391e-07,NA,NA,NA,NA,NA,NA,NA,NA,4,0,5
"ordered_interval",0.7,"Fixed hard dictionary","fixed region dictionary","beta=0.08","full",0.0824265091644926,0.0226386767297932,0.167570812570532,0.0166217967021925,0.0686253997506703,0.013575780235747,0.001,0,8.40047842162063,0.124428405201859,31.4,2.63818119165458,5.2500653625973,1.46287381866056,49,0,NA,NA,0.838063303306386,0.0262596738724147,0.00322577574984631,0.00279136893080531,-0.00233918930119086,0.0019678812191472,0.0855324421677144,0.0297903194665603,120,0,9.62828293420426e-06,5.43609058068741e-06,NA,NA,NA,NA,NA,NA,NA,NA,4.4,1.16619037896906,5
"weak_signal",0.7,"Fixed hard dictionary","fixed region dictionary","beta=0.08","full",0.112640447449392,0.00975712335138,0.120650820307336,0.00485975053100279,0.0614254317335993,0.0035234662439711,0.0154145797217807,0.00412534701269663,3.45232523647559,0.425801680265779,14.2,1.59373774505092,6.15636422811879,1.237861469272,17,0,NA,NA,0.395127826637418,0.0358331835073608,0.0181176639585765,0.00344540998196311,-0.00917146873154015,0.00155103850123418,0.0430179252227316,0.00577190068311079,119.8,0.2,7.38530277992755e-06,2.50379171186707e-06,NA,NA,NA,NA,NA,NA,NA,NA,20.6,3.28024389337134,5
"graph_community",0.9,"Fixed hard dictionary","fixed region dictionary","beta=0.08","full",0.104538309569362,0.00755598685581262,0.185883697577751,0.00374819214241242,0.0866660661802178,0.00326807184939796,0.074838262468152,0.00180844710069502,6.71684041366933,0.0394161231474465,3.8,0.2,1.57381211071184,0.139675947984309,17,0,NA,NA,0.722792736723664,0.00416023002856909,0.00373261229719683,0.00251926772215849,-0.00276178411511032,0.00152299500719901,0.539352453528581,0.019818225717264,65.8,2.55734237050888,1.61521578065926e-06,2.01187459803805e-08,NA,NA,NA,NA,NA,NA,NA,NA,77.6,10.7591821250502,5
"misspecified_grouping",0.9,"Fixed hard dictionary","fixed region dictionary","beta=0.08","full",0.290868795556895,0.0232385800023437,0.257965112425698,0.0324408631221522,0.285823996161965,0.0286753836349729,0.414016756912439,0.0715967008066233,11.0126420359421,1.01782143908,5.8,0.58309518948453,3.01723958622654,0.236426361643709,17,0,NA,NA,1.30914120400318,0.121812663810404,0.0164720535384018,0.0136476866346037,-0.00941896836242449,0.00910375003722136,0.232822179619207,0.0195841772089176,120,0,2.00890395007702e-05,5.14585086614919e-06,NA,NA,NA,NA,NA,NA,NA,NA,16.4,3.4,5
"multi_representative",0.9,"Fixed hard dictionary","fixed region dictionary","beta=0.08","full",0.020024669907777,0.00144696163548795,0.0313794419651861,0.0022134966203295,0.0135942257287495,0.000764791229802162,0.00163723234553119,0.000282322176982621,4.42350176530004,0.0179827934848954,3,0,1.59670594292294,0.0325968936569691,17,0,NA,NA,0.384792478130298,0.00327649597082196,3.48472341936912e-05,6.87199766051159e-05,-2.49489749205356e-05,4.55443906224833e-05,0.0131579409414919,0.00437926919025995,100.6,1.43527000944073,1.32062875511929e-06,2.29167758627629e-08,NA,NA,NA,NA,NA,NA,NA,NA,20.2,5.26687763290548,5
"noisy_grouping",0.9,"Fixed hard dictionary","fixed region dictionary","beta=0.08","full",0.182942341107361,0.0604431590949665,0.195586706654723,0.0433205045162271,0.158068080185522,0.0640525791404563,0.229732276159751,0.109781000655552,8.3268703127687,1.68993980312865,4.6,0.92736184954957,2.39115140761342,0.115152542758535,17,0,NA,NA,0.9485812268498,0.206721977608679,0.0044458886743802,0.00726400469259085,-0.0011649345649163,0.00568354593153153,0.389834810300585,0.133094310531162,92.4,14.8006756602528,1.05458810264913e-05,5.78977483015569e-06,NA,NA,NA,NA,NA,NA,NA,NA,16,3.22490309931942,5
"one_representative",0.9,"Fixed hard dictionary","fixed region dictionary","beta=0.08","full",0.111892506759268,0.0172275868505823,0.192318410174422,0.0150055109498376,0.0903844389974386,0.0121030191608621,0.068100340069613,0.0110353490440297,5.60039280722774,0.231572000217347,3.2,0.2,1.9258742794242,0.153509885846625,17,0,NA,NA,0.639706845001956,0.0332752390095302,-0.000137441998704935,0.000303431684730531,2.83280992473766e-05,0.000153969333214199,0.0363014043332239,0.0110527087198647,109,7.81024967590665,2.19112024257839e-06,3.08546622557508e-07,NA,NA,NA,NA,NA,NA,NA,NA,16.6,1.83303027798234,5
"ordered_interval",0.9,"Fixed hard dictionary","fixed region dictionary","beta=0.08","full",0.115206900035566,0.019401870570372,0.196815861061798,0.0146534011684622,0.0915012592566064,0.011525393326364,0.001,0,8.45871633700074,0.299889984957634,35.8,1.71464281994822,7.81544662728156,1.61209914039924,49,0,NA,NA,0.871540456582352,0.0184627580105402,0.00440228550815119,0.00278176946926508,-0.00288751016001796,0.00189432729413293,0.147207121124395,0.0292023990178864,120,0,1.09836250132833e-05,1.27457342738001e-06,NA,NA,NA,NA,NA,NA,NA,NA,6.2,1.49666295470958,5
"weak_signal",0.9,"Fixed hard dictionary","fixed region dictionary","beta=0.08","full",0.100455320637418,0.0104574220291578,0.163559560527655,0.00795604303824548,0.0764124814224358,0.00458486179591321,0.0398485992594299,0.00793991752150297,4.38583416390034,0.478178911481651,8.8,2.17715410570772,4.14885278583073,1.27293864062161,17,0,NA,NA,0.513200712748306,0.0438099204036068,0.00694217867280385,0.00496536698021954,-0.00399771746516074,0.00262093310031087,0.0748985390758876,0.0163147357923788,119,1,4.02685732886488e-06,1.26569888749682e-06,NA,NA,NA,NA,NA,NA,NA,NA,42.6,12.1597697346619,5
"graph_community",0.7,"ASK-PC pooled union","support-kernel compression","beta=0.08","full",0.151575279037153,0.0228643419192469,0.0880413819475902,0.0116539595556308,0.0996963234281061,0.0172770594200693,0.001,0,1.65952496000129,0.296873913264361,5.2,1.15758369027902,2.03965628108354,0.420409015734691,318.6,1.12249721603218,NA,NA,0.220172063927825,0.0320108681772523,0.0152217056742849,0.00377142886928688,-0.00998142006990345,0.00275477116772464,0.0769119003066022,0.019993128459649,110,39.1548209036895,1.39803010517914e-06,1.20450289089067e-06,402.2,1.06770782520313,386,2.04939015319192,318.6,1.12249721603218,NA,NA,25,7.03562363973514,5
"misspecified_grouping",0.7,"ASK-PC pooled union","support-kernel compression","beta=0.08","full",0.0795334143486482,0.0253937971109892,0.0449923764454516,0.0117180737099828,0.0406029175938828,0.0121545913359974,0.001,0,1.2396148902541,0.199174744674473,3,0.707106781186548,1.32572293061936,0.158356791174886,306.4,4.5453272709454,NA,NA,0.143906120002842,0.014669759139372,-0.00217522814549479,0.00576424427368746,0.00156963050337918,0.00366267019041176,0.0487654653161771,0.0247439085948835,24.2,23.950782868207,4.7298505200244e-07,4.6824074749558e-07,408.2,2.31084400165827,393.2,3.2310988842807,306.4,4.5453272709454,NA,NA,4.8,0.489897948556636,5
"multi_representative",0.7,"ASK-PC pooled union","support-kernel compression","beta=0.08","full",0.133499683591471,0.0242383265474659,0.0636250312152964,0.0147508166769488,0.0631372328528185,0.015972934378539,0.001,0,2.20894225538437,0.411182118333555,6.2,0.969535971483266,2.28583864175206,0.360552893304817,300.4,3.31058907144937,NA,NA,0.239557446529516,0.0226907730256779,0.0116896443251573,0.00632145623302114,-0.0081378517028266,0.00403361916164666,0.0327697579541889,0.0122447742734241,24.2,23.950782868207,4.78617935839588e-08,3.46405129171841e-08,403.4,1.46969384566991,384.2,1.88148877222268,300.4,3.31058907144937,NA,NA,7.8,0.8,5
"noisy_grouping",0.7,"ASK-PC pooled union","support-kernel compression","beta=0.08","full",0.0627133925793172,0.0113803058163848,0.0369403318141954,0.00372746681138235,0.0295509837142477,0.00376782422236526,0.001,0,0.780496725308005,0.0533706728026696,2.2,0.8,1.08936408595345,0.0551443424512641,311.4,2.37907545067406,NA,NA,0.0992993382693515,0.00721583877897121,0.000567421967174518,0.00165589783209544,-0.000466878535914317,0.00113524531967113,0.0348400579407263,0.0292045409549439,24,24,3.46013950269786e-08,3.46013950269786e-08,405.2,1.24096736459909,389.6,1.69115345252878,311.4,2.37907545067406,NA,NA,5.2,0.374165738677394,5
"one_representative",0.7,"ASK-PC pooled union","support-kernel compression","beta=0.08","full",0.0547895112799072,0.00512393476698751,0.0307803021414316,0.00432610678217669,0.0226797572545947,0.00299101095953732,0.001,0,1.63954193178402,0.564195567049051,2.4,0.678232998312527,1.74429511319309,0.561054379684836,292.8,10.0269636480841,NA,NA,0.161546455333905,0.0418477847498266,-0.00039034290886879,0.000385424758000921,9.80792782683704e-05,0.000311312598623701,0.0548339451509063,0.0323654361232695,20,20,2.15863506097814e-08,2.15863506097814e-08,401,0.632455532033676,383,0.632455532033676,292.8,10.0269636480841,NA,NA,4,0,5
"ordered_interval",0.7,"ASK-PC pooled union","support-kernel compression","beta=0.08","full",0.0279222433733787,0.00771794667614054,0.00751126684143224,0.00195053826116397,0.00686500385922089,0.00179570523119922,0.001,0,4.28238945289704,0,9.8,0.969535971483266,7.03569540847402,1.69721174764312,293.2,5.07346035758633,NA,NA,0.348308615266766,0.00215089640251315,0.0012327834871845,0.000947233685591142,-0.000943089328659363,0.000633959013863561,0.0113944781740688,0.00221177189790052,0,0,0,0,529,0,529,0,293.2,5.07346035758633,NA,NA,4.4,1.16619037896906,5
"weak_signal",0.7,"ASK-PC pooled union","support-kernel compression","beta=0.08","full",0.110965434277081,0.00793594320667081,0.0374183776547597,0.0044389236059607,0.0376613438656738,0.00508845192501101,0.001,0,0.897824676282017,0.249263169493292,4.6,0.748331477354788,1.4260970116159,0.103103921019493,330.2,2.10713075057055,NA,NA,0.108899834785715,0.0224730256823707,0.0230936640232697,0.00472107233954363,-0.0113970848295917,0.00218079056062715,0.0965714518524951,0.0677201513222623,24.2,23.950782868207,3.06809631878125e-07,3.06456810769123e-07,416.4,3.05941170815567,408.6,4.38862165149834,330.2,2.10713075057055,NA,NA,20.6,3.28024389337134,5
"graph_community",0.9,"ASK-PC pooled union","support-kernel compression","beta=0.08","full",0.13801915324765,0.0208140116859197,0.0967616079068915,0.0103745104461369,0.104457188696629,0.0135984812782504,0.001,0,0.951278003770957,0.166412686218335,1.8,0.58309518948453,1.2741576711637,0.170915334349324,316.6,1.46969384566991,NA,NA,0.172655030971376,0.0135873425555308,0.0101620383078479,0.00670718234515092,-0.0093381255972175,0.00304865638701816,0.0381994553018215,0.0217267707648019,0.2,0.2,1.74542449105086e-08,1.74542449105086e-08,401.2,1.31909059582729,382,1.73205080756888,316.6,1.46969384566991,NA,NA,77.6,10.7591821250502,5
"misspecified_grouping",0.9,"ASK-PC pooled union","support-kernel compression","beta=0.08","full",0.0727046904167223,0.00706448764797306,0.0463905870619644,0.00682755785115128,0.0395319517577501,0.00868567928277452,0.001,0,0.835825387079971,0.0825303276302167,2.2,0.734846922834953,1.27144244174927,0.182979930167731,317.6,2.76767050061961,NA,NA,0.113052247818434,0.0107357101252725,0.0039168003071966,0.00301022246752008,-0.0023927929097757,0.00189259181114404,0.0540347866207975,0.02132813782405,48,29.3938769133981,6.86971703717232e-08,4.22413919151052e-08,409.8,2.55734237050888,396.6,4.06939798987516,317.6,2.76767050061961,NA,NA,16.4,3.4,5
"multi_representative",0.9,"ASK-PC pooled union","support-kernel compression","beta=0.08","full",0.0712668934679528,0.00457023441549421,0.0382619537944664,0.00385276289987185,0.032166531055981,0.00600625135133479,0.001,0,2.37081049116973,0.466036156641962,3.8,0.860232526704263,2.2567244143317,0.427250651051676,288.2,7.74209274033836,NA,NA,0.227193464721844,0.0361666202369893,0.00155554458651395,0.00100963328221031,-0.00104207819681044,0.00082083831585626,0.0367730430903638,0.0206256943691565,24,24,2.65559185790298e-06,2.65559185790298e-06,400.4,1.28840987267251,380,1.26491106406735,288.2,7.74209274033836,NA,NA,20.2,5.26687763290548,5
"noisy_grouping",0.9,"ASK-PC pooled union","support-kernel compression","beta=0.08","full",0.0674195776990063,0.00583960663714908,0.0360423143696531,0.0024228264859964,0.0285686886733246,0.00271819541935054,0.001,0,2.52004878542608,0.394830511986558,4.4,0.244948974278318,1.92406397607107,0.294559117044189,292,9.65401470891774,NA,NA,0.237038051005538,0.0293809432964645,-0.000534466413590496,0.00088406147995574,0.000919855216313747,0.00111103921475783,0.0746678766588447,0.0402398045415553,21.2,21.2,2.18261904272322e-08,2.18261904272322e-08,403.8,2.35372045918796,385.8,2.35372045918796,292,9.65401470891774,NA,NA,16,3.22490309931942,5
"one_representative",0.9,"ASK-PC pooled union","support-kernel compression","beta=0.08","full",0.0841862577827957,0.0110887466213563,0.0533383524909769,0.00852772567881959,0.0443618204234179,0.0105562313311062,0.001,0,0.769730449599806,0.0418751855329802,1.8,0.489897948556636,1.06824278437334,0.0380342554226798,306.8,2.22261107708929,NA,NA,0.114853248725132,0.00977599994839652,0.00195705483834417,0.00222033619080073,-0.00103919789282259,0.00116229511568218,0.0563882245209495,0.0471152711876482,0.2,0.2,1.00079620257709e-08,1.00079620257709e-08,399.8,1.06770782520313,380.6,1.56843871413581,306.8,2.22261107708929,NA,NA,16.6,1.83303027798234,5
"ordered_interval",0.9,"ASK-PC pooled union","support-kernel compression","beta=0.08","full",0.0453861309828732,0.014142296511337,0.0126979601591621,0.00456486023302864,0.0120934550593517,0.00474854505874236,0.001,0,4.24574843713853,0.0399008704659654,10.4,0.678232998312527,5.45902176657889,1.17950080133113,298.8,2.0591260281974,NA,NA,0.350750618241127,0.00152628052279561,0.0036866776215836,0.00289153783451327,-0.00243858824467975,0.00196815275361883,0.157464820249182,0.14346476617368,0,0,0,0,534.2,1.35646599662505,534.2,1.35646599662505,298.8,2.0591260281974,NA,NA,6.2,1.49666295470958,5
"weak_signal",0.9,"ASK-PC pooled union","support-kernel compression","beta=0.08","full",0.102087508638042,0.0199919883633561,0.0449056869067773,0.00944528700453671,0.0472398059522767,0.0127229199577355,0.001,0,1.06840513023142,0.320776864597335,2.8,0.8,1.41624306903862,0.267494733097169,321.8,3.00665927567458,NA,NA,0.130088885322931,0.0329926419923712,0.00709718672152278,0.00448454979470232,-0.00373852157313719,0.00333750578811509,0.0577099420876088,0.038476753698836,48,29.3938769133981,1.97546601513887e-06,1.66506155829943e-06,406,3.3466401061363,391.6,5.32541078227774,321.8,3.00665927567458,NA,NA,42.6,12.1597697346619,5
"graph_community",0.7,"ASK-PC pooled-pruned 99%","support-kernel compression","beta=0.08","full",0.151992733230518,0.0227290063569522,0.0891211146923263,0.0113053253514796,0.100142711626206,0.0168195884408181,0.001,0,1.64856640524082,0.305378374773618,4,1.04880884817015,1.96999008036828,0.407112700796357,4.6,0.92736184954957,NA,NA,0.220410483031495,0.0319970481863998,0.0153377246951949,0.00374612825728995,-0.010074549364547,0.00275755267201505,0.00220686643152317,0.000724075821304808,31,13.9355660093159,8.4046520526515e-08,2.5617757524626e-08,402.2,1.06770782520313,386,2.04939015319192,318.6,1.12249721603218,NA,NA,25,7.03562363973514,5
"misspecified_grouping",0.7,"ASK-PC pooled-pruned 99%","support-kernel compression","beta=0.08","full",0.0801229944215956,0.0252081789155943,0.0454157707648468,0.011447904592344,0.0409210113352868,0.0119664545093991,0.001,0,1.23445225798914,0.19549415728989,2.2,0.58309518948453,1.30779323284771,0.165316340561285,3.2,0.489897948556636,NA,NA,0.143933357873544,0.01466924528278,-0.00217037844579456,0.00576532299413009,0.00156569321529872,0.00366364188335459,0.00817524280891564,0.00706711624296259,31.6,23.0599219426259,8.81024337678893e-08,6.07487269740277e-08,408.2,2.31084400165827,393.2,3.2310988842807,306.4,4.5453272709454,NA,NA,4.8,0.489897948556636,5
"multi_representative",0.7,"ASK-PC pooled-pruned 99%","support-kernel compression","beta=0.08","full",0.134018104187822,0.0242426780779007,0.0642377833294802,0.014807983130486,0.063581352423577,0.0159735922024761,0.001,0,2.20146312634591,0.411749014102108,5.6,1.0770329614269,2.26118076002515,0.36664028427309,6.2,0.916515138991168,NA,NA,0.239584807242278,0.0226891338186952,0.0117627672775994,0.00633378585394939,-0.008186892517132,0.00404092734251252,0.00273533046144498,0.000628342906673511,15.2,13.7018246960031,5.85554103704755e-08,2.11494913854353e-08,403.4,1.46969384566991,384.2,1.88148877222268,300.4,3.31058907144937,NA,NA,7.8,0.8,5
"noisy_grouping",0.7,"ASK-PC pooled-pruned 99%","support-kernel compression","beta=0.08","full",0.0629018796747363,0.0114773102813276,0.0372552912455742,0.00394361730568029,0.0297379406535302,0.00384968029264628,0.001,0,0.776976010924581,0.052792071221141,1.8,0.489897948556636,1.08297104222835,0.0541239619304231,2.8,0.489897948556636,NA,NA,0.0993383435862409,0.00723376857871613,0.000568005739631071,0.00165583892540858,-0.00046694800670406,0.00113523674722668,0.000697983580351803,0.000689553129847946,9.6,8.6,1.98043470928111e-08,1.97834158983634e-08,405.2,1.24096736459909,389.6,1.69115345252878,311.4,2.37907545067406,NA,NA,5.2,0.374165738677394,5
"one_representative",0.7,"ASK-PC pooled-pruned 99%","support-kernel compression","beta=0.08","full",0.0555097986773184,0.00566304810671131,0.0320665282778574,0.00512327693739109,0.0234272483670392,0.003475112331624,0.001,0,1.62746792125377,0.568994876830124,2.2,0.734846922834953,1.7331864134359,0.564523599026343,3.2,0.734846922834953,NA,NA,0.161877488715231,0.0417289614278802,-0.000417493393583702,0.000404410745926888,0.000117239473932785,0.00032515749531875,0.00150445576768632,0.00105692496633969,1.4,0.244948974278318,2.54227006446506e-08,1.59522194467374e-08,401,0.632455532033676,383,0.632455532033676,292.8,10.0269636480841,NA,NA,4,0,5
"ordered_interval",0.7,"ASK-PC pooled-pruned 99%","support-kernel compression","beta=0.08","full",0.0279222433733787,0.00771794667614054,0.00751126684143224,0.00195053826116397,0.00686500385922089,0.00179570523119922,0.001,0,4.28238945289704,0,9.8,0.969535971483266,7.03569540847402,1.69721174764312,10.8,0.969535971483266,NA,NA,0.348308615266766,0.00215089640251315,0.0012327834871845,0.000947233685591142,-0.000943089328659363,0.000633959013863561,0.00329257182331997,0.000478558441174028,1.6,0.244948974278318,6.97881079370077e-08,7.55047053022962e-09,529,0,529,0,293.2,5.07346035758633,NA,NA,4.4,1.16619037896906,5
"weak_signal",0.7,"ASK-PC pooled-pruned 99%","support-kernel compression","beta=0.08","full",0.111857678088208,0.00796431938029265,0.0381577382193448,0.00433237855643743,0.0383030361039129,0.00498501690881209,0.001,0,0.889317739456581,0.251760296150746,4,0.447213595499958,1.40369578886015,0.109507398293932,4.6,0.509901951359279,NA,NA,0.10897597264498,0.0224545582139895,0.0232190203665135,0.00468788770292995,-0.0114554808724849,0.00216066325388988,0.00328695768490439,0.000793413394561519,40.8,22.5862790206798,1.28029167850707e-07,5.93165950407736e-08,416.4,3.05941170815567,408.6,4.38862165149834,330.2,2.10713075057055,NA,NA,20.6,3.28024389337134,5
"graph_community",0.9,"ASK-PC pooled-pruned 99%","support-kernel compression","beta=0.08","full",0.138240591123002,0.0209498816513806,0.0970677513666023,0.0104916068850561,0.104718825547157,0.013628690052201,0.001,0,0.947663905885091,0.165571988709566,1.6,0.4,1.26689831168016,0.165003453268004,2.6,0.4,NA,NA,0.172676040349569,0.0135981339421523,0.0102059145142532,0.0067306487214022,-0.00936843239837928,0.00306431272533483,0.000413475154777675,0.000352933628721758,1.2,0.2,4.59082434844937e-09,4.36858407613889e-09,401.2,1.31909059582729,382,1.73205080756888,316.6,1.46969384566991,NA,NA,77.6,10.7591821250502,5
"misspecified_grouping",0.9,"ASK-PC pooled-pruned 99%","support-kernel compression","beta=0.08","full",0.0729082825015471,0.00706975740570351,0.0469579592143393,0.00692926781954233,0.039862520992095,0.00872609065428023,0.001,0,0.829084402415652,0.0839545713371306,2,0.774596669241483,1.25840086726138,0.184414267762758,2.8,0.58309518948453,NA,NA,0.113091542581129,0.0107286564101504,0.00390862882283632,0.00302078170414915,-0.00238671773720074,0.00190008010664745,0.000675100140468876,0.000653398699696726,21.8,20.5509123885048,2.26406151659919e-08,2.25804550125858e-08,409.8,2.55734237050888,396.6,4.06939798987516,317.6,2.76767050061961,NA,NA,16.4,3.4,5
"multi_representative",0.9,"ASK-PC pooled-pruned 99%","support-kernel compression","beta=0.08","full",0.0714216269576313,0.00456879571639183,0.0385476587294479,0.00384098029607286,0.0323283591413619,0.00597938060855383,0.001,0,2.36797044250487,0.465120063369584,3.6,0.748331477354788,2.22700665370067,0.403133435106447,4.2,0.734846922834953,NA,NA,0.227260245596527,0.0361882516015036,0.00155365120062161,0.00101029064682523,-0.00103923633217145,0.00082166387381943,0.00303752335096528,0.00135497466322445,24.8,23.8,1.13301215493023e-07,7.38818985066149e-08,400.4,1.28840987267251,380,1.26491106406735,288.2,7.74209274033836,NA,NA,20.2,5.26687763290548,5
"noisy_grouping",0.9,"ASK-PC pooled-pruned 99%","support-kernel compression","beta=0.08","full",0.0677629907156221,0.00609534687974753,0.036708663130979,0.00302496839364916,0.0289836750200396,0.00308428866287236,0.001,0,2.51311555273685,0.401711961142222,4.2,0.374165738677394,1.91413904179705,0.296581009634561,4.8,0.489897948556636,NA,NA,0.237155655346542,0.0292640693221542,-0.00057876154593397,0.000862651799845829,0.000951848863590099,0.00109927030981781,0.00506802656556404,0.00109095625693005,15.4,14.1513250263005,9.84617675003906e-08,8.23906209937829e-09,403.8,2.35372045918796,385.8,2.35372045918796,292,9.65401470891774,NA,NA,16,3.22490309931942,5
"one_representative",0.9,"ASK-PC pooled-pruned 99%","support-kernel compression","beta=0.08","full",0.0848937652048485,0.0115819014065737,0.0542849106420447,0.00892108894366746,0.0450134087797124,0.0106623610647251,0.001,0,0.759110302266843,0.0347063255767123,1.8,0.489897948556636,1.05592879824528,0.0293946507868877,2.4,0.244948974278318,NA,NA,0.114960843099009,0.00983822389822588,0.00194439618555583,0.00222402225698833,-0.00104384062647709,0.00116113353339411,0.000698192202270653,0.000689340503527123,1.2,0.2,5.90555313817464e-09,5.88668726297591e-09,399.8,1.06770782520313,380.6,1.56843871413581,306.8,2.22261107708929,NA,NA,16.6,1.83303027798234,5
"ordered_interval",0.9,"ASK-PC pooled-pruned 99%","support-kernel compression","beta=0.08","full",0.045386130982873,0.0141422965113368,0.0126979601591621,0.00456486023302866,0.0120934550593517,0.00474854505874234,0.001,0,4.24574843713853,0.0399008704659654,10.2,0.860232526704263,5.45902176657889,1.17950080133113,11.2,0.860232526704263,NA,NA,0.350750618241127,0.00152628052279561,0.0036866776215836,0.00289153783451327,-0.00243858824467975,0.00196815275361883,0.00439501002294922,0.000407657370376498,25.2,23.7010548288468,1.45276926777349e-07,6.86284716158399e-08,534.2,1.35646599662505,534.2,1.35646599662505,298.8,2.0591260281974,NA,NA,6.2,1.49666295470958,5
"weak_signal",0.9,"ASK-PC pooled-pruned 99%","support-kernel compression","beta=0.08","full",0.102887803506083,0.0201653653166818,0.0456560007442511,0.0093955213861874,0.0479243161143167,0.0126844755278707,0.001,0,1.06055810089374,0.320295781257753,2,0.447213595499958,1.39204850186434,0.270436982462832,3,0.447213595499958,NA,NA,0.13023050903708,0.0330501676576916,0.00730005616685343,0.00460891518147786,-0.0038368930478878,0.00339567194695597,0.00310349228319231,0.00146222549481543,1.4,0.244948974278318,4.31267412531744e-08,2.0730267041619e-08,406,3.3466401061363,391.6,5.32541078227774,321.8,3.00665927567458,NA,NA,42.6,12.1597697346619,5
"graph_community",0.7,"Posterior clustering","posterior clustering","clusters=12, beta=0.005","full",0.0245279617825083,0.00247278579700974,0.00398437341814654,0.000480800318175801,0.00371060182544785,0.000445191924490777,0.0637663760845794,0.00881941196135302,5.96393310587018,0.13747848682901,16,0.547722557505166,11.1495533044509,0.709238752476391,16,0.547722557505166,NA,NA,0.0314006823033922,0.00111143227712464,0.000916122192649027,0.000181034771028486,-0.000639244304326514,9.18972639055164e-05,0.0269030619194016,0.00134171085678546,120,0,4.56400077080227e-05,6.32029366745153e-06,NA,NA,NA,NA,NA,NA,NA,NA,25,7.03562363973514,5
"misspecified_grouping",0.7,"Posterior clustering","posterior clustering","clusters=12, beta=0.005","full",0.0114939547489335,0.00224766739722195,0.00194468871468984,0.000526367133009132,0.00172193132956599,0.000449029495734963,0.030842613700434,0.00458051371887315,5.55836294787057,0.23957290614971,16.8,0.66332495807108,14.7926217131545,0.523570757487996,16.8,0.66332495807108,NA,NA,0.0270448046256576,0.00166488881101313,-0.000122541854844949,8.37114809326823e-05,6.50850731865214e-05,6.06852415419344e-05,0.0283251697741723,0.00208080555163761,120,0,3.04661635813864e-05,2.60671993655905e-06,NA,NA,NA,NA,NA,NA,NA,NA,4.8,0.489897948556636,5
"multi_representative",0.7,"Posterior clustering","posterior clustering","clusters=12, beta=0.005","full",0.0152196535094725,0.000784493783065506,0.00260570633927716,0.000236160098482396,0.00231713407961317,0.000201712020778293,0.0440185052072858,0.00385946709000306,6.06083480845592,0.128572036217589,15.4,0.4,12.7550639941399,0.473822852587476,15.4,0.4,NA,NA,0.0303666533896965,0.000867359878307978,0.000535017000211857,0.000167873345091693,-0.00033679047412698,0.000132624890424855,0.024355363151931,0.00097485066266952,120,0,2.96260040800224e-05,1.3536656035461e-06,NA,NA,NA,NA,NA,NA,NA,NA,7.8,0.8,5
"noisy_grouping",0.7,"Posterior clustering","posterior clustering","clusters=12, beta=0.005","full",0.0106424285697778,0.000910427239342764,0.00181650787261244,0.000390228555903299,0.00156968682164987,0.000287226874345082,0.0319227175242832,0.00300464625861077,5.72775065777137,0.10769887523606,16.2,0.374165738677394,14.3608814222836,0.419166444910242,16.2,0.374165738677394,NA,NA,0.0277924363647288,0.000606233897808145,-2.91050047861673e-05,6.24782308410566e-05,1.5039038636111e-05,5.10286677461209e-05,0.0269050046527366,0.00131844792928745,120,0,2.52891181897238e-05,3.00093030982358e-06,NA,NA,NA,NA,NA,NA,NA,NA,5.2,0.374165738677394,5
"one_representative",0.7,"Posterior clustering","posterior clustering","clusters=12, beta=0.005","full",0.0151572323386589,0.00126502801872883,0.00327737526902629,0.000985908610593798,0.00273509761130849,0.00072499124365313,0.0460483764747733,0.00892192620803597,6.15962809486842,0.0199738647111633,14.8,0.2,13.7893912442388,0.256066681676555,14.8,0.2,NA,NA,0.0314523315149934,0.00104455062349768,-6.1440870124052e-06,4.4753328005659e-05,-2.81806593710688e-05,5.24858676024968e-05,0.0211535001279589,0.00199637987405493,120,0,1.58726164743016e-05,2.50632463186443e-06,NA,NA,NA,NA,NA,NA,NA,NA,4,0,5
"ordered_interval",0.7,"Posterior clustering","posterior clustering","clusters=12, beta=0.005","full",0.0252782716223455,0.0024193027984224,0.00791078105127772,0.00113591862198138,0.00647712311145574,0.000882764768391759,0.081572610658267,0.0265499968993256,7.06270998750787,0.0829242475430228,24.6,0.4,20.6043930002603,0.627378974445884,24.6,0.4,NA,NA,0.0402006659443132,0.00133536392984681,0.000124473994297825,0.000201645617086925,-6.61605566486314e-05,0.000151666251635179,0.0349174873291707,0.00234267389324389,120,0,4.3586755853281e-05,4.01874086594674e-06,NA,NA,NA,NA,NA,NA,NA,NA,4.4,1.16619037896906,5
"weak_signal",0.7,"Posterior clustering","posterior clustering","clusters=12, beta=0.005","full",0.0220295746156022,0.0041025755155318,0.00344727264432608,0.000590717013641171,0.00309611615605485,0.000563812778350682,0.0234529832654561,0.00433537246923841,3.68705768444788,0.302818173087754,20.2,0.8,15.3710562121917,0.724297747624157,20.2,0.8,NA,NA,0.0191546481976036,0.00196372238061968,0.00061096482450953,0.000153461954916043,-0.000304861437936754,8.63655172399981e-05,0.0325247621558022,0.00237857462434251,120,0,3.40374609956128e-05,1.90942741156084e-06,NA,NA,NA,NA,NA,NA,NA,NA,20.6,3.28024389337134,5
"graph_community",0.9,"Posterior clustering","posterior clustering","clusters=12, beta=0.005","full",0.0318171683601708,0.00237417378018388,0.00460430658442307,0.00072437303701065,0.00432276856253562,0.000628912010853448,0.161830176579464,0.0457762385832988,6.41658026964413,0.282908211816843,15,0.316227766016838,6.5452303007681,0.819451693473524,15,0.316227766016838,NA,NA,0.0348402478148181,0.00201826669220951,0.000175445293447663,0.000292876525061203,-0.000116133480480851,0.000115319293043793,0.0278221227220428,0.00172487028566318,120,0,4.15401511007649e-05,4.4771832882667e-06,NA,NA,NA,NA,NA,NA,NA,NA,77.6,10.7591821250502,5
"misspecified_grouping",0.9,"Posterior clustering","posterior clustering","clusters=12, beta=0.005","full",0.0176679248056231,0.00274651048460061,0.00292480557621389,0.00046206989278016,0.00268298790289207,0.000425806160680404,0.0338822440703151,0.00358088309088227,5.08723154058781,0.128592944521302,18,0.836660026534075,13.6843491250098,0.924910715197035,18,0.836660026534075,NA,NA,0.0257537122260475,0.000579142287454606,-7.22969517128025e-05,0.000236335658710114,5.11904329861145e-05,0.00019724773146373,0.0327531320341911,0.00401507101805359,120,0,3.93137944942008e-05,5.5031789058844e-06,NA,NA,NA,NA,NA,NA,NA,NA,16.4,3.4,5
"multi_representative",0.9,"Posterior clustering","posterior clustering","clusters=12, beta=0.005","full",0.0265886182239841,0.00384782785302499,0.00456348355053752,0.00116750192936041,0.0040919380763788,0.000988745038683221,0.0898066968244615,0.0296231931674585,5.89011463819355,0.184129157398139,15,0.316227766016838,10.228343356923,1.10733893234795,15,0.316227766016838,NA,NA,0.0317133128097926,0.00190957020158427,0.000827160200693155,0.000222545283101026,-0.000560462749011714,0.000148970686374736,0.028920782413535,0.00182699278243547,120,0,4.73533054454099e-05,7.182292839338e-06,NA,NA,NA,NA,NA,NA,NA,NA,20.2,5.26687763290548,5
"noisy_grouping",0.9,"Posterior clustering","posterior clustering","clusters=12, beta=0.005","full",0.0204497019526402,0.00330551391774636,0.00474713607962908,0.00142196106511334,0.00405202432123236,0.00110446849932068,0.0672519559785646,0.0193098646611784,5.98877630056799,0.104238306014351,15.2,0.2,12.4052074380852,0.404956436206095,15.2,0.2,NA,NA,0.0321750698176725,0.00146307907703926,-0.000112365890835742,0.000189716141914259,4.74934067322685e-05,0.000164452985133265,0.0249973199137667,0.00111586342753053,120,0,2.69131760841791e-05,2.68257481957777e-06,NA,NA,NA,NA,NA,NA,NA,NA,16,3.22490309931942,5
"one_representative",0.9,"Posterior clustering","posterior clustering","clusters=12, beta=0.005","full",0.0229915911232564,0.0016233810578671,0.00473570132129425,0.0010268346788954,0.00416675257476426,0.000784059562234457,0.0740709746112534,0.0188602742900149,5.90257630390733,0.114880826320018,15,0.316227766016838,11.0747809512004,0.484881487383378,15,0.316227766016838,NA,NA,0.0318477235985554,0.00150563776682267,1.79525957550111e-05,0.000124885653559974,2.83577630808107e-05,8.02031294037611e-05,0.0260906049232731,0.00111592314763475,120,0,3.88924573952967e-05,1.92797506278086e-06,NA,NA,NA,NA,NA,NA,NA,NA,16.6,1.83303027798234,5
"ordered_interval",0.9,"Posterior clustering","posterior clustering","clusters=12, beta=0.005","full",0.0341924910605651,0.00642582708913707,0.00975716935054049,0.00120134578683349,0.00827542910792739,0.00133270116143968,0.128375389990009,0.0523751591883823,7.04124400259569,0.114316605373512,25,0,19.4021865234046,1.69291337898427,25,0,NA,NA,0.0420167948737249,0.00166661139090516,-7.87717800033942e-05,0.000280107688566378,9.66276689192034e-05,0.000290945282119392,0.0358404581785833,0.00357839705399832,120,0,4.81071702991345e-05,9.25998206144822e-06,NA,NA,NA,NA,NA,NA,NA,NA,6.2,1.49666295470958,5
"weak_signal",0.9,"Posterior clustering","posterior clustering","clusters=12, beta=0.005","full",0.0286823154877004,0.00376165403566927,0.00567477185870059,0.00110414467327971,0.00507621761576849,0.000994783214704819,0.0543730404658913,0.0108148604650545,4.53290579106658,0.447743780952613,17.4,0.812403840463596,11.2932708063604,0.588052895252862,17.4,0.812403840463596,NA,NA,0.0259206836134045,0.00274103962539546,0.00110967260367811,0.000418047310318223,-0.000903208717016569,0.000455375866846219,0.0292197597952156,0.00236510488085718,120,0,3.62140681307202e-05,3.95512008564636e-06,NA,NA,NA,NA,NA,NA,NA,NA,42.6,12.1597697346619,5
"graph_community",0.7,"Posterior clustering","posterior clustering","clusters=12, beta=0.02","full",0.0258794810368595,0.00218006259755745,0.00522516760244643,0.000742917584328912,0.00526202824764667,0.000816245531598942,0.00262702819725407,0.000580298262318794,5.43682705259167,0.137994814638143,16,0.547722557505166,8.63106139860756,0.713535400528757,16,0.547722557505166,NA,NA,0.11182009007638,0.00313630972604033,0.00192809348055873,0.000362230644542889,-0.0013396230335716,0.000232384811366035,0.0879969299223912,0.00337455238734627,120,0,7.87525975529557e-05,4.07280108250058e-06,NA,NA,NA,NA,NA,NA,NA,NA,25,7.03562363973514,5
"misspecified_grouping",0.7,"Posterior clustering","posterior clustering","clusters=12, beta=0.02","full",0.0167002718524362,0.00194534385519511,0.00250784467849274,0.000563928068413815,0.00232996308565375,0.000535734333927576,0.00128027099340764,0.000280270993407642,4.67230604078376,0.409326472322237,16.4,0.6,8.74871050831955,0.634215672739051,16.8,0.66332495807108,NA,NA,0.0937951621179878,0.00844150656139239,-0.000169323157448753,0.000497437675243426,0.000160434853040137,0.00030231813929926,0.0668025056933468,0.00673912081768372,120,0,0.000151732822819339,2.21312770751887e-05,NA,NA,NA,NA,NA,NA,NA,NA,4.8,0.489897948556636,5
"multi_representative",0.7,"Posterior clustering","posterior clustering","clusters=12, beta=0.02","full",0.0171373916263062,0.000582164141330427,0.0022603767436507,0.000247057240646536,0.00207139605851279,0.000209581284926635,0.00195937048562363,0.00025335924290212,5.56318779682469,0.164480155266182,15.2,0.2,9.25769419123374,0.354830757576066,15.4,0.4,NA,NA,0.111301482035754,0.00349597182202625,0.000812191632819869,0.000345570643224674,-0.000523986891092365,0.000232904167671901,0.0851203785793621,0.00864128886937834,120,0,0.00011280713076271,1.02094142631329e-05,NA,NA,NA,NA,NA,NA,NA,NA,7.8,0.8,5
"noisy_grouping",0.7,"Posterior clustering","posterior clustering","clusters=12, beta=0.02","full",0.0131050210374894,0.00080572145747811,0.00205145263421241,0.00052237422040322,0.00181270210669748,0.000445197992388802,0.00115296830999078,0.000136301861563736,4.99709316135045,0.197340185849909,15.6,0.244948974278318,9.2559270762379,0.587772791815102,16.2,0.374165738677394,NA,NA,0.099775976243306,0.00398714932998745,0.000162825019535307,0.000355201140934789,-0.000137758708525305,0.000245745320689774,0.075658903966748,0.0112666105266539,120,0,0.000148680705839521,2.52615011878053e-05,NA,NA,NA,NA,NA,NA,NA,NA,5.2,0.374165738677394,5
"one_representative",0.7,"Posterior clustering","posterior clustering","clusters=12, beta=0.02","full",0.0178207751076419,0.00112388916715227,0.00381372329309881,0.00126440405014933,0.00318023080898323,0.000881943944447098,0.0022397185212286,0.000489120866952657,5.72560671390142,0.0241864086207764,14.8,0.2,11.048005793138,0.245565059386694,14.8,0.2,NA,NA,0.115924598688218,0.00095643614944478,-2.82619178618493e-05,6.33435296101049e-05,-2.52506831567077e-05,6.64374346361405e-05,0.0908590700476331,0.00342658458486386,120,0,8.25439819880813e-05,5.06279119081705e-06,NA,NA,NA,NA,NA,NA,NA,NA,4,0,5
"ordered_interval",0.7,"Posterior clustering","posterior clustering","clusters=12, beta=0.02","full",0.0286352523893108,0.00346058946840064,0.0111921265306237,0.00250727811569763,0.00876432064786042,0.00175148373659154,0.00680846225271662,0.00324787501596584,5.8224843412596,0.0585806940331328,17,1.14017542509914,12.9552791172241,0.491971581004264,24.6,0.4,NA,NA,0.125083201626077,0.00227165249052845,0.000287419113722365,0.000263277036393507,-0.000201944634509177,0.000177626469354852,0.122642933508972,0.0100327080500815,120,0,5.68692786409614e-05,1.61689812945639e-06,NA,NA,NA,NA,NA,NA,NA,NA,4.4,1.16619037896906,5
"weak_signal",0.7,"Posterior clustering","posterior clustering","clusters=12, beta=0.02","full",0.0260774820946798,0.00315502431477345,0.00427977153280042,0.000562669906476037,0.00382584712473931,0.000540761242877865,0.001,0,3.04594397937427,0.355370798481599,19.2,0.8,10.9723086150914,0.220844541235984,20.2,0.8,NA,NA,0.0628040957041425,0.00748518096563756,0.00280382222693833,0.000630989099775917,-0.00141865762326114,0.000272360409288313,0.0574581995089194,0.00520447217706249,120,0,9.04084142021742e-05,9.48013824259646e-06,NA,NA,NA,NA,NA,NA,NA,NA,20.6,3.28024389337134,5
"graph_community",0.9,"Posterior clustering","posterior clustering","clusters=12, beta=0.02","full",0.0357303498235205,0.00422029143811067,0.00729222162460234,0.00164813934182901,0.00676700407848238,0.00136920372749245,0.0129198747430644,0.00749107354934909,5.71420566005175,0.177675173839828,15,0.316227766016838,5.19895428145031,0.683463146029753,15,0.316227766016838,NA,NA,0.119962323134632,0.00508238792035806,0.000725289125748542,0.000363753507933806,-0.000646043501864214,0.000205199420652583,0.0737754063490905,0.00754966437297749,120,0,6.33173626015421e-05,2.61446105743207e-06,NA,NA,NA,NA,NA,NA,NA,NA,77.6,10.7591821250502,5
"misspecified_grouping",0.9,"Posterior clustering","posterior clustering","clusters=12, beta=0.02","full",0.0180740472265564,0.00231829962674058,0.00344666722443801,0.000802776975379992,0.00327589335941288,0.00089309301231036,0.001,0,4.35068884653013,0.169420751755337,16.8,0.8,8.67256216466397,0.497530160363757,18,0.836660026534075,NA,NA,0.088306513994043,0.00274013920454575,0.000314074718683964,0.000357565040287719,-0.000202762153323466,0.000237963831088948,0.0673226536877959,0.00821887301212251,120,0,0.000124981394220314,1.11991002012961e-05,NA,NA,NA,NA,NA,NA,NA,NA,16.4,3.4,5
"multi_representative",0.9,"Posterior clustering","posterior clustering","clusters=12, beta=0.02","full",0.0261682253158324,0.00367406898773664,0.00510606091647296,0.00158026230842963,0.00438582904388714,0.00119551611245377,0.00358098446730874,0.00151564850894192,5.22454031872143,0.268126101698367,15,0.316227766016838,7.43374562705431,1.30730316171693,15,0.316227766016838,NA,NA,0.107659104310267,0.00546401536487875,0.000642539585810642,0.000175100748879794,-0.000473376468577813,0.000171367505972274,0.0946699942579385,0.00615414565984286,120,0,0.000117184146648283,1.45215871652715e-05,NA,NA,NA,NA,NA,NA,NA,NA,20.2,5.26687763290548,5
"noisy_grouping",0.9,"Posterior clustering","posterior clustering","clusters=12, beta=0.02","full",0.022157202196794,0.00294040182460433,0.00541690484169694,0.00219928304331044,0.00442790549460007,0.00153718611446951,0.00271635638189729,0.000679541137482227,5.43027911881626,0.203959677966474,15.2,0.2,9.52302972758318,0.785699614112559,15.2,0.2,NA,NA,0.111783136000967,0.00214549919258728,-0.000187555837431085,0.000250997423336847,0.000132231233675561,0.000197701971698093,0.0912386372374697,0.00278688142986522,120,0,0.000104469408671201,2.2658682596419e-05,NA,NA,NA,NA,NA,NA,NA,NA,16,3.22490309931942,5
"one_representative",0.9,"Posterior clustering","posterior clustering","clusters=12, beta=0.02","full",0.0244629295961178,0.00145110992594611,0.00520688381014707,0.00133062127427277,0.00456637855941749,0.000935919979048431,0.00301102414044259,0.000965819251866523,5.36098633838853,0.135277039119066,15,0.316227766016838,8.37248129879536,0.472850309535952,15,0.316227766016838,NA,NA,0.110308192978414,0.0027342245835104,0.000273048820781162,0.00035544587296602,-8.77906233534455e-05,0.000188818951077793,0.0929549270113439,0.00386945423163091,120,0,0.000101549921881647,7.44328166289462e-06,NA,NA,NA,NA,NA,NA,NA,NA,16.6,1.83303027798234,5
"ordered_interval",0.9,"Posterior clustering","posterior clustering","clusters=12, beta=0.02","full",0.0423377496269329,0.00938099636975611,0.0160964450724545,0.00436419140300474,0.0135740949171774,0.00429774580008601,0.0119197329415926,0.00685446033634394,5.68291244654922,0.0820952695883285,18,1.37840487520902,13.1424439839113,0.278966946727472,25,0,NA,NA,0.127179763629545,0.00297599381420221,0.00064545262566762,0.000281075449617211,-0.00033012463873372,0.000126094127125257,0.127208841143373,0.00771703478765892,120,0,6.02183196281664e-05,7.40372719915036e-06,NA,NA,NA,NA,NA,NA,NA,NA,6.2,1.49666295470958,5
"weak_signal",0.9,"Posterior clustering","posterior clustering","clusters=12, beta=0.02","full",0.0298950224848279,0.00306658545560434,0.00713721996195233,0.00125383843967168,0.00640607895562761,0.00114398444325314,0.00150768042307716,0.000406714246877877,3.86640196825337,0.476215216304546,16.8,0.66332495807108,8.17799924005653,0.466317536913139,17.4,0.812403840463596,NA,NA,0.0823710719346862,0.00991992327040918,0.00167938423494984,0.000819322212629298,-0.00137287138019886,0.000478444320440959,0.067854620681492,0.0102456080778424,120,0,7.95956038119994e-05,4.94864597289752e-06,NA,NA,NA,NA,NA,NA,NA,NA,42.6,12.1597697346619,5
"graph_community",0.7,"Posterior clustering","posterior clustering","clusters=12, beta=0.08","full",0.0929709340679859,0.0224468780130544,0.0398303254572821,0.0114495223619564,0.0503711745235694,0.0158132845353291,0.001,0,4.42490271834701,0.287914384154312,11.8,0.58309518948453,2.90863669974822,0.341929989821882,16,0.547722557505166,NA,NA,0.392790054842896,0.0129757561568548,0.0087157893388838,0.00233898435766357,-0.00586003464122667,0.00170725656003074,0.192831279191794,0.0243875337674739,120,0,0.000122367536376689,2.83553643978039e-05,NA,NA,NA,NA,NA,NA,NA,NA,25,7.03562363973514,5
"misspecified_grouping",0.7,"Posterior clustering","posterior clustering","clusters=12, beta=0.08","full",0.042942527419118,0.00851201903064515,0.0173076136972385,0.00273550367512666,0.0146483456584956,0.00202597615561511,0.001,0,3.68405000139913,0.499855154140009,7,1.84390889145858,2.19187659884206,0.551012868065902,16.8,0.66332495807108,NA,NA,0.311359465955788,0.0374220929924087,-0.00125676073852374,0.00201183723856452,0.000969408138639149,0.00123572471574148,0.21674051007121,0.0345229456245042,120,0,6.76821877103106e-05,2.21885859614682e-05,NA,NA,NA,NA,NA,NA,NA,NA,4.8,0.489897948556636,5
"multi_representative",0.7,"Posterior clustering","posterior clustering","clusters=12, beta=0.08","full",0.0303588530827042,0.00898647544110529,0.00806227941321212,0.00123664184221514,0.00672431698246352,0.00122837570602147,0.001,0,4.81618966726305,0.201116187323574,10,1.58113883008419,2.13976950281623,0.138599263974418,15.4,0.4,NA,NA,0.39260561322147,0.0150698209888739,0.00204784371480656,0.0020526858575972,-0.00132608330763522,0.00134934936732481,0.149948966798891,0.0157605925691402,120,0,0.00016465952479151,3.04723323716405e-05,NA,NA,NA,NA,NA,NA,NA,NA,7.8,0.8,5
"noisy_grouping",0.7,"Posterior clustering","posterior clustering","clusters=12, beta=0.08","full",0.0397234363647771,0.00957712078024979,0.0174857113002052,0.00476080185169285,0.0163904144844468,0.0064135655473526,0.001,0,3.90285289128783,0.282444892678766,5.6,1.53622914957372,1.72118744801762,0.213772656662426,16.2,0.374165738677394,NA,NA,0.32919892007686,0.0201409554679059,0.0014772976292881,0.00214827776421016,-0.0010944882493193,0.00147221933984749,0.221893965676455,0.014231838446958,120,0,0.000100674738535944,4.37978419069544e-05,NA,NA,NA,NA,NA,NA,NA,NA,5.2,0.374165738677394,5
"one_representative",0.7,"Posterior clustering","posterior clustering","clusters=12, beta=0.08","full",0.0159188829985772,0.000289711004803337,0.00617711844722705,0.000378218855918286,0.00470537417692314,0.000238499409819165,0.001,0,4.99224411189888,0.00705170861123931,11.6,0.244948974278318,2.180308788732,0.0981848595805116,14.8,0.2,NA,NA,0.404781248865175,0.000508078475125757,2.08988257131011e-06,4.58285519299402e-05,-4.04438486672818e-05,5.54027957239429e-05,0.169592209220831,0.0125018572713389,120,0,0.000254747991625648,7.25883943292783e-06,NA,NA,NA,NA,NA,NA,NA,NA,4,0,5
"ordered_interval",0.7,"Posterior clustering","posterior clustering","clusters=12, beta=0.08","full",0.0409775959881748,0.00438374031492679,0.0230757978505807,0.00343334684652189,0.0190754366458915,0.00291398697545439,0.001,0,5.18854967571462,0.155024853066127,12.8,0.489897948556636,5.0211638732019,1.04275406048114,24.6,0.4,NA,NA,0.436655822050043,0.0099309283766096,0.00149171328354529,0.000886936175622547,-0.00117425837281151,0.000482798520578726,0.24564477794418,0.00876316680621971,120,0,0.000186708364350252,2.6444586378018e-05,NA,NA,NA,NA,NA,NA,NA,NA,4.4,1.16619037896906,5
"weak_signal",0.7,"Posterior clustering","posterior clustering","clusters=12, beta=0.08","full",0.0828123138402969,0.00326711996782927,0.0289562373934867,0.00276691357408381,0.0264213046123213,0.00250219383268542,0.001,0,2.12637675499252,0.39525521861686,8.8,0.8,4.16100632353474,0.456447058953133,20.2,0.8,NA,NA,0.197666837289693,0.0294340645467529,0.0144320961696801,0.00376503781191335,-0.00731382262569609,0.00158681623398995,0.228208317334523,0.0218352755975045,120,0,4.54358141724621e-05,1.98507951955576e-05,NA,NA,NA,NA,NA,NA,NA,NA,20.6,3.28024389337134,5
"graph_community",0.9,"Posterior clustering","posterior clustering","clusters=12, beta=0.08","full",0.0597976730201917,0.00472073288658866,0.0159302962148994,0.00345181111907387,0.0170427800211192,0.00486470066898765,0.001,0,5.38885259034923,0.229153601078601,14,0,3.30945692320071,0.48024733007074,15,0.316227766016838,NA,NA,0.445887891102855,0.0179452430350241,0.00295968824845474,0.00179675893556511,-0.00267693648711433,0.000876088956524795,0.0747036320003742,0.0134296701819162,120,0,6.54998127557537e-05,1.53598941011015e-05,NA,NA,NA,NA,NA,NA,NA,NA,77.6,10.7591821250502,5
"misspecified_grouping",0.9,"Posterior clustering","posterior clustering","clusters=12, beta=0.08","full",0.0573147852463087,0.00719825585315681,0.0206811803519048,0.00542043780171925,0.0206175075573676,0.00731056048246471,0.001,0,3.45234069595692,0.217547607177424,7.2,0.58309518948453,2.50288575854279,0.295271208672881,18,0.836660026534075,NA,NA,0.295977549869516,0.012382729703238,0.00179625286357745,0.001421691201272,-0.00125100245567489,0.00086286257771656,0.23768021621522,0.0137398370408008,120,0,3.9636093699752e-05,5.55947929452279e-06,NA,NA,NA,NA,NA,NA,NA,NA,16.4,3.4,5
"multi_representative",0.9,"Posterior clustering","posterior clustering","clusters=12, beta=0.08","full",0.0197116205396243,0.00219942050089121,0.00736052306995736,0.000580074139743592,0.0056494883558814,0.000435860101693761,0.001,0,4.68054863168643,0.299731304181838,11.4,2.13541565040626,2.00325154069833,0.260384940399038,15,0.316227766016838,NA,NA,0.381152630957675,0.0237421787683448,0.000197507438731348,0.000151293080748118,-0.000175870212715212,0.000142002666319407,0.119602372660254,0.026657464984634,120,0,0.000178066027828572,4.03005242493448e-05,NA,NA,NA,NA,NA,NA,NA,NA,20.2,5.26687763290548,5
"noisy_grouping",0.9,"Posterior clustering","posterior clustering","clusters=12, beta=0.08","full",0.0382928861686763,0.00819118133323966,0.00965200034446983,0.00315405126005084,0.00810359779338084,0.00239625500139492,0.001,0,4.86478889737562,0.254781375905518,10.6,1.69115345252878,3.30951047577352,0.513560846675656,15.2,0.2,NA,NA,0.397693932750377,0.0175478640301983,-0.000683176342055392,0.000802373522143088,0.000474932212349043,0.000611555200376323,0.145069069032371,0.0188498210370006,120,0,0.000142077167781762,3.99987978515017e-05,NA,NA,NA,NA,NA,NA,NA,NA,16,3.22490309931942,5
"one_representative",0.9,"Posterior clustering","posterior clustering","clusters=12, beta=0.08","full",0.0370909458367608,0.0120928981883003,0.0136662948583526,0.00635566647293608,0.0139520038736028,0.00799583120066213,0.001,0,4.76040931512848,0.279625237205682,11.8,1.28062484748657,2.54787137768621,0.281100979937736,15,0.316227766016838,NA,NA,0.393591817644443,0.0160094806712303,0.0016662496740873,0.00170539100744356,-0.00078297199179147,0.000896017565249023,0.117752735810184,0.0105585542493072,120,0,0.000181208341752281,2.78666982075186e-05,NA,NA,NA,NA,NA,NA,NA,NA,16.6,1.83303027798234,5
"ordered_interval",0.9,"Posterior clustering","posterior clustering","clusters=12, beta=0.08","full",0.0616141027844969,0.0109371735999208,0.0331253946236339,0.0071614928676097,0.0305752644182294,0.00849059310683602,0.001,0,4.98332397710323,0.140876596140594,13,0,5.49364250586706,1.02558602954053,25,0,NA,NA,0.430161923756371,0.00441267908663973,0.00494450465279934,0.003225022700624,-0.00303016512957153,0.0020029012205115,0.253697073593694,0.00319568225179127,120,0,0.000132716009641798,2.29179580082823e-05,NA,NA,NA,NA,NA,NA,NA,NA,6.2,1.49666295470958,5
"weak_signal",0.9,"Posterior clustering","posterior clustering","clusters=12, beta=0.08","full",0.0624006664611632,0.0114395793650812,0.0256035609466605,0.00498609814944418,0.0241246996607454,0.00584047493031633,0.001,0,3.0497923838752,0.566208523280665,7.4,1.83303027798234,2.97424282903892,0.527226222035151,17.4,0.812403840463596,NA,NA,0.268550759221928,0.041017271341938,0.00591020598760217,0.00353647254040811,-0.00404759495966038,0.00161329131835568,0.168229443563111,0.0248397407236872,120,0,7.81047788046941e-05,3.28435311561286e-05,NA,NA,NA,NA,NA,NA,NA,NA,42.6,12.1597697346619,5
"graph_community",0.7,"Posterior clustering","posterior clustering","clusters=4, beta=0.005","full",0.0316848221458741,0.00344983613632555,0.00626906378513679,0.00129332470272082,0.00550943463349216,0.00107940966200311,0.284074554120763,0.0736718861754188,6.72924826224901,0.451391356902284,7.2,0.374165738677394,4.63196901446362,0.577402984143931,7.2,0.374165738677394,NA,NA,0.0384162907945468,0.00264469822464962,0.00100382219903024,0.000405492295849085,-0.000520241507223274,0.000437017129122955,0.0222011433070651,0.00129876000713885,120,0,2.37731194990251e-05,3.05060112582693e-06,NA,NA,NA,NA,NA,NA,NA,NA,25,7.03562363973514,5
"misspecified_grouping",0.7,"Posterior clustering","posterior clustering","clusters=4, beta=0.005","full",0.0194338378983194,0.00559906225046865,0.00354721725545252,0.00151794170979133,0.00305159119855594,0.00115242362893678,0.2222974233702,0.149370207090682,5.97734165711993,0.849312438805881,7.6,0.4,6.1542008739706,0.999963541959224,7.6,0.4,NA,NA,0.0317062645101546,0.00450159282840999,0.00139962356519923,0.00121018788935929,-0.000921228943239072,0.000797566155902306,0.0234055758766257,0.00213620367876693,120,0,2.62054984132877e-05,2.31480408169791e-06,NA,NA,NA,NA,NA,NA,NA,NA,4.8,0.489897948556636,5
"multi_representative",0.7,"Posterior clustering","posterior clustering","clusters=4, beta=0.005","full",0.0215918445551479,0.00270816641025169,0.0034973382050774,0.00103462260070658,0.00304628416480029,0.000818897415729927,0.129452145291811,0.0226366796974605,5.95916957223741,0.157362539396876,6.8,0.2,5.07945638289624,0.397891874864824,6.8,0.2,NA,NA,0.031681060156378,0.00113263924358213,0.00152426786718083,0.000855753195672059,-0.00103298095766009,0.000607360989389292,0.0245131159892757,0.00038445956071644,120,0,4.08987236658498e-05,4.85697925494551e-06,NA,NA,NA,NA,NA,NA,NA,NA,7.8,0.8,5
"noisy_grouping",0.7,"Posterior clustering","posterior clustering","clusters=4, beta=0.005","full",0.0113458836154532,0.00140937229943262,0.00168155636682178,0.000255815592148708,0.00150566626401534,0.000202117010740488,0.0592061834548733,0.00582161863400133,5.37510446658783,0.163517947236111,8,0.316227766016838,6.90208338740026,0.341681495467457,8,0.316227766016838,NA,NA,0.0266300381543215,0.000975637913479603,-4.23074940705703e-05,8.69347931304292e-05,6.37435894034866e-05,8.37885718050054e-05,0.0271406398499321,0.00151947699409088,120,0,3.28721892526258e-05,2.94664800951961e-06,NA,NA,NA,NA,NA,NA,NA,NA,5.2,0.374165738677394,5
"one_representative",0.7,"Posterior clustering","posterior clustering","clusters=4, beta=0.005","full",0.0165129294011834,0.00227178831453635,0.00396711752766084,0.00112430816134609,0.00337997692528338,0.000884811114173236,0.118073242423173,0.0250328417242514,6.07850220964081,0.0597187773743168,6.6,0.244948974278318,5.95645906489772,0.229676278164056,6.6,0.244948974278318,NA,NA,0.0325782432614142,0.00145738785573377,-2.85309311447434e-05,8.12894380154435e-05,-1.48420380161162e-05,6.34126246406352e-05,0.0212155457234447,0.00203336192449255,120,0,2.66759212285923e-05,2.72018638683808e-06,NA,NA,NA,NA,NA,NA,NA,NA,4,0,5
"ordered_interval",0.7,"Posterior clustering","posterior clustering","clusters=4, beta=0.005","full",0.0252025190525307,0.00269301667207198,0.00856574232668614,0.000373271218858324,0.00701667787882075,0.000373944762270658,0.25451890075984,0.0401032131148789,7.27517332411847,0.127092550104336,9,0,7.54510537761423,0.362204722840172,9,0,NA,NA,0.0429258045436311,0.000696251963651455,0.000176439686265528,0.000175925027300393,-0.000126020485660838,0.000107336914646209,0.0270986330991406,0.00120086968316269,120,0,3.08831117614317e-05,1.86662152643942e-06,NA,NA,NA,NA,NA,NA,NA,NA,4.4,1.16619037896906,5
"weak_signal",0.7,"Posterior clustering","posterior clustering","clusters=4, beta=0.005","full",0.0496775854990862,0.00589625172835668,0.011395771582398,0.000693490683386151,0.0105470071310728,0.000637270506606763,0.381912767803633,0.0768116012128699,5.79235758130427,0.565560098614236,7.6,0.244948974278318,5.16131975962229,0.492338698282661,7.6,0.244948974278318,NA,NA,0.0387340914233459,0.00246661764205051,0.00137285205327147,0.00136731200037169,-0.000676918227644576,0.000733304675481344,0.0203092056686114,0.00146549166905752,120,0,1.98969058563279e-05,2.22069703568431e-06,NA,NA,NA,NA,NA,NA,NA,NA,20.6,3.28024389337134,5
"graph_community",0.9,"Posterior clustering","posterior clustering","clusters=4, beta=0.005","full",0.0255464469053848,0.00401572421406477,0.00342588088436718,0.00110040238016863,0.00317051522297856,0.000969139104414185,0.309913583849117,0.134076953496125,6.86360318383956,0.60726962462298,7.2,0.374165738677394,3.7346146414226,0.476211213719617,7.2,0.374165738677394,NA,NA,0.0364654469928215,0.00373172339650544,0.0017732428449905,0.000857941394536233,-0.000890251755784454,0.000639185470625691,0.022096946936874,0.00122729127555135,120,0,2.17415619171817e-05,4.66759188024087e-06,NA,NA,NA,NA,NA,NA,NA,NA,77.6,10.7591821250502,5
"misspecified_grouping",0.9,"Posterior clustering","posterior clustering","clusters=4, beta=0.005","full",0.0317297346388144,0.0035905260555956,0.00715155859244176,0.000903800446208607,0.00632951895202529,0.000711101773797069,0.332769425902814,0.110444442734715,6.29911104344252,0.626855520735759,7.2,0.2,4.86160464452152,0.608086114725412,7.2,0.2,NA,NA,0.037101287613437,0.0034644811033961,-0.000658951698003074,0.000501282636116162,0.000285225406859846,0.000393881298872313,0.0306662328802058,0.00351002702044183,120,0,2.88742772345474e-05,5.38527488685601e-06,NA,NA,NA,NA,NA,NA,NA,NA,16.4,3.4,5
"multi_representative",0.9,"Posterior clustering","posterior clustering","clusters=4, beta=0.005","full",0.028475165529841,0.00153151721500487,0.00546235124873753,0.000676893965862469,0.00470934681141532,0.000566819649107111,0.267492233093815,0.0117565618472028,6.3834000388311,0.0259759776560106,6,0,3.59487259224864,0.448998044572586,6,0,NA,NA,0.0361315107234054,0.000656170719351669,0.000504443891702966,0.000346957211924383,-0.000349864747082052,0.000276194051795642,0.0228127143060498,0.000596392113957466,120,0,3.55411268617254e-05,3.12486064677582e-06,NA,NA,NA,NA,NA,NA,NA,NA,20.2,5.26687763290548,5
"noisy_grouping",0.9,"Posterior clustering","posterior clustering","clusters=4, beta=0.005","full",0.0214313569296167,0.00310304709893306,0.00375762561038671,0.00105244178059055,0.00332901622742553,0.000833319823088061,0.129692423058954,0.0272939289752416,5.85632027072568,0.0959222077966919,7,0,5.12468617580452,0.282639609626386,7,0,NA,NA,0.0314109439219547,0.000807569909960413,-4.24570242858905e-05,0.000378239053819174,-2.09672123612235e-05,0.000299299238413209,0.0264226162841707,0.000777985553561616,120,0,3.7964434179101e-05,4.66413845121722e-06,NA,NA,NA,NA,NA,NA,NA,NA,16,3.22490309931942,5
"one_representative",0.9,"Posterior clustering","posterior clustering","clusters=4, beta=0.005","full",0.0282169449589586,0.00419383084236661,0.00497212277330681,0.00128559012713903,0.00442281707716504,0.00110513665020237,0.233281981231633,0.0784900942477703,6.13986770350754,0.425303151733477,6.8,0.374165738677394,4.67745122356804,0.380357744170296,6.8,0.374165738677394,NA,NA,0.0341427317996566,0.00329218378064704,3.74979326918101e-05,0.000156589798734067,5.51279387955183e-05,8.22626955763658e-05,0.0246944631952704,0.00169197435663294,120,0,3.55406886320728e-05,5.08648734437163e-06,NA,NA,NA,NA,NA,NA,NA,NA,16.6,1.83303027798234,5
"ordered_interval",0.9,"Posterior clustering","posterior clustering","clusters=4, beta=0.005","full",0.0337978733904943,0.00378885835752753,0.00666694830682147,0.000920406469950316,0.00587260417287983,0.000616025833022815,0.516130063074097,0.11253233392656,8.24612859021222,0.372878316891226,9,0,5.13419083209299,1.07998766773994,9,0,NA,NA,0.0463534469160237,0.00119533843870722,-0.000841575587980393,0.000619675898945769,0.000440807837705393,0.000295694228164603,0.0297129512030396,0.00138244822273107,120,0,3.19247187634528e-05,3.48288971587677e-06,NA,NA,NA,NA,NA,NA,NA,NA,6.2,1.49666295470958,5
"weak_signal",0.9,"Posterior clustering","posterior clustering","clusters=4, beta=0.005","full",0.0417251452571395,0.00651069854380005,0.0100692081563274,0.00113471531174453,0.00910279730515821,0.00110175339347617,0.324381740791253,0.0532122021651174,5.76043818508212,0.186590518485942,7.4,0.244948974278318,4.79095922614473,0.383543658362883,7.4,0.244948974278318,NA,NA,0.0373192412116426,0.00198951797767164,0.00130177329383141,0.00120126162819464,-0.00073579303885829,0.000712128916317419,0.0215441228856466,0.00126172324970812,120,0,2.08471949833977e-05,3.14728991446924e-06,NA,NA,NA,NA,NA,NA,NA,NA,42.6,12.1597697346619,5
"graph_community",0.7,"Posterior clustering","posterior clustering","clusters=4, beta=0.02","full",0.0417913121411473,0.00979652243931973,0.014869910895919,0.0040682394423317,0.0123682402529186,0.00346873949138235,0.0434494992530923,0.0251797722291255,5.46545338736719,0.420017048184841,7.2,0.374165738677394,3.60092652417355,0.415079133374362,7.2,0.374165738677394,NA,NA,0.122930278295791,0.0101420461618679,0.00174652409796661,0.000637334065805333,-0.00053579180410428,0.000227977328050312,0.0595398586352778,0.0115372208906524,120,0,6.53099207568036e-05,2.1005150134716e-05,NA,NA,NA,NA,NA,NA,NA,NA,25,7.03562363973514,5
"misspecified_grouping",0.7,"Posterior clustering","posterior clustering","clusters=4, beta=0.02","full",0.0320520362161677,0.0131027431641505,0.00777630385683282,0.00284065424550452,0.00695271700948598,0.00243237941509789,0.123232951142151,0.121940437762058,5.00776321494874,0.951233993623461,7.4,0.4,4.31169483151447,0.376031641173851,7.6,0.4,NA,NA,0.106485494136752,0.0202046262558788,0.00335695722017814,0.00256178021972282,-0.00215877917434155,0.00171626213529669,0.0747539585066387,0.0186727787432481,120,0,7.59286587894343e-05,1.95353828975814e-05,NA,NA,NA,NA,NA,NA,NA,NA,4.8,0.489897948556636,5
"multi_representative",0.7,"Posterior clustering","posterior clustering","clusters=4, beta=0.02","full",0.0197603988614771,0.00223475781185176,0.00392961881478495,0.00147992070491443,0.00316400920825991,0.0010562073744478,0.00465224263648443,0.00116756278719748,5.14038809720289,0.192978040497412,6.8,0.2,3.29209125408863,0.340634024307642,6.8,0.2,NA,NA,0.10556658805637,0.00288642183879831,0.0015111200638386,0.000415979242026457,-0.00101265748982931,0.000297198661884708,0.0910208498577861,0.00270408363060492,120,0,9.04720211363315e-05,1.30470162083993e-05,NA,NA,NA,NA,NA,NA,NA,NA,7.8,0.8,5
"noisy_grouping",0.7,"Posterior clustering","posterior clustering","clusters=4, beta=0.02","full",0.0132973313638217,0.00102665879289647,0.00211452708028777,0.000434134944168478,0.00188408425836141,0.000392224001593013,0.00150371902233572,0.000374228781844453,4.63525811112755,0.213144676471714,7.8,0.2,4.52923682579929,0.16984934139958,8,0.316227766016838,NA,NA,0.0933120096124593,0.00434037743160296,0.000183686586051168,0.000417670178490136,-0.000134754406037364,0.000297993730047269,0.0954248534398018,0.0104432363761886,120,0,9.28139458373806e-05,1.06173290244154e-05,NA,NA,NA,NA,NA,NA,NA,NA,5.2,0.374165738677394,5
"one_representative",0.7,"Posterior clustering","posterior clustering","clusters=4, beta=0.02","full",0.018017393549804,0.00213261858686967,0.00482165873001432,0.00175928761852086,0.00386348154025846,0.00126712316417455,0.00507006250422074,0.00131225326239708,5.36556567439096,0.0489573282604323,6.6,0.244948974278318,4.24734135968266,0.251687308215401,6.6,0.244948974278318,NA,NA,0.110694043309729,0.000984259216990099,-1.8873072462755e-05,7.89541522889735e-05,-2.92176290395574e-05,6.76070587585961e-05,0.0877806692659145,0.00430087007792558,120,0,8.87959212483219e-05,4.52407056856989e-06,NA,NA,NA,NA,NA,NA,NA,NA,4,0,5
"ordered_interval",0.7,"Posterior clustering","posterior clustering","clusters=4, beta=0.02","full",0.0350385226964654,0.00508565629791275,0.0184978786534062,0.00240670287009689,0.0139131483285101,0.00190848517880675,0.0342017062093169,0.0134207493627365,5.65784402033288,0.0855222866357096,9,0,5.22112701450862,0.162264168174664,9,0,NA,NA,0.130004087576797,0.00270055904144107,0.000411234992966492,0.000295379921275829,-0.00031620846333098,0.000156399188059309,0.0911550214419407,0.0077645450743548,120,0,6.83589101877324e-05,2.23519459095368e-06,NA,NA,NA,NA,NA,NA,NA,NA,4.4,1.16619037896906,5
"weak_signal",0.7,"Posterior clustering","posterior clustering","clusters=4, beta=0.02","full",0.079350815771222,0.016779978911014,0.0358077927272136,0.00626005858210866,0.0310726192887164,0.00550988140412165,0.0449383456517887,0.0288566574029047,3.03717659880092,0.353278534028099,7.6,0.244948974278318,4.33948063027656,0.371158224199697,7.6,0.244948974278318,NA,NA,0.0950986957435236,0.0103656896230702,0.00570405151588904,0.00260823077931985,-0.00281806199241288,0.00131549749767922,0.0659600566475615,0.0127827061029656,120,0,6.98874201318645e-05,1.07867007432352e-05,NA,NA,NA,NA,NA,NA,NA,NA,20.6,3.28024389337134,5
"graph_community",0.9,"Posterior clustering","posterior clustering","clusters=4, beta=0.02","full",0.0424910807095314,0.0141734601634322,0.0111706423613883,0.00398299005241497,0.0103481237892887,0.00360698555581399,0.116281408011476,0.104044463664511,5.77582155825818,0.48192605578418,7.2,0.374165738677394,3.15021709772543,0.254747524850073,7.2,0.374165738677394,NA,NA,0.12555310276334,0.0128917586856108,0.00406249730241907,0.00235169266120933,-0.0024791038315858,0.00168814598947939,0.0668839707272791,0.011813329676477,120,0,4.72411377377219e-05,9.84821849825712e-06,NA,NA,NA,NA,NA,NA,NA,NA,77.6,10.7591821250502,5
"misspecified_grouping",0.9,"Posterior clustering","posterior clustering","clusters=4, beta=0.02","full",0.0442412228019224,0.0103263375509822,0.019601478850646,0.00573749841601228,0.016029243943442,0.00488991864730927,0.0806361910229353,0.057925241942732,4.57403101132482,0.367044186115505,7.2,0.2,3.59489875803552,0.235861482091854,7.2,0.2,NA,NA,0.109812279886002,0.012199292999112,-0.000832257220791765,0.00098345322769975,0.000358149044317102,0.000691528667470286,0.0846320543458883,0.0100039801259109,120,0,7.65829317736638e-05,1.38551842769966e-05,NA,NA,NA,NA,NA,NA,NA,NA,16.4,3.4,5
"multi_representative",0.9,"Posterior clustering","posterior clustering","clusters=4, beta=0.02","full",0.028698652850986,0.0024006958458381,0.00950595130038197,0.00111199351659319,0.00723563948644243,0.000862289625507683,0.0128423560044071,0.000994632263580516,5.04187894879813,0.0418349873426266,6,0,2.1715603417559,0.31681976755834,6,0,NA,NA,0.109610473282686,0.00156855310684423,0.000423525578533068,0.000269321278171394,-0.00028248330311178,0.000215738287046721,0.0747129093001491,0.00247576825198977,120,0,8.39173636757367e-05,1.12110961150898e-05,NA,NA,NA,NA,NA,NA,NA,NA,20.2,5.26687763290548,5
"noisy_grouping",0.9,"Posterior clustering","posterior clustering","clusters=4, beta=0.02","full",0.0228257574198802,0.00261498970020095,0.00501810172040147,0.00244888036436271,0.00404993148550667,0.00170533053421352,0.00436692974551232,0.00079956935740935,5.08739985778288,0.260729854909316,7,0,3.64486001750963,0.330227058740872,7,0,NA,NA,0.105489147898739,0.00282729497453112,-0.000144815247252206,0.000496570679156761,5.21051523311826e-05,0.000379474156269665,0.0880706373925364,0.00377400391442001,120,0,6.77642429911946e-05,2.32018000266762e-06,NA,NA,NA,NA,NA,NA,NA,NA,16,3.22490309931942,5
"one_representative",0.9,"Posterior clustering","posterior clustering","clusters=4, beta=0.02","full",0.0327251597839836,0.00792619088432403,0.0115467294622083,0.00439553703977829,0.0091787367112459,0.00335264626949129,0.0224460755670469,0.013010118762375,4.85542608832561,0.247226092211231,6.8,0.374165738677394,3.18843129250312,0.241069997000738,6.8,0.374165738677394,NA,NA,0.107507872014458,0.00821504003361766,0.000270521379475807,0.000299953927038925,-3.41486780116364e-05,0.000165770993692685,0.0769679567092103,0.0149198329398399,120,0,8.95007251827839e-05,8.72838284523768e-06,NA,NA,NA,NA,NA,NA,NA,NA,16.6,1.83303027798234,5
"ordered_interval",0.9,"Posterior clustering","posterior clustering","clusters=4, beta=0.02","full",0.0629558919700427,0.0119780742975777,0.0227354614134292,0.00245777591715894,0.0192522627361199,0.00273163340157999,0.23833182609808,0.0909771785937817,6.55919881608748,0.36398607319279,8.8,0.2,5.2064265689791,0.293212535637109,9,0,NA,NA,0.152275645195506,0.00863399507324148,-0.00119804691125824,0.00129255367600025,0.000545762239182502,0.000575673957632966,0.0899830817056819,0.00705119029699873,120,0,4.83989914613125e-05,7.10718776816879e-06,NA,NA,NA,NA,NA,NA,NA,NA,6.2,1.49666295470958,5
"weak_signal",0.9,"Posterior clustering","posterior clustering","clusters=4, beta=0.02","full",0.0620099024043317,0.0148818964319771,0.0292962402035659,0.00669509424515086,0.0242844117571865,0.0052708689223693,0.017281432684102,0.00528920486647717,3.38953377988584,0.368617412487224,7.4,0.244948974278318,3.70699852708869,0.526708672952235,7.4,0.244948974278318,NA,NA,0.0958199510686834,0.00497724300563802,0.00274636651412745,0.00262567838793372,-0.0013969868592139,0.00152009681076664,0.0624977411320289,0.010986929202918,120,0,6.81991039416075e-05,1.84610673565656e-05,NA,NA,NA,NA,NA,NA,NA,NA,42.6,12.1597697346619,5
"graph_community",0.7,"Posterior clustering","posterior clustering","clusters=4, beta=0.08","full",0.0638612598169571,0.0211482712470471,0.0314691186374413,0.0104997903835432,0.0330635345462253,0.0144831996827595,0.001,0,4.8306825646902,0.47229924619013,5,0.547722557505166,2.1224061611892,0.314272629357691,7.2,0.374165738677394,NA,NA,0.417225432645194,0.0376990219689078,0.00442883935021849,0.00255953492898569,-0.00135111664389931,0.000890035000449805,0.129242699421778,0.0264621066030364,120,0,3.38206391841678e-05,8.0262654518593e-06,NA,NA,NA,NA,NA,NA,NA,NA,25,7.03562363973514,5
"misspecified_grouping",0.7,"Posterior clustering","posterior clustering","clusters=4, beta=0.08","full",0.0753898271130532,0.0333831179494161,0.0413448086799692,0.0173118256015775,0.0376167022395343,0.0153992281790943,0.00477657073578764,0.00377657073578764,3.86817593087605,0.654056060286367,4.6,0.6,1.7492250158749,0.32202798105272,7.6,0.4,NA,NA,0.350297785259729,0.0678449158051681,0.00964995509250572,0.00683898313612631,-0.00634409831344351,0.00473178192594178,0.163493994722083,0.0372642718968424,120,0,6.18518973146686e-05,1.65314352427167e-05,NA,NA,NA,NA,NA,NA,NA,NA,4.8,0.489897948556636,5
"multi_representative",0.7,"Posterior clustering","posterior clustering","clusters=4, beta=0.08","full",0.0284873375849844,0.00958466926632665,0.00856715041125257,0.00136214219644097,0.00698089110621134,0.00130015304672993,0.001,0,4.75906829248734,0.195153541364612,5,0.447213595499958,1.56942264219905,0.153164769683345,6.8,0.2,NA,NA,0.38886107052044,0.0144428358280438,0.00236183901933643,0.00194930038939323,-0.00153400691259025,0.00128061788774846,0.131553147163848,0.0169987026107486,120,0,5.92565629831121e-05,1.77731569512642e-05,NA,NA,NA,NA,NA,NA,NA,NA,7.8,0.8,5
"noisy_grouping",0.7,"Posterior clustering","posterior clustering","clusters=4, beta=0.08","full",0.0394922348874511,0.00970931257816347,0.0175966265065982,0.0047631027217478,0.0164450384329013,0.00643912309423367,0.001,0,3.88400632083832,0.269967239283603,4.2,0.734846922834953,1.51872425899326,0.095586811620472,8,0.316227766016838,NA,NA,0.327907082069197,0.0192004773094979,0.00146848351855233,0.00214335723739136,-0.00109106176839266,0.00146865495515418,0.177842548885276,0.0219073587850104,120,0,5.98029008831769e-05,1.97524987027046e-05,NA,NA,NA,NA,NA,NA,NA,NA,5.2,0.374165738677394,5
"one_representative",0.7,"Posterior clustering","posterior clustering","clusters=4, beta=0.08","full",0.015258816013021,0.000317466270894145,0.00656041654754071,0.00042384018561359,0.00490204714175023,0.00026580026301404,0.001,0,4.93654507862422,0.00612976776308472,5.8,0.374165738677394,1.61042795001441,0.0298922994664773,6.6,0.244948974278318,NA,NA,0.401008231458668,0.000181305726837596,1.64225415275166e-05,4.76318828592898e-05,-4.94911128333885e-05,5.52264508300503e-05,0.0911138670546727,0.000285686376810534,120,0,0.000128931654448039,3.65444118335864e-06,NA,NA,NA,NA,NA,NA,NA,NA,4,0,5
"ordered_interval",0.7,"Posterior clustering","posterior clustering","clusters=4, beta=0.08","full",0.0430646210830013,0.00444610402131675,0.027723147969271,0.00350916635286819,0.0222163526593398,0.00293627916347862,0.001,0,5.05130963771346,0.132387146865257,5.2,0.374165738677394,2.39994195199623,0.312629531375277,9,0,NA,NA,0.430986712890079,0.00897574849422402,0.00150533579930552,0.000884849574399379,-0.00118753083732748,0.000463984491933322,0.235577513666169,0.00947377863074155,120,0,9.72957929934571e-05,2.00553123698302e-05,NA,NA,NA,NA,NA,NA,NA,NA,4.4,1.16619037896906,5
"weak_signal",0.7,"Posterior clustering","posterior clustering","clusters=4, beta=0.08","full",0.118212354632141,0.0109787871596953,0.0624113442753654,0.0110511083763029,0.0566954806811005,0.00909457693481385,0.001,0,2.09657887420123,0.380981320074246,4.2,0.58309518948453,2.44686693836396,0.139696697772512,7.6,0.244948974278318,NA,NA,0.229249190609722,0.0291913141445457,0.0180961538377023,0.00644227241408122,-0.00900771390629061,0.00305356764051786,0.188584369189052,0.0244160280572791,120,0,1.38356120944594e-05,4.9238090243907e-06,NA,NA,NA,NA,NA,NA,NA,NA,20.6,3.28024389337134,5
"graph_community",0.9,"Posterior clustering","posterior clustering","clusters=4, beta=0.08","full",0.0943506115208796,0.0360911936470709,0.0428825329537523,0.0189454171181126,0.0415518896532161,0.0165054841126897,0.001,0,4.71556858458961,0.172952238892829,6.2,0.489897948556636,1.62505635556116,0.229842720252329,7.2,0.374165738677394,NA,NA,0.419681982806415,0.0225674696037127,0.0103829232430051,0.00599422667454627,-0.00712850649202869,0.00419795586114713,0.0942570384769322,0.0104512226453605,120,0,4.85698606226159e-05,5.60344231040433e-06,NA,NA,NA,NA,NA,NA,NA,NA,77.6,10.7591821250502,5
"misspecified_grouping",0.9,"Posterior clustering","posterior clustering","clusters=4, beta=0.08","full",0.0658046186824877,0.0115298630328072,0.0419755910490204,0.0153836612612977,0.0336825575973824,0.0117086486634353,0.001,0,3.71784485527157,0.0928532658476736,3.4,0.244948974278318,1.82830949013737,0.250146081733088,7.2,0.2,NA,NA,0.338836911753229,0.0210368339475467,-0.000770403180325329,0.0022881259788138,0.000211673055940319,0.00157573924947093,0.196521757916656,0.0145236355129433,120,0,2.12386449723434e-05,7.19255065092495e-06,NA,NA,NA,NA,NA,NA,NA,NA,16.4,3.4,5
"multi_representative",0.9,"Posterior clustering","posterior clustering","clusters=4, beta=0.08","full",0.0178165544122574,0.00242272003245379,0.00862813062581224,0.000984098203602507,0.00630639085534835,0.000734408750501126,0.001,0,4.88737215495253,0.00870243088317918,4.8,0.2,1.33304700602853,0.0902597328264193,6,0,NA,NA,0.399339396919089,0.00152987398640696,0.000105084443635795,8.22095279960454e-05,-5.23492042287633e-05,7.6263087671439e-05,0.0713068372352006,0.0121927506952063,120,0,5.61858235608058e-05,1.55926007812838e-05,NA,NA,NA,NA,NA,NA,NA,NA,20.2,5.26687763290548,5
"noisy_grouping",0.9,"Posterior clustering","posterior clustering","clusters=4, beta=0.08","full",0.0377753721272606,0.00813755899289191,0.00970033915196402,0.00315336765547799,0.00812992983481477,0.0024081050787181,0.001,0,4.81493007409904,0.2432378856471,5.4,0.6,2.16226715402634,0.146924566260785,7,0,NA,NA,0.3941327576385,0.0168567788590658,-0.000517138160274965,0.000863141297717385,0.000288157177682712,0.000674619132316314,0.116720698369845,0.037697382724315,120,0,5.85740027103876e-05,1.58837036863845e-05,NA,NA,NA,NA,NA,NA,NA,NA,16,3.22490309931942,5
"one_representative",0.9,"Posterior clustering","posterior clustering","clusters=4, beta=0.08","full",0.0381299922867823,0.0123339387312473,0.0189472841464105,0.00602330433868904,0.0171124528229668,0.00701586322729308,0.001,0,4.37998462890472,0.328644834088611,4.8,0.489897948556636,1.50666458823883,0.122093126109446,6.8,0.374165738677394,NA,NA,0.368951153867307,0.0263233669265915,0.00161715672205096,0.00159283717216561,-0.000738255172064139,0.000841892820546067,0.102768558232501,0.0245537706742203,120,0,7.43279347022895e-05,1.18183125053475e-05,NA,NA,NA,NA,NA,NA,NA,NA,16.6,1.83303027798234,5
"ordered_interval",0.9,"Posterior clustering","posterior clustering","clusters=4, beta=0.08","full",0.102468307733201,0.0231758154178864,0.0685536518158884,0.0181014279124195,0.0553212124651768,0.0155477929802253,0.00141733571761742,0.000417335717617418,5.02038939867067,0.241901318150117,4.8,0.2,2.58355947355575,0.123480666649799,9,0,NA,NA,0.469240332839113,0.0169315666335703,0.000971920500886825,0.0037815568757059,-0.00103809158685433,0.00199902714264874,0.222799616603942,0.0065278904719582,120,0,8.50598383367983e-05,1.07137987412368e-05,NA,NA,NA,NA,NA,NA,NA,NA,6.2,1.49666295470958,5
"weak_signal",0.9,"Posterior clustering","posterior clustering","clusters=4, beta=0.08","full",0.105437427567745,0.0262467777064067,0.0544910671159885,0.0119294382564977,0.0522356945508666,0.0131480066586355,0.001,0,2.55088094235452,0.333253279251812,3.4,0.92736184954957,1.85439181895363,0.3193869822109,7.4,0.244948974278318,NA,NA,0.258001964250589,0.0237561525220341,0.00557894132265115,0.00494289055005871,-0.00343855504885662,0.00277001963089303,0.143940644984264,0.0206975614876267,120,0,2.40424102626091e-05,1.02114991814426e-05,NA,NA,NA,NA,NA,NA,NA,NA,42.6,12.1597697346619,5
"graph_community",0.7,"Posterior clustering","posterior clustering","clusters=8, beta=0.005","full",0.0311559062134578,0.00364707554236031,0.00528877785729473,0.000732539928705351,0.00480207761012965,0.00063742647502749,0.16043279379739,0.0405750387859486,6.44017523750648,0.265974262576642,11.2,0.374165738677394,6.64254692683838,0.798186644329797,11.2,0.374165738677394,NA,NA,0.0356234734945876,0.00195118470033015,0.000807756261021144,0.000756143930808395,-0.000567025770591734,0.000537395189634971,0.0275241275128222,0.00194604376791664,120,0,3.20426031767546e-05,4.57899816633078e-06,NA,NA,NA,NA,NA,NA,NA,NA,25,7.03562363973514,5
"misspecified_grouping",0.7,"Posterior clustering","posterior clustering","clusters=8, beta=0.005","full",0.0131271982401852,0.00256166236734361,0.00242798518710329,0.000893343498432682,0.00209707382559194,0.000727319378614797,0.0493496565341258,0.0115071726231587,5.50769839956534,0.276368128242036,12.2,0.489897948556636,10.352409286319,0.379548278220117,12.2,0.489897948556636,NA,NA,0.0276318531263985,0.00219197960762213,-0.000253660288904457,0.000215753494538229,9.02376369836145e-05,8.07073138306644e-05,0.0267804803082866,0.00155435571243496,120,0,3.17442993135901e-05,2.59715356531004e-06,NA,NA,NA,NA,NA,NA,NA,NA,4.8,0.489897948556636,5
"multi_representative",0.7,"Posterior clustering","posterior clustering","clusters=8, beta=0.005","full",0.0175043312890638,0.00208379411003186,0.00372265696735459,0.000897259686384824,0.00322642107857655,0.000692144008621068,0.0778197781840964,0.0145026506646366,6.05099075222158,0.188334690808549,11,0.316227766016838,8.83798281034015,0.334532931459514,11,0.316227766016838,NA,NA,0.0318015481093307,0.00157426072206095,0.00108556955489627,0.000638336934477566,-0.000728574463084275,0.000475394343332104,0.0251129787752582,0.000788565258356828,120,0,3.68874029742054e-05,4.16528851372457e-06,NA,NA,NA,NA,NA,NA,NA,NA,7.8,0.8,5
"noisy_grouping",0.7,"Posterior clustering","posterior clustering","clusters=8, beta=0.005","full",0.0116559372454085,0.000681222748715631,0.00183932922415108,0.000219729271173517,0.00161535116597618,0.000157104575083898,0.0418850680909703,0.00231229135357696,5.46468186361164,0.0407254494737736,12,0,10.2316081786163,0.302176744358519,12,0,NA,NA,0.0268390766511621,0.000330221707622789,-6.57817116842097e-05,6.76086590368423e-05,8.06081325342768e-05,7.90494943018006e-05,0.0269381480748195,0.000696054591511345,120,0,3.24267169036663e-05,2.65575378109806e-06,NA,NA,NA,NA,NA,NA,NA,NA,5.2,0.374165738677394,5
"one_representative",0.7,"Posterior clustering","posterior clustering","clusters=8, beta=0.005","full",0.0155397976887205,0.000675576618738034,0.00269036650042838,0.000203403683737011,0.00238438588187099,0.000175562885239422,0.0558602383862677,0.00342802925949954,6.03017673933338,0.0136927803006038,11,0,9.83265859162782,0.212064203069549,11,0,NA,NA,0.0305565115305619,0.000263424317676194,-5.0573013309041e-05,9.00495337849918e-05,5.0242506478338e-06,8.41348641674091e-05,0.0236366053949366,0.000240703798860703,120,0,2.73638477035432e-05,3.31286006829759e-06,NA,NA,NA,NA,NA,NA,NA,NA,4,0,5
"ordered_interval",0.7,"Posterior clustering","posterior clustering","clusters=8, beta=0.005","full",0.0261624017896373,0.00234393288244791,0.00907463609969889,0.000647765990513829,0.00728263267064794,0.000569397372045847,0.132515620608005,0.0212212866294442,7.19840347989803,0.131033463217913,17,0,14.5696118559495,0.317028485397618,17,0,NA,NA,0.0423886866459626,0.00107393834973446,8.55008437973479e-05,0.000111709097764434,2.58684595727754e-05,9.80400947036238e-05,0.0310969547790434,0.00356740905202463,120,0,4.08317280027423e-05,4.2375864553477e-06,NA,NA,NA,NA,NA,NA,NA,NA,4.4,1.16619037896906,5
"weak_signal",0.7,"Posterior clustering","posterior clustering","clusters=8, beta=0.005","full",0.0270757207379002,0.00249487684318787,0.0070693611996925,0.00174166957260483,0.00586510133494554,0.00131515507656834,0.0580286873250653,0.0193714681906443,3.76658120781461,0.325936360525238,14.6,0.509901951359279,11.637740200874,0.506380964110303,14.6,0.509901951359279,NA,NA,0.0234518413493195,0.00256873104709236,0.00101775570507305,0.000375453543732572,-0.000498277334069729,0.000255217627332908,0.0269928762660215,0.00182267001906723,120,0,3.06008401406037e-05,4.285403148659e-06,NA,NA,NA,NA,NA,NA,NA,NA,20.6,3.28024389337134,5
"graph_community",0.9,"Posterior clustering","posterior clustering","clusters=8, beta=0.005","full",0.0272423405562269,0.00213309861190493,0.00418016121518468,0.000984447547773422,0.00383627096359514,0.000839040816625749,0.146654936861501,0.0282012403561202,6.22793398426308,0.142951010958488,11.4,0.4,5.62019863421593,0.579363068203658,11.4,0.4,NA,NA,0.0336135535811148,0.00159562582867268,0.000348582752953819,0.000249776422540148,-0.000224753652195852,8.00030393660435e-05,0.0257387425373579,0.000899442262659363,120,0,3.22952473839191e-05,4.16747466466777e-06,NA,NA,NA,NA,NA,NA,NA,NA,77.6,10.7591821250502,5
"misspecified_grouping",0.9,"Posterior clustering","posterior clustering","clusters=8, beta=0.005","full",0.020966591388926,0.00378172529416668,0.00546321891972632,0.00152958019585793,0.00478170722304479,0.00130127175537843,0.0746720128200512,0.018271527302405,5.07964581324555,0.105462601342162,13.2,0.489897948556636,9.76272441691424,0.654656187174891,13.2,0.489897948556636,NA,NA,0.0285917981876368,0.00178918590850682,0.000179097609773526,0.000176218311113878,-0.00018636813145938,0.000126064515092142,0.0326588096632832,0.00294209197913035,120,0,3.43401745328348e-05,2.24750599252236e-06,NA,NA,NA,NA,NA,NA,NA,NA,16.4,3.4,5
"multi_representative",0.9,"Posterior clustering","posterior clustering","clusters=8, beta=0.005","full",0.0293726194193245,0.00279553007286231,0.0052707541955695,0.00109075988991411,0.00466711427972657,0.000901003681950582,0.186109749884254,0.0424972934795107,6.23220000842963,0.0911497623728958,10.4,0.244948974278318,6.13997276392853,0.921333647143631,10.4,0.244948974278318,NA,NA,0.0346660862467616,0.00153791516086921,0.00105065411660061,0.000262522093557096,-0.000796735255280543,0.000311233422129947,0.0255965582461404,0.000745485645405153,120,0,4.74926513746532e-05,3.28623218751146e-06,NA,NA,NA,NA,NA,NA,NA,NA,20.2,5.26687763290548,5
"noisy_grouping",0.9,"Posterior clustering","posterior clustering","clusters=8, beta=0.005","full",0.0214263244951878,0.00243739692276275,0.00384341887610946,0.000473021542192715,0.0034613272560863,0.000401241605626264,0.0753861216556569,0.00770789458676095,5.83624146123588,0.155927382599233,11.4,0.244948974278318,8.57380776960099,0.538378459958149,11.4,0.244948974278318,NA,NA,0.0308840360829751,0.000631626808418434,-0.00010716468667411,0.000310014651088471,-8.10719392066784e-05,0.00027922282803075,0.0278252412763468,0.00177181067992842,120,0,4.30309128013062e-05,5.56797370910513e-06,NA,NA,NA,NA,NA,NA,NA,NA,16,3.22490309931942,5
"one_representative",0.9,"Posterior clustering","posterior clustering","clusters=8, beta=0.005","full",0.0259766716881606,0.00439672566042726,0.00545522206957972,0.00144982312659332,0.00482091487327954,0.00122284415590078,0.157470196017114,0.0666311906253596,6.10582179421027,0.304573042011646,10.8,0.374165738677394,7.83497449808332,0.499711493919381,10.8,0.374165738677394,NA,NA,0.0339342315825471,0.00289279508156305,7.50965419281436e-05,0.000121861066997791,-2.29437176295644e-05,7.41907424148589e-05,0.0248811582491863,0.00190129384591529,120,0,4.0231567080011e-05,1.40909923083087e-06,NA,NA,NA,NA,NA,NA,NA,NA,16.6,1.83303027798234,5
"ordered_interval",0.9,"Posterior clustering","posterior clustering","clusters=8, beta=0.005","full",0.0309993191550814,0.00340497195052175,0.00980334762867947,0.000815523824260888,0.00806751809414562,0.00076833730384637,0.162510016467149,0.0319935691951463,7.10084570835313,0.0982162546150311,17,0,13.5648178987717,0.465518128108845,17,0,NA,NA,0.0427025756647102,0.000832761753920026,-0.000166074311110265,0.000239401269931329,5.15249072730483e-05,0.00016399416578172,0.0322053560756527,0.001513857779568,120,0,4.05503890828593e-05,2.59292770427696e-06,NA,NA,NA,NA,NA,NA,NA,NA,6.2,1.49666295470958,5
"weak_signal",0.9,"Posterior clustering","posterior clustering","clusters=8, beta=0.005","full",0.0402019016980053,0.00606311493526003,0.0088718302244918,0.001745828517866,0.00786441285896564,0.001569200178783,0.20346792964068,0.0611809339742715,5.2744942223631,0.54162107347087,12,0.447213595499958,6.86144976169557,0.519405692859532,12,0.447213595499958,NA,NA,0.0333302123813583,0.00335391914770706,0.00221532702251683,0.00124186827931515,-0.00150248793724303,0.000909269182577934,0.0269742840400259,0.00239846007316379,120,0,3.23109586147494e-05,4.36757762693049e-06,NA,NA,NA,NA,NA,NA,NA,NA,42.6,12.1597697346619,5
"graph_community",0.7,"Posterior clustering","posterior clustering","clusters=8, beta=0.02","full",0.0348182545787749,0.00417198521009557,0.00807773369789475,0.00142068341820676,0.00731876450901198,0.00115891640482556,0.0117326396805643,0.00539973033981612,5.69125449243716,0.189655382458437,11.2,0.374165738677394,5.23944858669647,0.675866951963797,11.2,0.374165738677394,NA,NA,0.120279267519474,0.00480815206799783,0.00153311233272233,0.000862572035248358,-0.00101682149787838,0.000572155801731896,0.0737607617885191,0.00677289781711341,120,0,7.06011764462305e-05,7.03306275518868e-06,NA,NA,NA,NA,NA,NA,NA,NA,25,7.03562363973514,5
"misspecified_grouping",0.7,"Posterior clustering","posterior clustering","clusters=8, beta=0.02","full",0.0154133996689911,0.00259010440575038,0.00281510818244517,0.00100950527150451,0.00251001153594807,0.000844843207972622,0.00183660577758966,0.000603602768016102,4.73328214804535,0.411279494734163,12,0.547722557505166,6.59299111087042,0.237016062728128,12.2,0.489897948556636,NA,NA,0.0955973899812928,0.00869761985294755,3.65694588426742e-05,0.000509882970193039,-0.000105426616445081,0.000290962752919392,0.0859644301936811,0.00974824382629039,120,0,0.000117377757379172,1.52419505356434e-05,NA,NA,NA,NA,NA,NA,NA,NA,4.8,0.489897948556636,5
"multi_representative",0.7,"Posterior clustering","posterior clustering","clusters=8, beta=0.02","full",0.017237954956019,0.00151440631939204,0.00329773829686795,0.00121651654873385,0.00277765421250909,0.000885806338228224,0.00333015835349653,0.000924819978315669,5.41302518859254,0.17741847163943,11,0.316227766016838,5.96303480103446,0.437187228771434,11,0.316227766016838,NA,NA,0.109784208859491,0.00382530711126889,0.0013246641473831,0.000286884067017866,-0.000884000500427096,0.000222980615870626,0.0944753339099619,0.00459286344774596,120,0,0.000124220376754178,1.21020334675893e-05,NA,NA,NA,NA,NA,NA,NA,NA,7.8,0.8,5
"noisy_grouping",0.7,"Posterior clustering","posterior clustering","clusters=8, beta=0.02","full",0.0131889795953507,0.00100898389646055,0.00224998361175787,0.000452593685373791,0.00198574380087922,0.000416393326592245,0.00104256560030502,2.69483484653787e-05,4.61378467347412,0.0581487403042702,11.4,0.244948974278318,6.1816431935716,0.32045845469344,12,0,NA,NA,0.0927092866158702,0.00143903287679577,0.000191254437508936,0.000393791070337108,-0.000132354023425841,0.000284634591733498,0.0780661194867534,0.0123065370059214,120,0,0.000146788541733017,1.58228764185398e-05,NA,NA,NA,NA,NA,NA,NA,NA,5.2,0.374165738677394,5
"one_representative",0.7,"Posterior clustering","posterior clustering","clusters=8, beta=0.02","full",0.0169460475388474,0.000504061968942467,0.00247122073893475,4.97055432653096e-05,0.00224870198865423,4.69122699249109e-05,0.0023095353826041,0.000114038121846646,5.59203395187492,0.0180853926323093,11,0,7.59935785641339,0.313457116997334,11,0,NA,NA,0.11228739015797,0.000284156736390489,-4.8770430349121e-05,9.06531327498589e-05,-6.5299886764958e-06,8.54322492592608e-05,0.0947280152932478,0.000161170756507124,120,0,8.9833519257221e-05,7.13743604236403e-06,NA,NA,NA,NA,NA,NA,NA,NA,4,0,5
"ordered_interval",0.7,"Posterior clustering","posterior clustering","clusters=8, beta=0.02","full",0.0314371094041535,0.00339929086725068,0.0139113102779651,0.00165439324814294,0.0105991604634586,0.00125151308264856,0.011956591922601,0.00323165581237573,5.83503222328438,0.0910198329042801,15,0.836660026534075,9.28362214902787,0.237238380949094,17,0,NA,NA,0.128384991749272,0.00258874600533041,0.000358343771747682,0.000189998980609935,-0.000143458472885927,0.000156957637139033,0.105850429488035,0.00810406995222489,120,0,5.99184853302598e-05,1.81653412623169e-06,NA,NA,NA,NA,NA,NA,NA,NA,4.4,1.16619037896906,5
"weak_signal",0.7,"Posterior clustering","posterior clustering","clusters=8, beta=0.02","full",0.0322508350761763,0.00312860719140205,0.00965353401911478,0.00282126459837125,0.00780914657593096,0.00199816069992668,0.00102389184357633,2.3891843576326e-05,2.85694965537148,0.363125676041427,13.8,0.489897948556636,8.05197988543643,0.384499187572275,14.6,0.509901951359279,NA,NA,0.0647109896261366,0.00706095916088163,0.00361393408044552,0.000943641339049509,-0.00183743718534473,0.00042428215985754,0.0630117032165732,0.0100077584133968,120,0,8.17858147682787e-05,9.09238032536161e-06,NA,NA,NA,NA,NA,NA,NA,NA,20.6,3.28024389337134,5
"graph_community",0.9,"Posterior clustering","posterior clustering","clusters=8, beta=0.02","full",0.0316259681505837,0.00182072846450147,0.00712879009846268,0.00156473912576592,0.00653079930339602,0.00120553033854191,0.00738890964880044,0.00193180097847334,5.4523919874165,0.112756894266333,11.2,0.2,4.4575073131685,0.649291999264857,11.4,0.4,NA,NA,0.114724082157766,0.00235300997384417,0.000992194412031022,0.000260229972484412,-0.000869391946583332,0.000273143987463293,0.0774995322872548,0.00357569307841452,120,0,5.81741785422196e-05,1.03354149683774e-05,NA,NA,NA,NA,NA,NA,NA,NA,77.6,10.7591821250502,5
"misspecified_grouping",0.9,"Posterior clustering","posterior clustering","clusters=8, beta=0.02","full",0.0223500118643207,0.00343504503309211,0.00711110647685319,0.00206955925184593,0.00619107784429767,0.00173537079917493,0.00162916437495072,0.000342403963289077,4.22747465098538,0.13270475306419,12.8,0.374165738677394,6.427324810671,0.558480098841441,13.2,0.489897948556636,NA,NA,0.0898173875453022,0.00279548568757136,0.000563536812854747,0.000442616063979303,-0.000374475768498339,0.000246826826577345,0.0879211775242225,0.0101443367864089,120,0,9.73736127960035e-05,1.77312200312333e-05,NA,NA,NA,NA,NA,NA,NA,NA,16.4,3.4,5
"multi_representative",0.9,"Posterior clustering","posterior clustering","clusters=8, beta=0.02","full",0.029009426968476,0.00308382719997613,0.0072475887593624,0.00211147142161094,0.00579825917114581,0.00156106458563568,0.00859969497813461,0.00223330348176962,5.22871713483664,0.0925132297868809,10.4,0.244948974278318,4.05976910843475,0.813844226614753,10.4,0.244948974278318,NA,NA,0.110506883397715,0.00162010227364562,0.000903985667639829,0.00021936101472435,-0.000662840861680536,0.000251510603893524,0.0828370953024862,0.00535484555243047,120,0,0.000106963037054303,8.86664175712743e-06,NA,NA,NA,NA,NA,NA,NA,NA,20.2,5.26687763290548,5
"noisy_grouping",0.9,"Posterior clustering","posterior clustering","clusters=8, beta=0.02","full",0.0219338278142657,0.00193579539901597,0.00367214919437309,0.000715003790467339,0.00322415846372387,0.000519025201113992,0.00262742110435593,0.000370674027890547,5.27224231790832,0.218765044611651,11.4,0.244948974278318,6.1843547532083,0.649240829217132,11.4,0.244948974278318,NA,NA,0.107316384594465,0.00365934521079139,-0.000235921753667112,0.000388747202260552,4.19527993157149e-05,0.000305638214488985,0.0940244123602992,0.00174933005513585,120,0,9.40888752975265e-05,8.54213486586261e-06,NA,NA,NA,NA,NA,NA,NA,NA,16,3.22490309931942,5
"one_representative",0.9,"Posterior clustering","posterior clustering","clusters=8, beta=0.02","full",0.0309220158418096,0.00737486224372329,0.00945217211737467,0.00439233313840183,0.00778946778602571,0.00333465476633097,0.0155769155055111,0.0120698091106611,5.24881056838702,0.132199414403312,10.8,0.374165738677394,6.05407066310554,0.161907508691732,10.8,0.374165738677394,NA,NA,0.112629045409461,0.00584437277124872,0.000312339076648004,0.000338762962327194,-0.00012504910775859,0.000177111722579121,0.081234264860059,0.0119391596179533,120,0,9.78191723136595e-05,7.58332825192389e-06,NA,NA,NA,NA,NA,NA,NA,NA,16.6,1.83303027798234,5
"ordered_interval",0.9,"Posterior clustering","posterior clustering","clusters=8, beta=0.02","full",0.0387589685479096,0.00545894347122506,0.0165867541843942,0.00294731466425203,0.0129070566800451,0.00235825586532949,0.0146462645629331,0.00383341506139752,5.69439864720683,0.132561478344795,13.8,0.734846922834953,9.30850737266918,0.402608645782705,17,0,NA,NA,0.128247422303124,0.0014991853420626,0.000304048284523795,0.000116331596540315,-0.00025435480044691,0.000124455444017136,0.101858724162719,0.00790751596988438,120,0,5.84987850247743e-05,4.32038343387117e-06,NA,NA,NA,NA,NA,NA,NA,NA,6.2,1.49666295470958,5
"weak_signal",0.9,"Posterior clustering","posterior clustering","clusters=8, beta=0.02","full",0.0492172590345216,0.00974445820224868,0.0172305773898889,0.00518213144280918,0.0143067751732916,0.00436248818597311,0.011535468215202,0.00840373413347083,3.88669827573365,0.549149258247437,11.8,0.374165738677394,5.07949533981683,0.284211323652778,12,0.447213595499958,NA,NA,0.0933451009375146,0.0115783180953979,0.00293847321250431,0.00142443792485079,-0.0019211161175793,0.000973068523145876,0.0665262682861566,0.0130892785271901,120,0,6.65943796249818e-05,1.0989996798812e-05,NA,NA,NA,NA,NA,NA,NA,NA,42.6,12.1597697346619,5
"graph_community",0.7,"Posterior clustering","posterior clustering","clusters=8, beta=0.08","full",0.0729608446651904,0.0171550158864074,0.0267390576801643,0.00999929649980848,0.0318399921255232,0.0151860525367054,0.001,0,5.11639369778734,0.344924135278882,9,0.447213595499958,2.91129990927043,0.209141243697433,11.2,0.374165738677394,NA,NA,0.434992313658815,0.0204340765417128,0.00575735081165773,0.00259372195625611,-0.00339096276113255,0.00123590666915328,0.103994968702831,0.00532100371586748,120,0,7.68771555013203e-05,2.7811945186967e-05,NA,NA,NA,NA,NA,NA,NA,NA,25,7.03562363973514,5
"misspecified_grouping",0.7,"Posterior clustering","posterior clustering","clusters=8, beta=0.08","full",0.035266931000568,0.0115182271100825,0.0173870927514482,0.00644500843011258,0.0162252828625052,0.00731783967134789,0.001,0,3.89731580751419,0.482556911128357,6.4,0.979795897113271,1.80526164770291,0.144694682289913,12.2,0.489897948556636,NA,NA,0.328595055232391,0.0350963723244159,0.00169181526806175,0.00190978958169484,-0.00117772063116872,0.00118935353563003,0.170943393876249,0.0314197163510643,120,0,7.5868802567819e-05,2.42041573992519e-05,NA,NA,NA,NA,NA,NA,NA,NA,4.8,0.489897948556636,5
"multi_representative",0.7,"Posterior clustering","posterior clustering","clusters=8, beta=0.08","full",0.0288232905902258,0.00937230624695281,0.00833365809582712,0.00117344090826947,0.00683984878539245,0.00118546304976126,0.001,0,4.77773562991424,0.193187680471776,6.6,0.812403840463596,1.74028809594052,0.217932173700272,11,0.316227766016838,NA,NA,0.390030015839256,0.014496638122671,0.0024990120243487,0.00188377459656201,-0.00162839737082652,0.0012364867179763,0.14821966730592,0.0113126895948739,120,0,0.000104371336736064,1.74399250091344e-05,NA,NA,NA,NA,NA,NA,NA,NA,7.8,0.8,5
"noisy_grouping",0.7,"Posterior clustering","posterior clustering","clusters=8, beta=0.08","full",0.0394049630779415,0.0100101916762099,0.0180691005507763,0.00466120480517003,0.0168479389968595,0.0065199830976718,0.001,0,3.59079693275629,0.0416824159416684,3.6,0.6,1.40491796692797,0.117790281814816,12,0,NA,NA,0.305006562683789,0.00611802528001823,0.00150085295553137,0.00217225347065182,-0.00110830500828554,0.00148926917382943,0.224100306280531,0.0104261265524115,120,0,4.99982047807989e-05,9.59076728520119e-06,NA,NA,NA,NA,NA,NA,NA,NA,5.2,0.374165738677394,5
"one_representative",0.7,"Posterior clustering","posterior clustering","clusters=8, beta=0.08","full",0.0152121489794005,0.00025448923790501,0.00580180855448211,3.4755407838902e-05,0.00444719541509401,3.10490252529756e-05,0.001,0,4.96968616971259,0.00705245461254575,10,0.316227766016838,1.87888920069066,0.089934139777855,11,0,NA,NA,0.40275035003333,0.00051923911174324,-1.23577829387322e-05,6.17244194046232e-05,-3.23708665116662e-05,6.37361552094497e-05,0.103167493219043,0.00936396343976283,120,0,0.000197685903951839,1.12256502538205e-05,NA,NA,NA,NA,NA,NA,NA,NA,4,0,5
"ordered_interval",0.7,"Posterior clustering","posterior clustering","clusters=8, beta=0.08","full",0.0420261041508416,0.00381423761613449,0.022638833103417,0.00228130473553914,0.0178759022445264,0.00184769188412426,0.001,0,5.29257783883209,0.15586582200236,8.8,0.374165738677394,4.16206084732374,0.611949192143688,17,0,NA,NA,0.444675121714304,0.0113384868787662,0.00184071766793501,0.000899407337033557,-0.00116062367777281,0.000636731877324603,0.23683436569376,0.0101279245637089,120,0,0.000158454899439753,2.8208696819329e-05,NA,NA,NA,NA,NA,NA,NA,NA,4.4,1.16619037896906,5
"weak_signal",0.7,"Posterior clustering","posterior clustering","clusters=8, beta=0.08","full",0.0835933577956275,0.00279313916179952,0.0313554807245966,0.00353677608648681,0.0277224952494939,0.00282066806825491,0.001,0,2.0921303747688,0.393489373473561,7,0.632455532033676,4.02040499648138,0.688300839651493,14.6,0.509901951359279,NA,NA,0.19738760084902,0.0289888921181281,0.0146116373989746,0.00377864251551737,-0.00744485268708593,0.00160503317245983,0.219541439109402,0.0189094114326824,120,0,2.76519347267634e-05,1.19498127786324e-05,NA,NA,NA,NA,NA,NA,NA,NA,20.6,3.28024389337134,5
"graph_community",0.9,"Posterior clustering","posterior clustering","clusters=8, beta=0.08","full",0.0692073029964847,0.0164533494346267,0.024365743210413,0.00820134909584995,0.0282286782561963,0.0115913620612835,0.001,0,4.89414694238813,0.306243961846687,9.4,0.678232998312527,2.50330867491841,0.558825053355564,11.4,0.4,NA,NA,0.415079315052651,0.0171686698920163,0.00415422358851241,0.00192174438854588,-0.00393475871622586,0.00142831000099065,0.0969060891653007,0.0347370899638541,120,0,6.87133461289901e-05,1.60812880580222e-05,NA,NA,NA,NA,NA,NA,NA,NA,77.6,10.7591821250502,5
"misspecified_grouping",0.9,"Posterior clustering","posterior clustering","clusters=8, beta=0.08","full",0.0601076931305396,0.0173394093987814,0.0271893598384894,0.00965964350518677,0.0286176840690555,0.0142043987471321,0.001,0,3.40221005607607,0.258394379896245,5.2,0.860232526704263,2.36314192156807,0.409269987579179,13.2,0.489897948556636,NA,NA,0.298558801986373,0.0137946679271094,0.00243374940050209,0.00224346835013934,-0.00147246191791806,0.00133342390273577,0.227866511500117,0.0236812346256587,120,0,3.4929113387494e-05,7.31636107180376e-06,NA,NA,NA,NA,NA,NA,NA,NA,16.4,3.4,5
"multi_representative",0.9,"Posterior clustering","posterior clustering","clusters=8, beta=0.08","full",0.0194302484092077,0.00219211683951141,0.00783611945565693,0.00106666672123946,0.00586309843464432,0.00077210558917192,0.001,0,4.92180698220412,0.0192220564381166,8.8,0.374165738677394,1.64889919976501,0.166863441747518,10.4,0.244948974278318,NA,NA,0.401099867804399,0.00179069905005947,0.000249342094097393,9.22404694088169e-05,-0.000148999040731068,8.36773129285629e-05,0.102720893791917,0.00929416189734683,120,0,0.00010782585722261,2.28942599121504e-05,NA,NA,NA,NA,NA,NA,NA,NA,20.2,5.26687763290548,5
"noisy_grouping",0.9,"Posterior clustering","posterior clustering","clusters=8, beta=0.08","full",0.038162498605775,0.00830906447558907,0.00927700665855781,0.00271325979213213,0.00793751091657728,0.00217849284036981,0.001,0,4.8386053599024,0.240384199857361,9.2,0.969535971483266,2.64067779631545,0.299747514877862,11.4,0.244948974278318,NA,NA,0.395417913982409,0.0169804733612099,-0.000647872424012474,0.000768735631295648,0.000380232303685667,0.000579864741070006,0.122628196127332,0.022040334739245,120,0,9.68172598018845e-05,2.89331512003279e-05,NA,NA,NA,NA,NA,NA,NA,NA,16,3.22490309931942,5
"one_representative",0.9,"Posterior clustering","posterior clustering","clusters=8, beta=0.08","full",0.0397856359933937,0.0121705210646339,0.0172815110467154,0.00652911718608339,0.0163024675016297,0.00761163518416925,0.001,0,4.71860667798006,0.264691303261224,9,0.316227766016838,2.2511918093419,0.211272393224519,10.8,0.374165738677394,NA,NA,0.393976648237466,0.0163291445522492,0.00166349352038666,0.00165722164949146,-0.000793604557357774,0.000867566954785329,0.108793424868557,0.0112703680225086,120,0,0.000148929772697914,1.67530438125098e-05,NA,NA,NA,NA,NA,NA,NA,NA,16.6,1.83303027798234,5
"ordered_interval",0.9,"Posterior clustering","posterior clustering","clusters=8, beta=0.08","full",0.0577448065014229,0.0114602413580205,0.0288624358260656,0.00576287806637798,0.0246530745768531,0.00579302322482229,0.001,0,5.17610135514853,0.203708862185335,8.8,0.374165738677394,5.0836005346112,0.559637176513864,17,0,NA,NA,0.441354605588664,0.0108853331983188,0.003424909917968,0.00243777020526747,-0.00221470706391842,0.00162807513418958,0.229594849309138,0.00638537521990616,120,0,9.81091862036986e-05,1.38002952916175e-05,NA,NA,NA,NA,NA,NA,NA,NA,6.2,1.49666295470958,5
"weak_signal",0.9,"Posterior clustering","posterior clustering","clusters=8, beta=0.08","full",0.0754539267422558,0.0130096851721837,0.0351837052503292,0.00846307172433719,0.0312055345797913,0.00806984372765793,0.001,0,3.28180829005069,0.573987393650338,6.4,1.28840987267251,2.76208110681412,0.293577959001561,12,0.447213595499958,NA,NA,0.296734023980008,0.0443270373972884,0.00701974161712991,0.00331956932846858,-0.00442901765665687,0.00154181760950515,0.140850541937714,0.0289487665850732,120,0,3.77746040317539e-05,1.89907942819079e-05,NA,NA,NA,NA,NA,NA,NA,NA,42.6,12.1597697346619,5
"graph_community",0.7,"Credible support set","credible support summary","coverage=0.8, beta=0.005","full",0.100114955873987,0.00317626694211753,0.0539952033436768,0.000833732076623589,0.04230995373509,0.000368002389326148,0.428377919715502,0.0177430767786658,30.9039608181408,1.21794588155492,7.6,2.29346898823594,4.4343485731289,0.962491456944715,7.6,2.29346898823594,6.6,2.29346898823594,0.207131462656687,0.00516524158482525,0.00234700557586342,0.00196130118032351,-0.00237516613539568,0.00118285978650954,0.0027538428263925,4.946368910706e-05,49,0.836660026534075,1.08017082971479e-06,4.24525790110474e-08,NA,NA,NA,NA,NA,NA,NA,NA,25,7.03562363973514,5
"misspecified_grouping",0.7,"Credible support set","credible support summary","coverage=0.8, beta=0.005","full",0.0740772150494421,0.00888762130551626,0.0550724322365898,0.000821245963680842,0.0379636731014546,0.00209609829992026,0.301748360959991,0.0386600160492721,23.4294991725834,1.90276485389531,2.2,0.2,2.05843053709125,0.207606151320502,2.2,0.2,1.2,0.2,0.171515683516846,0.0100236055803042,-0.00128608833031829,0.00103912102533246,0.000704552618108111,0.000690917322116825,0.00295131830500366,0.000109456588286316,50.4,2.01494416796099,1.07689744283101e-06,3.51826697573017e-08,NA,NA,NA,NA,NA,NA,NA,NA,4.8,0.489897948556636,5
"multi_representative",0.7,"Credible support set","credible support summary","coverage=0.8, beta=0.005","full",0.0852490159369886,0.0075822829570429,0.0552678472258236,0.000906040015309549,0.0403163121293222,0.00170337013490568,0.353595502047562,0.0349110838317124,26.7888020101966,1.91418317362528,3.2,0.2,2.90747817867656,0.164313295097114,3.2,0.2,2.2,0.2,0.188151079055955,0.00967688032417744,0.00259305431670885,0.0029785912829796,-0.00164156770253752,0.00218092228259607,0.00356615023575877,0.000425395614769573,39.2,2.6343879744639,1.11237047612511e-06,2.92435739242904e-08,NA,NA,NA,NA,NA,NA,NA,NA,7.8,0.8,5
"noisy_grouping",0.7,"Credible support set","credible support summary","coverage=0.8, beta=0.005","full",0.0783740832505217,0.00853126120408683,0.0556143559673971,0.000542573968687214,0.0391071791846279,0.00200164028681379,0.319028808515648,0.0374127456746626,24.1276534403039,1.96381365955483,2.2,0.2,1.92353638128678,0.111261441917623,2.2,0.2,1.2,0.2,0.175604839496954,0.0102410799372829,-0.00149348219303986,0.000958608470349726,0.00114747309984451,0.000703641682260002,0.00272506151863889,9.38740339482276e-05,50.4,2.80356915377524,9.45982920574905e-07,1.81680311406649e-08,NA,NA,NA,NA,NA,NA,NA,NA,5.2,0.374165738677394,5
"one_representative",0.7,"Credible support set","credible support summary","coverage=0.8, beta=0.005","full",0.0696289899887147,0.00373318733385775,0.0560850142651699,0.000360701205669548,0.0377330254394547,0.0009740254528365,0.278682075303622,0.015959168993549,21.9971977334365,0.832797948300366,2,0,1.8033054756993,0.0264746867126835,2,0,1,0,0.165481810348234,0.00448664096112452,-0.000467929659424593,0.000487409573448485,0.000124891352439471,0.000417810828378897,0.00282054332685926,4.48709415987996e-05,54,0.836660026534075,9.74308547413428e-07,1.8276625815665e-08,NA,NA,NA,NA,NA,NA,NA,NA,4,0,5
"ordered_interval",0.7,"Credible support set","credible support summary","coverage=0.8, beta=0.005","full",0.0675595390660384,0.00756504511049872,0.0554876011615239,0.00112247853279626,0.0368043090070162,0.00204679607627076,0.26886167880021,0.0322792645469502,21.3577414332087,1.67691710267976,2.4,0.4,2.18011699155662,0.418170445480589,2.4,0.4,1.4,0.4,0.161554298997333,0.00903397934596503,-0.000823089214668916,0.0010699594927216,0.000490500467705512,0.000560755577402745,0.00294288013028987,0.000121027680478461,50.4,4.45645599103144,9.42365865552741e-07,1.00588920176355e-08,NA,NA,NA,NA,NA,NA,NA,NA,4.4,1.16619037896906,5
"weak_signal",0.7,"Credible support set","credible support summary","coverage=0.8, beta=0.005","full",0.10521005336238,0.00206370680638995,0.0617843072352685,0.000775430789740035,0.0474457670657625,0.000525514698776697,0.399322687573054,0.00957630398300912,25.917745726915,0.802956576442339,6.4,1.20830459735946,4.50295006903352,0.683757149202542,6.4,1.20830459735946,5.4,1.20830459735946,0.189916729724046,0.00325952090390127,0.0066018266738809,0.000844684088160059,-0.00352770157236035,0.000676713903335758,0.00290381012973793,0.000148575131642846,43,2.81069386451104,1.01041736294549e-06,3.90952901239828e-08,NA,NA,NA,NA,NA,NA,NA,NA,20.6,3.28024389337134,5
"graph_community",0.9,"Credible support set","credible support summary","coverage=0.8, beta=0.005","full",0.106493530907166,0.00016219209831139,0.0534459336525789,0.000397774710475102,0.0430020595154732,0.000241889643431863,0.457974593532448,0.00258609713691326,32.4350864682593,0.291565456816545,16.4,2.18174242292714,6.67347633060346,0.582584632204959,16.4,2.18174242292714,15.4,2.18174242292714,0.21374103181042,0.000964254642470573,0.00323286010548536,0.00116072159261395,-0.00160070259211671,0.00112031751845167,0.00270221588837345,5.51793726382814e-05,50.4,0.6,1.06204579313762e-06,3.98523637617738e-08,NA,NA,NA,NA,NA,NA,NA,NA,77.6,10.7591821250502,5
"misspecified_grouping",0.9,"Credible support set","credible support summary","coverage=0.8, beta=0.005","full",0.100934983821049,0.00361342849322364,0.0563761239077858,0.000211261697921383,0.0437678580330322,0.000540386756699251,0.415371015531603,0.0159299818723614,29.1734321135717,0.844036948004402,4.6,0.678232998312527,3.11592100927895,0.412444761588646,4.6,0.678232998312527,3.6,0.678232998312527,0.201137782548405,0.00400063225842624,-0.00113568982277892,0.0020146930920676,0.000211976865642204,0.00155991634913635,0.00327085506849059,0.00035707718624371,43.2,1.93390796058137,1.03110357060343e-06,5.09499005541168e-08,NA,NA,NA,NA,NA,NA,NA,NA,16.4,3.4,5
"multi_representative",0.9,"Credible support set","credible support summary","coverage=0.8, beta=0.005","full",0.100973427757878,0.0031423468076297,0.0564396185340395,0.000224317945389573,0.0438201959074855,0.000458628150275654,0.415260045660685,0.0139432000565243,29.2276231647293,0.758436961976683,6.2,1.62480768092719,4.06436380698692,0.742956272239156,6.2,1.62480768092719,5.2,1.62480768092719,0.201241531955943,0.0035264262340125,0.00293173408001644,0.00111160762655139,-0.0019722681374422,0.00104474076080178,0.00290277255481481,0.00022973273869433,43.2,3.07245829914744,9.87028413390599e-07,5.49739572944289e-08,NA,NA,NA,NA,NA,NA,NA,NA,20.2,5.26687763290548,5
"noisy_grouping",0.9,"Credible support set","credible support summary","coverage=0.8, beta=0.005","full",0.104718138358093,0.00225647447594873,0.0553288278850229,0.000338499032874057,0.0438147264557664,0.000520972010206853,0.437724042608181,0.00723786439818143,30.5959648580114,0.194339927877272,4.2,0.8,3.27616179221886,0.398059254598914,4.2,0.8,3.2,0.8,0.207155547606773,0.00102577245370192,0.000198952588716761,0.00075086763643847,-0.000669441826541695,0.000871492876177499,0.00269590175345957,4.10753149333049e-05,45.6,1.12249721603218,1.03708384271983e-06,3.17689019623704e-08,NA,NA,NA,NA,NA,NA,NA,NA,16,3.22490309931942,5
"one_representative",0.9,"Credible support set","credible support summary","coverage=0.8, beta=0.005","full",0.0988350476013092,0.00481379900092825,0.0568695293391082,0.000536833088245743,0.0436332240115854,0.000577613672459784,0.403474249507784,0.0232401066440407,28.5415391608015,1.21848334634083,4.2,0.58309518948453,3.30653690135408,0.246438370366238,4.2,0.58309518948453,3.2,0.58309518948453,0.198392745225595,0.00562365584478292,-0.000523654458406585,0.000794440881205478,0.00040388751245506,0.000442128082175641,0.00281507691965701,9.64416141895173e-05,42.6,1.20830459735946,1.01220430296922e-06,3.09266917574788e-08,NA,NA,NA,NA,NA,NA,NA,NA,16.6,1.83303027798234,5
"ordered_interval",0.9,"Credible support set","credible support summary","coverage=0.8, beta=0.005","full",0.0812308510354657,0.00464400738043531,0.0577392521142776,0.00059163948808175,0.0409317744941259,0.00114135160417258,0.322790739164047,0.0184479637113674,23.8533638546428,0.971203679604222,3.2,0.734846922834953,2.64641566504849,0.504386970789568,3.2,0.734846922834953,2.2,0.734846922834953,0.176092495676177,0.00499355774237142,-0.00162685772113687,0.0017407434552973,0.000940064865792811,0.00117476396185182,0.00273013186679176,6.17171642837863e-05,48.8,1.28062484748657,9.87789603723589e-07,3.74356272517554e-08,NA,NA,NA,NA,NA,NA,NA,NA,6.2,1.49666295470958,5
"weak_signal",0.9,"Credible support set","credible support summary","coverage=0.8, beta=0.005","full",0.10857053413727,0.00116672802779821,0.0592814291156334,0.00138597481553859,0.0466410924495987,0.000856585823878154,0.427881102832434,0.00818538076508728,28.4291908339932,1.00291596104754,11.8,3.42636833980236,5.95542941967342,1.17459958501564,11.8,3.42636833980236,10.8,3.42636833980236,0.199723756829028,0.00353314745844944,0.00379377762729192,0.00171568412524664,-0.00280222286548417,0.00147848585833548,0.00279399729400698,0.000193595793570521,46.8,1.65529453572468,1.00725050491412e-06,4.18941196201331e-08,NA,NA,NA,NA,NA,NA,NA,NA,42.6,12.1597697346619,5
"graph_community",0.7,"Credible support set","credible support summary","coverage=0.8, beta=0.02","full",0.149007150290893,0.00722789151918483,0.193265193055091,0.00375445058656717,0.111517314542363,0.00445949029386409,0.15318892048419,0.00892172492747862,17.0810167145157,0.921498277108756,7.6,2.29346898823594,5.59045373490866,1.70786584659041,7.6,2.29346898823594,6.6,2.29346898823594,0.53339682536612,0.0212626436211705,0.00422531630114053,0.00286094121071287,-0.00415454961357287,0.00150441145799886,0.00396557425282254,0.000426109882543346,32.2,0.66332495807108,8.6676453151524e-07,4.22218904350462e-08,NA,NA,NA,NA,NA,NA,NA,NA,25,7.03562363973514,5
"misspecified_grouping",0.7,"Credible support set","credible support summary","coverage=0.8, beta=0.02","full",0.0985408396625983,0.015819206645256,0.158457142628703,0.0132732408503529,0.0785523657118045,0.0108082912726547,0.0966738382305761,0.0156722550569258,12.7684385056267,0.714510594310445,2.2,0.2,1.59574666609228,0.204570816734313,2.2,0.2,1.2,0.2,0.413386219956629,0.0269655937637404,-0.00210453375966124,0.0014546331516471,0.00120115087889694,0.000975021548990722,0.00341178374550584,0.00019462497866358,30,0.316227766016838,9.64315917351131e-07,1.59139683256429e-07,NA,NA,NA,NA,NA,NA,NA,NA,4.8,0.489897948556636,5
"multi_representative",0.7,"Credible support set","credible support summary","coverage=0.8, beta=0.02","full",0.118422599793141,0.0137991841853296,0.173009563509869,0.0107157741932237,0.0918135168528026,0.00918639863689364,0.119484305226664,0.0147401040087059,14.90188069283,0.959245279314719,3.2,0.2,2.56187845265677,0.19056327203171,3.2,0.2,2.2,0.2,0.470117334544177,0.029452816994349,0.00513805933418187,0.00424441821366661,-0.00340475935886988,0.0031922318581877,0.0038221569028809,0.000518594251910402,30.4,0.748331477354788,1.1285627213975e-06,1.7501522491805e-07,NA,NA,NA,NA,NA,NA,NA,NA,7.8,0.8,5
"noisy_grouping",0.7,"Credible support set","credible support summary","coverage=0.8, beta=0.02","full",0.105725587710696,0.014937361772403,0.165064876252367,0.0126685848977087,0.0835565446988975,0.0102976789639511,0.103409286665429,0.0149093715364207,12.885162400457,0.794221913173185,2.2,0.2,1.47074679247232,0.108783714734457,2.2,0.2,1.2,0.2,0.422392470153534,0.0284783704010851,-0.00203053102021213,0.00129517597049532,0.00157728597627909,0.000956402329571527,0.00294868031032205,0.000188372540489163,31,0.547722557505166,6.97972335839126e-07,4.16195973709173e-08,NA,NA,NA,NA,NA,NA,NA,NA,5.2,0.374165738677394,5
"one_representative",0.7,"Credible support set","credible support summary","coverage=0.8, beta=0.02","full",0.088635164266405,0.00621348874307951,0.152685195531107,0.00559308617737069,0.072239618385621,0.00435801617252146,0.0861638272749779,0.00615997694726351,11.9510103640663,0.321446321254713,2,0,1.34049285615342,0.0193235195835139,2,0,1,0,0.391412777148407,0.012004046007476,-0.000617214195658766,0.000628386106312467,0.000176257409659364,0.0005395185286046,0.00333449244746853,0.000299938015315834,30.4,0.244948974278318,9.15824551850353e-07,1.58571373926198e-07,NA,NA,NA,NA,NA,NA,NA,NA,4,0,5
"ordered_interval",0.7,"Credible support set","credible support summary","coverage=0.8, beta=0.02","full",0.0863957972820751,0.0127483762369711,0.149111919315671,0.011465320024466,0.0703736707728065,0.00892315846701041,0.0837360339450039,0.0126198476344792,11.658915182277,0.663416023289091,2.4,0.4,1.76005720280926,0.435915368717572,2.4,0.4,1.4,0.4,0.38181586486533,0.0242598208825624,-0.000883631036813614,0.00155975692752121,0.000443028001266077,0.000805924773073491,0.00290943984377534,0.000274264081243362,30.4,0.4,6.94499061082432e-07,5.80233886907062e-08,NA,NA,NA,NA,NA,NA,NA,NA,4.4,1.16619037896906,5
"weak_signal",0.7,"Credible support set","credible support summary","coverage=0.8, beta=0.02","full",0.151144038390997,0.00434072608877732,0.208467722439151,0.00304289503631515,0.116544066286076,0.00288356025036875,0.138246309532708,0.00459249648797626,11.2540691528906,0.723186630599477,6.4,1.20830459735946,5.13364078069519,1.11740169865839,6.4,1.20830459735946,5.4,1.20830459735946,0.432017195986554,0.014602333606229,0.0108079324495769,0.00150454768470865,-0.00575191962340558,0.000957125438997543,0.00432749852268339,0.000665569449074601,31.8,0.58309518948453,9.641202064814e-07,1.19855883471225e-07,NA,NA,NA,NA,NA,NA,NA,NA,20.6,3.28024389337134,5
"graph_community",0.9,"Credible support set","credible support summary","coverage=0.8, beta=0.02","full",0.163407632990411,0.000530990068193001,0.201526458624232,0.000668900737108493,0.120280158811129,0.000277405549385726,0.168342292181853,0.00145160283002941,17.8908406453,0.327129451073876,16.4,2.18174242292714,10.2578953751716,1.32956738141715,16.4,2.18174242292714,15.4,2.18174242292714,0.557058779174835,0.00577731536909784,0.00554131992368125,0.00186288603852216,-0.00293640616085474,0.00184627818593422,0.00591352007458979,0.000546529098276902,33.4,0.244948974278318,1.10192356883587e-06,9.97691897186846e-08,NA,NA,NA,NA,NA,NA,NA,NA,77.6,10.7591821250502,5
"misspecified_grouping",0.9,"Credible support set","credible support summary","coverage=0.8, beta=0.02","full",0.148054807412432,0.00751127998744145,0.196983718499075,0.00480729140987039,0.111819275699232,0.00482075006483386,0.146075114021742,0.0077609377842171,15.1394210070122,0.423875588416338,4.6,0.678232998312527,3.06043620481673,0.630605199055255,4.6,0.678232998312527,3.6,0.678232998312527,0.498726288021835,0.0131583625218634,-0.00158643347180826,0.002968508381279,0.000228501116381796,0.00232428505642553,0.00397902465815267,0.000232910208328815,33.2,0.374165738677394,9.65553715370771e-07,4.45069692411936e-08,NA,NA,NA,NA,NA,NA,NA,NA,16.4,3.4,5
"multi_representative",0.9,"Credible support set","credible support summary","coverage=0.8, beta=0.02","full",0.147918262571596,0.00658310735188673,0.196844487353489,0.00412808332461788,0.111749254078236,0.00421321153238192,0.146178138567058,0.00688211012345535,15.2309046043324,0.406536715935405,6.2,1.62480768092719,4.6592519693138,1.28242900661633,6.2,1.62480768092719,5.2,1.62480768092719,0.500077561786482,0.0120123653391595,0.00451759539761362,0.0017496143753625,-0.00313229002006801,0.00170976847148416,0.00427388187861844,0.000427437970799743,32.2,0.374165738677394,1.03853780043517e-06,8.10579844834052e-08,NA,NA,NA,NA,NA,NA,NA,NA,20.2,5.26687763290548,5
"noisy_grouping",0.9,"Credible support set","credible support summary","coverage=0.8, beta=0.02","full",0.157194707991003,0.00465547475288148,0.201472620162735,0.00374516263077348,0.117301466606057,0.00319113631061418,0.156930843933398,0.00360495797015102,16.0795876528896,0.29700633331076,4.2,0.8,3.36961764686846,0.595947480629351,4.2,0.8,3.2,0.8,0.521925511780791,0.00398392648001914,0.000366447672960438,0.00111951954590109,-0.00105580136247441,0.00128695058259254,0.00425524523375831,0.000550946939152573,31.2,0.916515138991168,1.12862271750558e-06,1.45134367408263e-07,NA,NA,NA,NA,NA,NA,NA,NA,16,3.22490309931942,5
"one_representative",0.9,"Credible support set","credible support summary","coverage=0.8, beta=0.02","full",0.143509650450262,0.0103087394064508,0.193781801316548,0.00669647120337328,0.108829339244324,0.0066326824648807,0.141468391913915,0.0106036739681981,14.8825983367182,0.561671085818995,4.2,0.58309518948453,3.18544961297554,0.302372954410522,4.2,0.58309518948453,3.2,0.58309518948453,0.49029379439482,0.0179606103285536,-0.000701195769814422,0.00116414944211258,0.00051859079244081,0.000643350603064688,0.00370136552390519,0.000643141471778529,31,0.836660026534075,1.13753254350479e-06,1.57045107697216e-07,NA,NA,NA,NA,NA,NA,NA,NA,16.6,1.83303027798234,5
"ordered_interval",0.9,"Credible support set","credible support summary","coverage=0.8, beta=0.02","full",0.108144855070847,0.0082112516294685,0.170721207123536,0.00685410976167528,0.0862692151571544,0.00576879149015649,0.10402392064398,0.00794882275675575,12.2719223991538,0.508666649757573,3.2,0.734846922834953,2.3459020610238,0.676561480190626,3.2,0.734846922834953,2.2,0.734846922834953,0.415433873683282,0.0149094980588793,-0.00165423482539229,0.00199601036886681,0.000927150807985822,0.00134078255999605,0.00332634997742856,0.000507169746972526,31,0.447213595499958,9.33062153762877e-07,1.41017398065479e-07,NA,NA,NA,NA,NA,NA,NA,NA,6.2,1.49666295470958,5
"weak_signal",0.9,"Credible support set","credible support summary","coverage=0.8, beta=0.02","full",0.160956680164075,0.00251161168056295,0.210778095754643,0.00267366561686416,0.121820201637697,0.00172264663359166,0.152349472026017,0.00421555206759844,13.4112468473321,1.08942881057343,11.8,3.42636833980236,8.51519420409467,2.53896467700162,11.8,3.42636833980236,10.8,3.42636833980236,0.47705334320615,0.0196791254346095,0.00576813920991617,0.00249631833047155,-0.00434137294988099,0.00218631481397389,0.00473701678509215,0.000394486320138448,32.8,0.374165738677394,8.96224039670379e-07,7.89979650285361e-08,NA,NA,NA,NA,NA,NA,NA,NA,42.6,12.1597697346619,5
"graph_community",0.7,"Credible support set","credible support summary","coverage=0.8, beta=0.08","full",0.17099507503044,0.00992737203352632,0.409366213095649,0.0161004131254001,0.169829240313202,0.0114098666694493,0.042469647509628,0.0026835688057304,11.4097413861123,0.67142298868037,7.6,2.29346898823594,5.26124694660697,1.74979065228815,7.6,2.29346898823594,6.6,2.29346898823594,1.32076982798639,0.0658684248896671,0.00799838004766725,0.00333052639918853,-0.0072117679622652,0.00122103767218021,0.00524944447969179,0.00111548514340116,28.4,3.69594372251527,1.33226651981566e-06,3.40476924591507e-07,NA,NA,NA,NA,NA,NA,NA,NA,25,7.03562363973514,5
"misspecified_grouping",0.7,"Credible support set","credible support summary","coverage=0.8, beta=0.08","full",0.110064525927702,0.0173128002839258,0.297227928796291,0.0351362386497873,0.104344070264356,0.017206465101395,0.0259241564627726,0.00447825193260961,9.07008483351125,0.244658691056533,2.2,0.2,1.33813734715599,0.202492470182984,2.2,0.2,1.2,0.2,1.02258020958719,0.0461497139861397,-0.00355335661508964,0.00194020540360024,0.00213095035034243,0.00130206109032913,0.00335107180413576,0.000606379993683955,15.4,1.66132477258361,8.8098404460446e-07,3.13642155951602e-07,NA,NA,NA,NA,NA,NA,NA,NA,4.8,0.489897948556636,5
"multi_representative",0.7,"Credible support set","credible support summary","coverage=0.8, beta=0.08","full",0.134848688522449,0.0130788069594021,0.342661128511461,0.0298324048592213,0.13007932682986,0.0151512846497781,0.032506279388982,0.00425646361520087,10.4175050949476,0.485748654904425,3.2,0.2,2.15180803048604,0.171649230493009,3.2,0.2,2.2,0.2,1.17530813860792,0.0662697321612604,0.0104720432847454,0.00373354796991541,-0.00703190615093728,0.00291559928866589,0.0040901652762274,0.000704746005082383,27.6,1.36381816969859,1.47318313470368e-06,1.64084632221154e-07,NA,NA,NA,NA,NA,NA,NA,NA,7.8,0.8,5
"noisy_grouping",0.7,"Credible support set","credible support summary","coverage=0.8, beta=0.08","full",0.115933555627607,0.0176865098533201,0.313024890300082,0.0338841413562292,0.111304501662907,0.0167938633178588,0.0278574104605208,0.00424766652134515,8.9412367324364,0.238508905772895,2.2,0.2,1.19813400678227,0.0731073752146561,2.2,0.2,1.2,0.2,1.02814984261628,0.0528243260832637,-0.0023392645313725,0.00143840113568663,0.00180047956637126,0.0010689478186117,0.0038418504571966,0.000665919960225316,17,3.25576411921994,8.8904522348443e-07,3.01799960201962e-07,NA,NA,NA,NA,NA,NA,NA,NA,5.2,0.374165738677394,5
"one_representative",0.7,"Credible support set","credible support summary","coverage=0.8, beta=0.08","full",0.0949243864698542,0.00716032676943577,0.27610066090323,0.0143509058067041,0.0913723509364193,0.00680624834521678,0.0228271485801097,0.00172862602793441,8.64590994871468,0.0902049605480279,2,0,1.11479182903289,0.0071901084141989,2,0,1,0,0.967664871912379,0.0215588338134159,-0.000667998123880631,0.0006755598632587,0.000194461595655326,0.000580326884177163,0.0026716611299591,0.000291850800303971,14,0,3.84767713423884e-07,5.70426379613794e-08,NA,NA,NA,NA,NA,NA,NA,NA,4,0,5
"ordered_interval",0.7,"Credible support set","credible support summary","coverage=0.8, beta=0.08","full",0.0928101261388948,0.0147893174259891,0.270476989812723,0.029587038589801,0.0906024338542181,0.0142730393096228,0.0222459259883464,0.00356598588942372,8.4188835815003,0.258455209574001,2.4,0.4,1.50500187172649,0.39510665123586,2.4,0.4,1.4,0.4,0.943679143560538,0.044750198524718,2.93335485940016e-05,0.00242557247008857,-0.000255947443451366,0.00145297361525489,0.00341592982418525,0.000639749395878999,16.6,2.6,6.50263322854449e-07,1.65352514346045e-07,NA,NA,NA,NA,NA,NA,NA,NA,4.4,1.16619037896906,5
"weak_signal",0.7,"Credible support set","credible support summary","coverage=0.8, beta=0.08","full",0.171425685763119,0.00645158704503819,0.424810885460784,0.00966604668883785,0.168441121765085,0.00647918605500342,0.0379012990386046,0.00135914994117373,5.54661229837158,0.637812618999895,6.4,1.20830459735946,4.71096057719547,1.12395588306102,6.4,1.20830459735946,5.4,1.20830459735946,0.867118025453226,0.0540108594411511,0.0174730022511007,0.00395025521805338,-0.00917430871057574,0.00184403250279648,0.00484415022090579,0.000617838106266831,30.6,0.509901951359279,1.33296409063899e-06,6.19881588222475e-08,NA,NA,NA,NA,NA,NA,NA,NA,20.6,3.28024389337134,5
"graph_community",0.9,"Credible support set","credible support summary","coverage=0.8, beta=0.08","full",0.187277639912573,0.000822450897226492,0.435211497863484,0.00163149820999355,0.183210322163764,0.00135509293408082,0.0470886293161319,0.000459138183913324,11.7506464435284,0.334606806315719,16.4,2.18174242292714,10.5720379352954,1.54851884168909,16.4,2.18174242292714,15.4,2.18174242292714,1.3729647964931,0.0255124483075466,0.00875637858224661,0.00289581945913531,-0.00502257159772536,0.00272790652569017,0.00806646018800666,0.000528720639018572,32.8,0.916515138991168,1.94908948194517e-06,1.56014278073258e-07,NA,NA,NA,NA,NA,NA,NA,NA,77.6,10.7591821250502,5
"misspecified_grouping",0.9,"Credible support set","credible support summary","coverage=0.8, beta=0.08","full",0.166768496993394,0.00939183218433639,0.405660460864235,0.0158239766277285,0.16063319522946,0.00918499714663588,0.0402974721739323,0.00230234684048677,9.61792242791381,0.141259670789423,4.6,0.678232998312527,2.62216343409738,0.618917659216113,4.6,0.678232998312527,3.6,0.678232998312527,1.1742225997522,0.0268194880859206,-0.00174615768803305,0.00335452234890201,0.00022395739808938,0.00264114089504179,0.00444754793050546,0.000281481931111577,32,0.316227766016838,1.16825007125954e-06,1.17408238368683e-07,NA,NA,NA,NA,NA,NA,NA,NA,16.4,3.4,5
"multi_representative",0.9,"Credible support set","credible support summary","coverage=0.8, beta=0.08","full",0.166544068260448,0.00825411772843754,0.40586738503244,0.0139498091337112,0.161140434329135,0.00831146973741753,0.0403280548397111,0.00205112849877396,9.70465226333429,0.162101255433098,6.2,1.62480768092719,4.25151750954228,1.30730559644159,6.2,1.62480768092719,5.2,1.62480768092719,1.18098795055539,0.0261257208608763,0.00547238149898087,0.00215248227699148,-0.00385123722805343,0.0021257518555843,0.00500252931743641,0.000794769624935332,30.4,0.4,1.5346939340688e-06,2.13964006294187e-07,NA,NA,NA,NA,NA,NA,NA,NA,20.2,5.26687763290548,5
"noisy_grouping",0.9,"Credible support set","credible support summary","coverage=0.8, beta=0.08","full",0.178415447159879,0.00580725319016353,0.423272192669261,0.0105370777552263,0.171407953595286,0.00583282116692767,0.0435174388025657,0.00110447626408471,10.2133920797942,0.430920560799145,4.2,0.8,2.92413859864545,0.57173227236931,4.2,0.8,3.2,0.8,1.23936559353768,0.0258895023549043,0.00045376598230149,0.00127018331694435,-0.00122364065979257,0.00145252996956742,0.00510592036992767,0.000437357860228705,26.2,3.49857113690718,1.80857496943077e-06,1.00370981200353e-07,NA,NA,NA,NA,NA,NA,NA,NA,16,3.22490309931942,5
"one_representative",0.9,"Credible support set","credible support summary","coverage=0.8, beta=0.08","full",0.161389979594534,0.0128743648341518,0.395883344595612,0.0216967148965896,0.155196209241061,0.0124512967173086,0.0389363843841211,0.00314296872608438,9.53063658193943,0.173776166008789,4.2,0.58309518948453,2.72185074809861,0.287050288138433,4.2,0.58309518948453,3.2,0.58309518948453,1.15735621603746,0.0355360126074899,-0.000765560803135566,0.00130280270593233,0.000538099133530156,0.000721722045157665,0.00375574063796206,0.000308877224933523,29.2,1.113552872566,1.40175121021713e-06,1.09862390724634e-07,NA,NA,NA,NA,NA,NA,NA,NA,16.6,1.83303027798234,5
"ordered_interval",0.9,"Credible support set","credible support summary","coverage=0.8, beta=0.08","full",0.121725735688334,0.012382112874475,0.325811890354108,0.0207229925561139,0.118505926924393,0.0125193562740434,0.0279273991406661,0.00228578953716924,8.16701137666829,0.393346727877519,3.2,0.734846922834953,2.07505718547563,0.67822547208131,3.2,0.734846922834953,2.2,0.734846922834953,0.978603646413731,0.0358091500572093,0.00110800441244292,0.000717137148727062,-0.000854452411611951,0.000434428343772175,0.00305505697293337,0.00048171212450071,24,4.11096095821889,8.53293985070281e-07,2.56778295314306e-07,NA,NA,NA,NA,NA,NA,NA,NA,6.2,1.49666295470958,5
"weak_signal",0.9,"Credible support set","credible support summary","coverage=0.8, beta=0.08","full",0.181928607599064,0.00335464672724924,0.441425021830804,0.00718972685645577,0.180870897404875,0.00621017357727334,0.0421476824844568,0.00128474691970241,7.33957592145582,1.05496921529888,11.8,3.42636833980236,8.53850598422889,2.83659170130057,11.8,3.42636833980236,10.8,3.42636833980236,1.02669279586391,0.0836476969498216,0.00743580520965331,0.00278429240227447,-0.00569333825927439,0.00224582545509064,0.0070572496183925,0.000404942125639939,31.6,0.4,1.6468501871092e-06,1.48998454087293e-07,NA,NA,NA,NA,NA,NA,NA,NA,42.6,12.1597697346619,5
"graph_community",0.7,"Credible support set","credible support summary","coverage=0.9, beta=0.005","full",0.0688042688518007,0.000812666970678011,0.0554249285393231,0.000474147479922599,0.0373529588384121,0.00037789908934427,0.279595491279381,0.00163840324584095,23.480913650227,0.38545436371936,13.6,3.61386219991853,6.72086428652767,1.7388160603695,13.6,3.61386219991853,12.6,3.61386219991853,0.171091397944006,0.00141189275787397,0.00170016269078168,0.000621424709352932,-0.00169186725425257,0.000799864528848813,0.00311412345178868,0.000300429537933891,45.6,2.94278779391243,8.91169369815482e-07,7.50425917880168e-08,NA,NA,NA,NA,NA,NA,NA,NA,25,7.03562363973514,5
"misspecified_grouping",0.7,"Credible support set","credible support summary","coverage=0.9, beta=0.005","full",0.0598675758121001,0.00265255046786542,0.0544814371796553,0.00063182546108802,0.034790019157397,0.000889529761679272,0.239027526960819,0.0104176435205632,20.1853237635842,0.480278867804448,3,0.316227766016838,2.17404080451652,0.203655832974539,3,0.316227766016838,2,0.316227766016838,0.154648178304904,0.0028408861428051,-0.000329294203363961,0.00023342739533496,6.31779523432741e-05,0.000115643154705275,0.00306264474608664,6.32842842512687e-05,52.8,1.24096736459909,1.03877079492554e-06,3.70778007381898e-08,NA,NA,NA,NA,NA,NA,NA,NA,4.8,0.489897948556636,5
"multi_representative",0.7,"Credible support set","credible support summary","coverage=0.9, beta=0.005","full",0.0637162334810069,0.00216895649046918,0.0543212799299466,0.000313437767284436,0.0356796432155891,0.000579262084009364,0.260189339432843,0.0107032008844699,22.0720216283497,0.752356951543064,4.2,0.374165738677394,3.27752471138343,0.195459085328036,4.2,0.374165738677394,3.2,0.374165738677394,0.163501147165072,0.00379278839844266,0.00165310882997822,0.000680063957811552,-0.0010382223914497,0.000498232842746081,0.00314055091851975,0.000126906216063709,41,2.56904651573303,1.05211352767753e-06,1.56362127633878e-08,NA,NA,NA,NA,NA,NA,NA,NA,7.8,0.8,5
"noisy_grouping",0.7,"Credible support set","credible support summary","coverage=0.9, beta=0.005","full",0.0614735934207129,0.00267515127074669,0.0549533690781968,0.000445418643417771,0.0353701733322358,0.000827933891669803,0.244742874298804,0.0110649875723995,20.317432109661,0.569671858697551,3,0.547722557505166,2.07044306310635,0.18577526427067,3,0.547722557505166,2,0.547722557505166,0.155827975568122,0.00326313583256729,-0.000763932309584803,0.000646475587735791,0.000623433301977051,0.000452566438729278,0.00295893993595526,4.3488153622529e-05,53.4,1.43527000944073,9.87993555129352e-07,2.98984009493735e-08,NA,NA,NA,NA,NA,NA,NA,NA,5.2,0.374165738677394,5
"one_representative",0.7,"Credible support set","credible support summary","coverage=0.9, beta=0.005","full",0.0653198823136754,0.00230415580019737,0.0556832619642702,0.00034136154470791,0.0366093829166948,0.000687251494345856,0.26033820471212,0.00957219616677382,21.0574918853965,0.491084390562099,2.2,0.2,1.82628340697766,0.0471252181645071,2.2,0.2,1.2,0.2,0.160369724183151,0.00279874571328684,-0.000199319010153642,0.000346323573701869,-4.10993746639666e-05,0.000315014188763314,0.00286827976693385,5.10837601857024e-05,54.6,0.4,9.67867824286373e-07,1.40307099367374e-08,NA,NA,NA,NA,NA,NA,NA,NA,4,0,5
"ordered_interval",0.7,"Credible support set","credible support summary","coverage=0.9, beta=0.005","full",0.0560325219317534,0.00439631034847206,0.0538974668258276,0.00122926843724697,0.0335038319283958,0.00164233730764558,0.220530047431675,0.0173563897797636,18.7950826202134,0.888038088149687,2.8,0.58309518948453,2.24750908845259,0.453557974181914,2.8,0.58309518948453,1.8,0.58309518948453,0.147126886556413,0.00555743688871263,9.53329286337288e-05,0.000342056598550477,2.78169299700258e-05,0.000279585358068839,0.00375381551179881,0.000728717232618211,52,4.52769256906871,8.69524842694869e-07,5.89574398662535e-08,NA,NA,NA,NA,NA,NA,NA,NA,4.4,1.16619037896906,5
"weak_signal",0.7,"Credible support set","credible support summary","coverage=0.9, beta=0.005","full",0.0689393283811156,0.00115210461871695,0.0608410793752491,0.000615403426049122,0.0395893108481332,0.000503058749949335,0.25072402159374,0.00357992979801915,17.6703795554229,0.59240904162275,12,2.07364413533277,6.44666878148184,1.1866242413064,12,2.07364413533277,11,2.07364413533277,0.147401701690621,0.00250176601034589,0.00330227956719913,0.000740503361898325,-0.00172174529069302,0.000420128397069366,0.00322956481627259,0.000287399963131856,41.6,1.88679622641132,8.65772098423978e-07,8.40841766010394e-08,NA,NA,NA,NA,NA,NA,NA,NA,20.6,3.28024389337134,5
"graph_community",0.9,"Credible support set","credible support summary","coverage=0.9, beta=0.005","full",0.0705328257290546,0.000268504144775511,0.056000194402395,0.000271905747258484,0.0379755564372085,0.000175097542840824,0.284617473927603,0.000582093072142432,23.8091811514096,0.22387653363117,45.2,6.93108938046538,12.5379793203878,1.45123283537992,45.2,6.93108938046538,44.2,6.93108938046538,0.172550615343089,0.000719014771068115,0.00231067005202803,0.00129919065639237,-0.00111347614234649,0.00130151157355639,0.00290610143613999,5.1802323849112e-05,47,0.774596669241483,1.02722971322411e-06,3.30562757445573e-08,NA,NA,NA,NA,NA,NA,NA,NA,77.6,10.7591821250502,5
"misspecified_grouping",0.9,"Credible support set","credible support summary","coverage=0.9, beta=0.005","full",0.0691397121675999,0.000695313584450846,0.0567290110603233,0.000254600285952201,0.0379602650714032,0.000212974784811058,0.273658306411235,0.00332554174953417,21.829275844856,0.15568025936884,9.4,1.63095064303001,4.23848907483286,0.746281786629077,9.4,1.63095064303001,8.4,1.63095064303001,0.164488531414283,0.000810691019556802,-0.000115686661745551,0.000854665161614807,-0.00034324287484706,0.000785422279087057,0.00394268602578887,0.000808670649415286,40.6,2.80356915377524,9.75503258499045e-07,6.25803315253513e-08,NA,NA,NA,NA,NA,NA,NA,NA,16.4,3.4,5
"multi_representative",0.9,"Credible support set","credible support summary","coverage=0.9, beta=0.005","full",0.0695417434155366,0.000900383174194095,0.0570121440772008,0.000382677812432581,0.0381721128114185,0.000333295899577601,0.273988938979907,0.0034586082883493,21.9454738013798,0.243948916633614,11.4,3.04302481094059,5.79914616975343,1.38418920571654,11.4,3.04302481094059,10.4,3.04302481094059,0.165100349150874,0.00123163426758803,0.00060943763334338,0.000263469717606046,-0.000406084211902203,0.000241665992199492,0.00315593780819619,0.000297209803733272,43.4,1.72046505340853,1.00140133104665e-06,3.65371148042759e-08,NA,NA,NA,NA,NA,NA,NA,NA,20.2,5.26687763290548,5
"noisy_grouping",0.9,"Credible support set","credible support summary","coverage=0.9, beta=0.005","full",0.0675870136267251,0.000735116902618878,0.0563583237633698,0.000726938362312278,0.0374468360877927,0.000448145798789238,0.268252786777089,0.00266284272954852,21.9366611827332,0.453200830085839,8.8,1.93390796058137,4.63536086452473,0.769551502479132,8.8,1.93390796058137,7.8,1.93390796058137,0.164573780053418,0.00171898703049262,8.29570125296272e-05,0.000649598838131265,-0.000602561264060241,0.000738209491320328,0.00326943586727038,0.000255348654158602,42,2.56904651573303,9.89699958642288e-07,3.94621534588816e-08,NA,NA,NA,NA,NA,NA,NA,NA,16,3.22490309931942,5
"one_representative",0.9,"Credible support set","credible support summary","coverage=0.9, beta=0.005","full",0.0707305148183326,0.000344614064207231,0.0571940815450828,0.000219242957668822,0.0385218412555019,0.000147891778776065,0.278693892672021,0.00149032896592678,22.0782052529008,0.107025729800381,8.8,1.52970585407784,4.24837248342811,0.332952341691368,8.8,1.52970585407784,7.8,1.52970585407784,0.166150775111541,0.000570460392269692,2.51351287457346e-05,0.000259019281805107,0.000198787118076682,0.000119983401672899,0.00401879733996229,0.000778692464182404,37.4,0.92736184954957,9.63707942874814e-07,4.70570760524263e-08,NA,NA,NA,NA,NA,NA,NA,NA,16.6,1.83303027798234,5
"ordered_interval",0.9,"Credible support set","credible support summary","coverage=0.9, beta=0.005","full",0.0620746390318411,0.00277299277712749,0.0560239657014514,0.000884402657818108,0.0359535350491324,0.00102670985590384,0.241951288674189,0.0101045297877899,19.6150403058713,0.417323781368586,4.2,0.969535971483266,2.98312240417701,0.743238269142026,4.2,0.969535971483266,3.2,0.969535971483266,0.153101048558902,0.00255980139100255,-0.000404772338394199,0.00083280164501054,0.000129552570032444,0.000595276150300435,0.00289549436787162,7.38085949067849e-05,49.6,2.6,9.29459064741288e-07,2.41811326624266e-08,NA,NA,NA,NA,NA,NA,NA,NA,6.2,1.49666295470958,5
"weak_signal",0.9,"Credible support set","credible support summary","coverage=0.9, beta=0.005","full",0.0715075320658529,0.000462938118895069,0.0600660438557295,0.000855285087157834,0.0398977999523916,0.000359629474166372,0.266936912791285,0.00511245091813742,19.7213957040535,1.00664826877451,23,6.38748776906852,10.0783803417077,2.61860510833926,23,6.38748776906852,22,6.38748776906852,0.156504388782101,0.00409492396827503,0.00206436199946847,0.000839289778600755,-0.00199431193150863,0.00116458661181687,0.00324043147445461,0.000242094262563777,42.6,2.22710574513201,9.47071283896594e-07,7.65497995964278e-08,NA,NA,NA,NA,NA,NA,NA,NA,42.6,12.1597697346619,5
"graph_community",0.7,"Credible support set","credible support summary","coverage=0.9, beta=0.02","full",0.0871420780277972,0.00115100451678501,0.14975752854523,0.00168147702972915,0.0713250456544447,0.000915817290039382,0.087664015128658,0.000840285344772447,13.8150245874015,0.51202966548467,13.6,3.61386219991853,7.43820470288678,2.31700257690611,13.6,3.61386219991853,12.6,3.61386219991853,0.424311128181922,0.00868609966766984,0.00288392922206748,0.000680245786242172,-0.00268996589474906,0.000910786676942228,0.00655608619591831,0.00121008789969663,32.2,0.374165738677394,9.48892346330777e-07,1.22790256816981e-07,NA,NA,NA,NA,NA,NA,NA,NA,25,7.03562363973514,5
"misspecified_grouping",0.7,"Credible support set","credible support summary","coverage=0.9, beta=0.02","full",0.0732337298392004,0.00402296174284528,0.137624426244495,0.00429584417769012,0.061287036202371,0.00292751602746812,0.0712655926661969,0.00374901049595568,11.4752764423937,0.245200444499122,3,0.316227766016838,1.7110938067313,0.198224962255714,3,0.316227766016838,2,0.316227766016838,0.366617966600393,0.00697222658627535,-0.000637438281277536,0.000348541424914073,0.000231817677076051,0.000203546440608163,0.0037087399198503,0.000248719154160535,32,0.632455532033676,6.49842854993921e-07,2.0214887595994e-08,NA,NA,NA,NA,NA,NA,NA,NA,4.8,0.489897948556636,5
"multi_representative",0.7,"Credible support set","credible support summary","coverage=0.9, beta=0.02","full",0.0794631054620678,0.00348116499300221,0.142778289778021,0.00312258975615702,0.0657682422577232,0.00241671130113045,0.0791529866469474,0.00392507308517673,12.8689649669564,0.478179517807745,4.2,0.374165738677394,2.83473785212046,0.213295953211896,4.2,0.374165738677394,3.2,0.374165738677394,0.399126459925075,0.0123319437734537,0.00313598509013806,0.000781106448234511,-0.00202785390129811,0.000582922548810671,0.00433852645013033,0.000323412711043532,31,0.316227766016838,1.05092149675912e-06,1.39318707032757e-07,NA,NA,NA,NA,NA,NA,NA,NA,7.8,0.8,5
"noisy_grouping",0.7,"Credible support set","credible support summary","coverage=0.9, beta=0.02","full",0.0756101885541937,0.00414815297601267,0.1402566902322,0.00419754763159541,0.0629899756028641,0.00300459936641783,0.0733479045666863,0.0040199488629154,11.3901432364702,0.20805568425912,3,0.547722557505166,1.60463856653504,0.171765815276681,3,0.547722557505166,2,0.547722557505166,0.367607993200325,0.00820166080120658,-0.00100773913566448,0.000807215541565517,0.000813123260838599,0.000573150944564706,0.00364274261820256,0.000619925163126688,31.8,0.374165738677394,7.88060140155533e-07,1.26749312591339e-07,NA,NA,NA,NA,NA,NA,NA,NA,5.2,0.374165738677394,5
"one_representative",0.7,"Credible support set","credible support summary","coverage=0.9, beta=0.02","full",0.081470132004334,0.00361651684675206,0.146233766190051,0.00351870694319915,0.0672199730825889,0.00259252389828287,0.079073186792218,0.0035758591004922,11.6017517884171,0.1772389124303,2.2,0.2,1.36634504571246,0.0435368357989053,2.2,0.2,1.2,0.2,0.377958592435978,0.00705949122712609,-0.000264732230544062,0.000437210703559167,-4.57315372420116e-05,0.000399947024603994,0.00367107280658796,0.000409059463652037,30.8,0.374165738677394,9.53801149927714e-07,1.62696683225439e-07,NA,NA,NA,NA,NA,NA,NA,NA,4,0,5
"ordered_interval",0.7,"Credible support set","credible support summary","coverage=0.9, beta=0.02","full",0.0676278782594649,0.00631963394143416,0.131544042142248,0.00724557960091745,0.0571078017738082,0.0047652317041801,0.0651418765695551,0.00606210241407167,10.6441309348123,0.315576748138555,2.8,0.58309518948453,1.83273886004452,0.4598255204784,2.8,0.58309518948453,1.8,0.58309518948453,0.343916604312926,0.0130013703650992,0.000410173861418705,0.000581889944472126,-0.00015963528603975,0.000447503113985946,0.00439353286142945,0.00138944352082333,31.2,0.2,8.23461712362582e-07,1.32570712057861e-07,NA,NA,NA,NA,NA,NA,NA,NA,4.4,1.16619037896906,5
"weak_signal",0.7,"Credible support set","credible support summary","coverage=0.9, beta=0.02","full",0.0849874614077377,0.00164209376571303,0.155553532653881,0.00202599645484573,0.0710471376372757,0.00127652833997942,0.0765178988016902,0.0015630911183309,7.89468652965619,0.647861188245811,12,2.07364413533277,6.63882961010224,1.49409127633258,12,2.07364413533277,11,2.07364413533277,0.311664888781149,0.0120453623180834,0.00537150056905804,0.00136841887312229,-0.00278225936559293,0.00066678702960947,0.00637149184785937,0.00072211908865292,32,0.316227766016838,8.98102261137624e-07,1.24058181421972e-07,NA,NA,NA,NA,NA,NA,NA,NA,20.6,3.28024389337134,5
"graph_community",0.9,"Credible support set","credible support summary","coverage=0.9, beta=0.02","full",0.0896868328614313,0.000335149026073781,0.151759828050643,0.000726375162769313,0.0728436229078709,0.000347033509335806,0.0903471571502798,0.000278234886159128,14.0638918224336,0.273256081656305,45.2,6.93108938046538,15.9442548142071,2.2662831570038,45.2,6.93108938046538,44.2,6.93108938046538,0.430322181335968,0.00458776775080376,0.00338886677141561,0.00182812204295866,-0.00176088545298127,0.00180209412702339,0.0065072911841882,0.000478395860312927,32,0,1.11796887818371e-06,6.7084378899608e-08,NA,NA,NA,NA,NA,NA,NA,NA,77.6,10.7591821250502,5
"misspecified_grouping",0.9,"Credible support set","credible support summary","coverage=0.9, beta=0.02","full",0.0871580771769893,0.00114787780264466,0.15206378090865,0.00113795259762562,0.0714272375438062,0.000829341267734513,0.0845367136557564,0.00106971399269694,11.9782577136756,0.064917447125914,9.4,1.63095064303001,3.9861934961164,0.891705224834577,9.4,1.63095064303001,8.4,1.63095064303001,0.390336440121381,0.0019330735590791,-7.70345189288412e-05,0.00105936833570465,-0.000474923345431265,0.000982600030205209,0.00598431918220179,0.000732027483810604,32.4,0.244948974278318,1.06577383734985e-06,1.00862930008823e-07,NA,NA,NA,NA,NA,NA,NA,NA,16.4,3.4,5
"multi_representative",0.9,"Credible support set","credible support summary","coverage=0.9, beta=0.02","full",0.0876402505873174,0.00136874081573865,0.152347181863702,0.00122423219289367,0.0717557654476415,0.000985720103493151,0.0852209057807379,0.00146390825818201,12.1383577551712,0.158251629162252,11.4,3.04302481094059,6.05153803619011,1.79345079499622,11.4,3.04302481094059,10.4,3.04302481094059,0.393502201041926,0.00412812206736196,0.000846220002719411,0.000347160211474805,-0.000562863493564336,0.000307337466138758,0.00495241373693309,0.000930116121182069,32,0.316227766016838,8.48801351793771e-07,1.46463019111424e-07,NA,NA,NA,NA,NA,NA,NA,NA,20.2,5.26687763290548,5
"noisy_grouping",0.9,"Credible support set","credible support summary","coverage=0.9, beta=0.02","full",0.0847009197722355,0.00094184858474953,0.148981762842188,0.00123926451359962,0.0695232085734775,0.000708453708941786,0.0829975187134013,0.00105233129903168,12.3905987441505,0.456257991291915,8.8,1.93390796058137,4.44356133914315,0.884233054085461,8.8,1.93390796058137,7.8,1.93390796058137,0.395402128665079,0.00842911245056031,0.000108817785087688,0.000806781490544292,-0.000758120134969387,0.00091916146479587,0.00481952231252305,0.000830841563956676,32.2,0.2,7.65605924013535e-07,8.03999703544491e-08,NA,NA,NA,NA,NA,NA,NA,NA,16,3.22490309931942,5
"one_representative",0.9,"Credible support set","credible support summary","coverage=0.9, beta=0.02","full",0.0895446764515619,0.000521204630596708,0.154314064223375,0.000405742275592273,0.0731179520128836,0.000352116158861693,0.0868535530852001,0.000608617752974753,12.0829145674606,0.0983364068397524,8.8,1.52970585407784,3.96148149196463,0.387173471565728,8.8,1.52970585407784,7.8,1.52970585407784,0.394614696399791,0.0022041253396154,8.37467016893796e-05,0.000318613680356358,0.000220940509296464,0.000155146732263084,0.00575902630579142,0.000549167866758975,32.4,0.244948974278318,9.90735951633679e-07,1.33990915968783e-07,NA,NA,NA,NA,NA,NA,NA,NA,16.6,1.83303027798234,5
"ordered_interval",0.9,"Credible support set","credible support summary","coverage=0.9, beta=0.02","full",0.0761036938232129,0.0040855587565551,0.142051876395929,0.00468419711207614,0.0637779528684676,0.0030839175629137,0.0726265476077368,0.0035837808810898,10.6485176858588,0.287063974307496,4.2,0.969535971483266,2.59143058176092,0.814705412420062,4.2,0.969535971483266,3.2,0.969535971483266,0.354215255462803,0.00609355925229676,6.89312793986526e-06,0.000727093968920586,-0.000169226622816288,0.000553340083419768,0.00380461462207158,0.000500734616064342,32.2,0.489897948556636,7.1104871570693e-07,6.6941819575509e-08,NA,NA,NA,NA,NA,NA,NA,NA,6.2,1.49666295470958,5
"weak_signal",0.9,"Credible support set","credible support summary","coverage=0.9, beta=0.02","full",0.0894634790553383,0.000871673587105582,0.157787835699665,0.00130472268617143,0.0738779200729231,0.000583155514350322,0.0830400884460939,0.00202418368875122,9.70496975600019,1.04317204697494,23,6.38748776906852,12.1241056649081,3.88472517775717,23,6.38748776906852,22,6.38748776906852,0.349615653504902,0.0197266209824796,0.00280617081574439,0.00116079240922808,-0.00273878729322483,0.0014655843472201,0.00665160194749799,0.00042621409785667,31.8,0.2,1.01429205067172e-06,1.04497730807069e-07,NA,NA,NA,NA,NA,NA,NA,NA,42.6,12.1597697346619,5
"graph_community",0.7,"Credible support set","credible support summary","coverage=0.9, beta=0.08","full",0.106809497392005,0.00242261380754443,0.278305702046993,0.00355478272596131,0.0988610298946176,0.00268557630354962,0.0232988902878416,0.000243937456199113,10.436476658941,0.522576440488767,13.6,3.61386219991853,7.00975246591062,2.26154557576674,13.6,3.61386219991853,12.6,3.61386219991853,1.11156517774488,0.0400342761879606,0.00653559522198908,0.000902796803687667,-0.00525078695889531,0.000619054419774233,0.00811419095346511,0.00154966950880774,32.6,0.812403840463596,1.29800307424599e-06,2.25773300692709e-07,NA,NA,NA,NA,NA,NA,NA,NA,25,7.03562363973514,5
"misspecified_grouping",0.7,"Credible support set","credible support summary","coverage=0.9, beta=0.08","full",0.082499571518942,0.00411718868330848,0.24100016315388,0.00942754255520951,0.0766645897461659,0.00387661627352027,0.0187053096433912,0.00104311431157651,8.71539569490437,0.238156434587997,3,0.316227766016838,1.47748390167481,0.190319366964925,3,0.316227766016838,2,0.316227766016838,0.93787199865466,0.0184535459464994,-0.00163650787996876,0.00159034642278726,0.000874207853142872,0.00103516493747984,0.00520905013250502,0.000609960934922398,25.8,3.46987031457949,1.21407047339872e-06,2.17375593470644e-07,NA,NA,NA,NA,NA,NA,NA,NA,4.8,0.489897948556636,5
"multi_representative",0.7,"Credible support set","credible support summary","coverage=0.9, beta=0.08","full",0.0964907234690191,0.00263988244401607,0.257676777126503,0.0076563204557788,0.0866508624220021,0.0035183876096402,0.0208956952318721,0.00109636140909057,9.82419052183762,0.382211815238292,4.2,0.374165738677394,2.47641234437116,0.21430279448858,4.2,0.374165738677394,3.2,0.374165738677394,1.04271927777576,0.0364921013563352,0.00783348737094735,0.00125205321643747,-0.00521482649725131,0.00088810358856568,0.00477610688304295,0.000604213064459722,29.6,1.16619037896906,1.23678971013508e-06,9.63090582093476e-08,NA,NA,NA,NA,NA,NA,NA,NA,7.8,0.8,5
"noisy_grouping",0.7,"Credible support set","credible support summary","coverage=0.9, beta=0.08","full",0.0839169145963842,0.00478203270587342,0.245923421802692,0.00989902347120906,0.0779775540929379,0.00436872201410374,0.0192812140388252,0.00111882741262854,8.56111132123975,0.0789858591852712,3,0.547722557505166,1.35061828337315,0.138219950352168,3,0.547722557505166,2,0.547722557505166,0.930531231563662,0.0145525907683379,-0.00127289055366115,0.000847422389649385,0.000996562977943017,0.0006298854528121,0.00485565968842849,0.000672168909848487,23.6,3.95727178748188,1.09089523101513e-06,2.45363158136736e-07,NA,NA,NA,NA,NA,NA,NA,NA,5.2,0.374165738677394,5
"one_representative",0.7,"Credible support set","credible support summary","coverage=0.9, beta=0.08","full",0.0874743424749263,0.00376301589155109,0.259667561642515,0.00855502246996395,0.0836654203273957,0.00382563984255752,0.0208394663296169,0.000984995093640816,8.56130852811596,0.0451359002258764,2.2,0.2,1.14523288342728,0.0368195287108645,2.2,0.2,1.2,0.2,0.944438585964906,0.0120005619938837,-0.000334501928201503,0.000481542636791221,-1.65951130961076e-05,0.000442702689725672,0.00375322414842026,0.000881207347505431,17,3,6.94215543295407e-07,2.7062698473743e-07,NA,NA,NA,NA,NA,NA,NA,NA,4,0,5
"ordered_interval",0.7,"Credible support set","credible support summary","coverage=0.9, beta=0.08","full",0.0716811811437806,0.0072149680217282,0.226999385997085,0.0162690732108676,0.0706886747319499,0.00698672664404623,0.0170376796245428,0.00165665730817519,8.09241164733387,0.182074379000496,2.8,0.58309518948453,1.61174861398362,0.412731411183827,2.8,0.58309518948453,1.8,0.58309518948453,0.8740165049272,0.0231184718015077,0.00174712049825234,0.00152660568843374,-0.00106443123852245,0.00110824510739293,0.00554853348582985,0.00174858153171296,20.4,3.96988664825584,9.88026924919614e-07,2.41519713083998e-07,NA,NA,NA,NA,NA,NA,NA,NA,4.4,1.16619037896906,5
"weak_signal",0.7,"Credible support set","credible support summary","coverage=0.9, beta=0.08","full",0.101712068682733,0.00511522544770107,0.277591584637626,0.00469849481168576,0.0920489167782082,0.00296324424315763,0.0201823335939436,0.000434592993432816,4.65775529451033,0.627910085301937,12,2.07364413533277,6.11349812306804,1.44189109800318,12,2.07364413533277,11,2.07364413533277,0.648524877370171,0.0501980418594276,0.0109589895330051,0.00369304414909653,-0.00562256013162675,0.00174759293293288,0.00844535130938217,0.0014584707339546,31.4,0.4,1.07056735354494e-06,1.89970466470296e-07,NA,NA,NA,NA,NA,NA,NA,NA,20.6,3.28024389337134,5
"graph_community",0.9,"Credible support set","credible support summary","coverage=0.9, beta=0.08","full",0.102424411669707,0.00201882624330341,0.279897600867832,0.00188377166947925,0.0967807320444625,0.00121819836335117,0.0240794949368903,8.24789369056424e-05,10.6722968709019,0.29977321955979,45.2,6.93108938046538,15.8120418565062,2.43171904768616,45.2,6.93108938046538,44.2,6.93108938046538,1.13098673900664,0.0219383607227511,0.00560874763884428,0.00296842712383918,-0.00334989555087156,0.00254888037846955,0.0113807922730871,0.00134616447709551,32,0.316227766016838,1.39937953460567e-06,1.27935320034361e-07,NA,NA,NA,NA,NA,NA,NA,NA,77.6,10.7591821250502,5
"misspecified_grouping",0.9,"Credible support set","credible support summary","coverage=0.9, beta=0.08","full",0.0976039296355489,0.00182489661267451,0.274294296145028,0.00282895367221394,0.0910053290048104,0.00144428991227736,0.0224123161024994,0.000298281066910081,8.71959913318192,0.0634429435024273,9.4,1.63095064303001,3.54334724124372,0.843441662272978,9.4,1.63095064303001,8.4,1.63095064303001,0.970697786168651,0.00481256522737303,0.000291308284559833,0.00115795883577979,-0.000722430612781233,0.00105674246862497,0.00831967762562656,0.0006799547418826,31.4,0.509901951359279,1.45093919463601e-06,5.77257326525609e-08,NA,NA,NA,NA,NA,NA,NA,NA,16.4,3.4,5
"multi_representative",0.9,"Credible support set","credible support summary","coverage=0.9, beta=0.08","full",0.100167560925249,0.00324813808258571,0.275494835760176,0.00352404969483362,0.0917962690056513,0.00197764003386854,0.0226115733760782,0.000413802412695719,8.857396705633,0.104787523065891,11.4,3.04302481094059,5.54235241837003,1.73793394468996,11.4,3.04302481094059,10.4,3.04302481094059,0.982588526499725,0.0113948086216739,0.0012084915423999,0.000437033531383478,-0.000792001924863151,0.000347262283611268,0.00727603800916816,0.00147400197995185,30.4,0.244948974278318,1.30284691675087e-06,1.65992617720726e-07,NA,NA,NA,NA,NA,NA,NA,NA,20.2,5.26687763290548,5
"noisy_grouping",0.9,"Credible support set","credible support summary","coverage=0.9, beta=0.08","full",0.0953406086535015,0.00166969574438462,0.267519880914663,0.00243388964491386,0.0880136929554443,0.000987345106018324,0.0219837600895074,0.000298665310195848,9.2275952351432,0.46562003308157,8.8,1.93390796058137,3.94921640945868,0.812096870573162,8.8,1.93390796058137,7.8,1.93390796058137,1.00446363991977,0.0360942670412215,0.000100045272717209,0.000845711416971953,-0.000770699170519772,0.000947665464025996,0.00703849933235641,0.0011940633611192,30.4,0.509901951359279,1.11628276164844e-06,1.18039539545756e-07,NA,NA,NA,NA,NA,NA,NA,NA,16,3.22490309931942,5
"one_representative",0.9,"Credible support set","credible support summary","coverage=0.9, beta=0.08","full",0.099820465242544,0.00187710886534861,0.279854706271141,0.00112141356777433,0.0935679569789595,0.000647643159969727,0.0230643485578564,0.000172113051679888,8.73696876077577,0.0821616847261902,8.8,1.52970585407784,3.48745836685779,0.332876361411858,8.8,1.52970585407784,7.8,1.52970585407784,0.977581128476879,0.00737414991486472,0.000304169218893426,0.000396718933886288,0.000124161816919077,0.000231899116432053,0.00658144545723849,0.000756312968681869,31,0.316227766016838,1.01659746092331e-06,8.19637785180334e-08,NA,NA,NA,NA,NA,NA,NA,NA,16.6,1.83303027798234,5
"ordered_interval",0.9,"Credible support set","credible support summary","coverage=0.9, beta=0.08","full",0.0882068488641075,0.00610238101708865,0.251935120159917,0.0109113031146543,0.0828716945707338,0.0054665591272982,0.0190933711078212,0.000989164391851849,7.73583792729232,0.36680723010026,4.2,0.969535971483266,2.34286886567279,0.808469784809518,4.2,0.969535971483266,3.2,0.969535971483266,0.870122001504724,0.0234284338227881,0.0025724614637046,0.0013114748921483,-0.00179541926470779,0.00100172989537975,0.00476312330635638,0.000437728152683586,30.8,1.113552872566,1.16878638196649e-06,1.75912809301673e-07,NA,NA,NA,NA,NA,NA,NA,NA,6.2,1.49666295470958,5
"weak_signal",0.9,"Credible support set","credible support summary","coverage=0.9, beta=0.08","full",0.103315590994319,0.00366706436239718,0.28622253125756,0.00284562465946554,0.0972898013747134,0.00295799227194438,0.0220099169728731,0.000567983804725829,6.30430637057265,1.02051671616799,23,6.38748776906852,11.871349947598,4.04416508291343,23,6.38748776906852,22,6.38748776906852,0.78835453790175,0.081505710444498,0.00411880498280577,0.00165364268415813,-0.00388158508921857,0.00138133899145066,0.00792882021246265,0.00122629689535869,31.2,0.58309518948453,1.27090837820365e-06,5.91043538825929e-08,NA,NA,NA,NA,NA,NA,NA,NA,42.6,12.1597697346619,5
"graph_community",0.7,"Credible support set","credible support summary","coverage=0.95, beta=0.005","full",0.0407261133823497,0.000254294938867797,0.0482555034154151,0.000493810597176414,0.0271802339644889,0.000226903591945148,0.163864400623006,0.00125840644434318,17.7276232887795,0.506867276215718,25.4,6.6,8.90989302662173,2.59456836064739,26,7.03562363973514,25,7.03562363973514,0.134924550686775,0.00199630098600218,0.0012514696143556,0.000729732687608424,-0.00139410082178672,0.000852234410903014,0.0039027630795913,0.000422933659549508,44,3.64691650576209,9.58683172341823e-07,5.50618731771534e-08,NA,NA,NA,NA,NA,NA,NA,NA,25,7.03562363973514,5
"misspecified_grouping",0.7,"Credible support set","credible support summary","coverage=0.95, beta=0.005","full",0.0387945599196749,0.000618209499453467,0.0478126155060103,0.000335883799513892,0.0263788689664056,0.000300335934476861,0.15372723735724,0.00252009617940605,15.8184526591403,0.293657800372723,5.8,0.489897948556636,2.28742408911896,0.221982339253373,5.8,0.489897948556636,4.8,0.489897948556636,0.126095752391986,0.00144417158213577,-0.00017884460867621,0.000101317767531168,6.18888048023793e-05,7.42263005501725e-05,0.00344946727083637,8.05479345192122e-05,56.4,1.0770329614269,9.46921459479834e-07,3.58547281633022e-08,NA,NA,NA,NA,NA,NA,NA,NA,4.8,0.489897948556636,5
"multi_representative",0.7,"Credible support set","credible support summary","coverage=0.95, beta=0.005","full",0.0391772946817873,0.000426200600341332,0.0474081120066804,0.000245102485602475,0.0264043820667499,0.0001991092525715,0.15835322074902,0.00215141400235632,16.9710464812797,0.33725608382172,8.8,0.8,3.68329059290441,0.249221821277898,8.8,0.8,7.8,0.8,0.13096840144338,0.00160151776777773,0.00108975955828789,0.000214691760877209,-0.000672536017372627,0.000186852387711567,0.0034811645817266,5.18531208974676e-05,50.2,1.06770782520313,9.83047345076703e-07,2.87481775576963e-08,NA,NA,NA,NA,NA,NA,NA,NA,7.8,0.8,5
"noisy_grouping",0.7,"Credible support set","credible support summary","coverage=0.95, beta=0.005","full",0.038625163004484,0.000945323093285897,0.0478339667753634,0.000447974706574866,0.026319717774072,0.000456649934393882,0.152426767741285,0.00378753127820434,15.5531280159735,0.236423333788599,6.2,0.374165738677394,2.19098080992146,0.204640059213242,6.2,0.374165738677394,5.2,0.374165738677394,0.124832076156844,0.00152145686646009,-0.000189150182601905,0.000136209917157384,0.000120346309912245,0.000104872981814463,0.00355659293079673,8.07163858627947e-05,56.6,1.12249721603218,9.99614594424103e-07,3.08664001344274e-08,NA,NA,NA,NA,NA,NA,NA,NA,5.2,0.374165738677394,5
"one_representative",0.7,"Credible support set","credible support summary","coverage=0.95, beta=0.005","full",0.0380574861285091,0.000602788186882613,0.0475805528349335,0.000288290925274256,0.0260523249954311,0.000292317168684708,0.150158269187008,0.00240724751515143,15.4050687943206,0.136658903110618,5,0,1.91105694489376,0.0471758745840582,5,0,4,0,0.123959438576437,0.000950411346275785,-4.91655303806126e-05,0.000135028095942482,1.6046654954582e-06,0.000162305289575702,0.0036017322995983,5.96977431021448e-05,58,0.316227766016838,1.0139195254999e-06,2.74147541042883e-08,NA,NA,NA,NA,NA,NA,NA,NA,4,0,5
"ordered_interval",0.7,"Credible support set","credible support summary","coverage=0.95, beta=0.005","full",0.0381052131386638,0.0011205172118149,0.0477870871760229,0.000610808873253792,0.0261257481914711,0.000565396116242768,0.149304304737257,0.00426996909796289,15.1028743221274,0.234798881962206,5.4,1.16619037896906,2.39915843314037,0.56410490165916,5.4,1.16619037896906,4.4,1.16619037896906,0.122510188937184,0.00164632512976295,-0.000350300076921162,0.000235108148420943,0.000242868957256892,0.000189050276309762,0.00351876500508488,9.22275915788302e-05,56,2.54950975679639,9.63029468173394e-07,3.58595506918785e-08,NA,NA,NA,NA,NA,NA,NA,NA,4.4,1.16619037896906,5
"weak_signal",0.7,"Credible support set","credible support summary","coverage=0.95, beta=0.005","full",0.0412187349415682,0.000457312132337536,0.0519513566946701,0.000360759038090141,0.0283955000475888,0.000246332737166933,0.148653903996778,0.00188756458692154,11.9999934364306,0.635870573524955,21.6,3.28024389337134,8.0731757824928,1.66274762038838,21.6,3.28024389337134,20.6,3.28024389337134,0.109954585159004,0.00284067186127466,0.00266414075363963,0.000440586381964336,-0.00133826868043254,0.000331778415736325,0.00400149322080423,0.000439275150943868,40.2,2.55734237050888,9.41234898388376e-07,4.60305246118385e-08,NA,NA,NA,NA,NA,NA,NA,NA,20.6,3.28024389337134,5
"graph_community",0.9,"Credible support set","credible support summary","coverage=0.95, beta=0.005","full",0.0415066550272215,7.25935726756594e-05,0.0490908320623278,0.000167282053030228,0.0276782889543568,7.19671341764058e-05,0.164308898341254,0.000543412372824787,17.8315421762685,0.253420092570692,68.6,7.56042326857432,18.3621208152271,2.38278904926482,78.6,10.7591821250502,77.6,10.7591821250502,0.135381212936048,0.000947376835718525,0.001086226585213,0.000597401797488023,-0.000421130439030292,0.00063383651885529,0.00361503562252998,0.000207037656728598,42.8,1.71464281994822,9.51220003847507e-07,2.82013723560209e-08,NA,NA,NA,NA,NA,NA,NA,NA,77.6,10.7591821250502,5
"misspecified_grouping",0.9,"Credible support set","credible support summary","coverage=0.95, beta=0.005","full",0.0405534090831775,0.000357355584952153,0.0489761420435338,0.000270557583734597,0.0273163342956797,0.000189696767594714,0.158925333393056,0.00139707372834768,15.9432349777288,0.0618785097618637,17.4,3.4,5.14065730468716,1.04717013586426,17.4,3.4,16.4,3.4,0.127129804280844,0.000377171575305747,-8.74301487206356e-05,0.000793213171980194,-0.000334969038482091,0.000729571167128502,0.00393565478346363,0.000519808661399897,45.2,3.18433666561813,9.18203054683931e-07,5.88110666039151e-08,NA,NA,NA,NA,NA,NA,NA,NA,16.4,3.4,5
"multi_representative",0.9,"Credible support set","credible support summary","coverage=0.95, beta=0.005","full",0.0400412241334886,0.000526354385590986,0.0488914066858224,0.00043050529543652,0.027117153747649,0.000296522791486882,0.156152136187341,0.00165968960689692,15.9173988614668,0.11546694191535,21.2,5.26687763290548,7.47243841489944,2.04224378816763,21.2,5.26687763290548,20.2,5.26687763290548,0.126624890537622,0.000618864786380699,0.000871175306016879,0.000189488906353977,-0.000647992767816507,0.000198677193334782,0.00362099935709608,6.12034362844119e-05,44.2,2.85306852353742,1.02442935624447e-06,3.69201314521337e-08,NA,NA,NA,NA,NA,NA,NA,NA,20.2,5.26687763290548,5
"noisy_grouping",0.9,"Credible support set","credible support summary","coverage=0.95, beta=0.005","full",0.0397808032838906,0.00058286197326823,0.0483202021574087,0.000430069586872079,0.026859290769995,0.00029069454877498,0.157416369684731,0.00301889961581466,16.2934743389346,0.518140102040479,17,3.22490309931942,5.65390793318803,1.04762422067546,17,3.22490309931942,16,3.22490309931942,0.128139890901114,0.00243236362586991,1.42322208455342e-05,0.000336511807127428,-0.000139194945910326,0.000279573658242397,0.00415176831152662,0.000584630470834109,42.2,4.28252262107277,8.76457735410341e-07,7.3206406608774e-08,NA,NA,NA,NA,NA,NA,NA,NA,16,3.22490309931942,5
"one_representative",0.9,"Credible support set","credible support summary","coverage=0.95, beta=0.005","full",0.0401331166928855,0.000523262753613027,0.0486747088264993,0.000237675971365207,0.027084551788183,0.000247658794444313,0.157796097091628,0.00208975693531066,15.8599642210038,0.141582827724943,17.6,1.83303027798234,5.21214037651016,0.464911971433958,17.6,1.83303027798234,16.6,1.83303027798234,0.126339276018172,0.000857859223586267,-0.000274196606315025,0.000227981520841236,0.000308296490340876,0.000104855778721687,0.00338353026374403,6.21856306705385e-05,43.8,2.13072757526625,9.31026155576165e-07,2.70556102721455e-08,NA,NA,NA,NA,NA,NA,NA,NA,16.6,1.83303027798234,5
"ordered_interval",0.9,"Credible support set","credible support summary","coverage=0.95, beta=0.005","full",0.0399392901371154,0.000599277282160918,0.0489705841150055,0.000150076379464129,0.0271073335222464,0.000237761119121127,0.155173866047432,0.00343424902883867,15.0745515340088,0.509464975079788,7.2,1.49666295470958,3.26965857103521,0.890151476332836,7.2,1.49666295470958,6.2,1.49666295470958,0.123271637408448,0.00264992439695575,-2.11532849337279e-05,0.000160886416603095,-9.21653638554794e-06,0.000130901045025058,0.00383300160889977,0.000417530187794052,51,4.32434966208793,9.32646674922655e-07,2.31489670429073e-08,NA,NA,NA,NA,NA,NA,NA,NA,6.2,1.49666295470958,5
"weak_signal",0.9,"Credible support set","credible support summary","coverage=0.95, beta=0.005","full",0.0415134123725532,0.000221728377063357,0.0513392724148074,0.000685003145636185,0.0283275003024063,0.000258592254065225,0.153377709836686,0.00239684697891396,13.6209724942576,0.996315503528782,39.4,9.41063228481487,14.0910009091072,4.1584089194686,43.6,12.1597697346619,42.6,12.1597697346619,0.116982870291005,0.00423933481367365,0.00179383800670898,0.000678258073288869,-0.00155112850013852,0.000797026766075557,0.00384227232066074,0.000438725405329368,40,2.25831795812724,9.15796168610151e-07,3.80276897130796e-08,NA,NA,NA,NA,NA,NA,NA,NA,42.6,12.1597697346619,5
"graph_community",0.7,"Credible support set","credible support summary","coverage=0.95, beta=0.02","full",0.0472348875529807,0.000487450682336393,0.104530620226498,0.000750005280213118,0.0410902005266551,0.000271732487435325,0.0465432856530679,0.000332467585768348,11.8146316396373,0.541253038608848,26,7.03562363973514,8.98599983926817,2.8832666822843,26,7.03562363973514,25,7.03562363973514,0.338904355447833,0.00998130215505867,0.00215007928110879,0.000710727342123892,-0.00212899180444399,0.000869770484482927,0.00582805967917217,0.0011932955861357,32.2,0.2,6.0425083130422e-07,4.2009756115831e-08,NA,NA,NA,NA,NA,NA,NA,NA,25,7.03562363973514,5
"misspecified_grouping",0.7,"Credible support set","credible support summary","coverage=0.95, beta=0.02","full",0.0439502164022881,0.000772065216726599,0.101842217947931,0.001137553227283,0.0388536063501002,0.000614134673101424,0.0426463087696233,0.000785067624469767,10.0572809132265,0.274591632403284,5.8,0.489897948556636,1.86938440424595,0.208552997410435,5.8,0.489897948556636,4.8,0.489897948556636,0.302386336681062,0.00550138183509585,-0.000426967165657332,0.000328610186755269,0.00022253476093792,0.000227356470217618,0.00666025761708797,0.000935329356757003,32.6,0.244948974278318,9.50380612441125e-07,1.13008282138089e-07,NA,NA,NA,NA,NA,NA,NA,NA,4.8,0.489897948556636,5
"multi_representative",0.7,"Credible support set","credible support summary","coverage=0.95, beta=0.02","full",0.0447670802449991,0.00059750292926733,0.102087042331142,0.000789448274474937,0.0394452941117401,0.000462090160276889,0.044140716315871,0.00068392847107984,11.1586310165864,0.318254165087621,8.8,0.8,3.19694214781329,0.249548192788119,8.8,0.8,7.8,0.8,0.324109170457279,0.0064123600917166,0.00222790872164271,0.000383721608023941,-0.00143250847454888,0.000282791602463719,0.00657533791480782,0.000666155344244675,32.2,0.2,9.67782114158488e-07,9.45531531726946e-08,NA,NA,NA,NA,NA,NA,NA,NA,7.8,0.8,5
"noisy_grouping",0.7,"Credible support set","credible support summary","coverage=0.95, beta=0.02","full",0.0436635555048844,0.00120698020179817,0.101603115545635,0.00175183486914701,0.0386217930665188,0.000988773496511053,0.0422227546653439,0.00119518414175356,9.81564123741874,0.115428632647917,6.2,0.374165738677394,1.77674739269287,0.181581932903501,6.2,0.374165738677394,5.2,0.374165738677394,0.297361211468033,0.00377537464154651,-0.000232329582524926,0.000218525135399707,0.000143492036091386,0.000156774984370188,0.00457228637271756,0.000280861526430355,32.8,0.2,6.9489899118258e-07,6.18696388446507e-08,NA,NA,NA,NA,NA,NA,NA,NA,5.2,0.374165738677394,5
"one_representative",0.7,"Credible support set","credible support summary","coverage=0.95, beta=0.02","full",0.0429384500237076,0.000764057083377335,0.100568431165179,0.00112009609806437,0.03801429666774,0.000623921499106446,0.0414857814753257,0.000752143619190887,9.74466821136803,0.0524324209273711,5,0,1.52138383452853,0.039398867425338,5,0,4,0,0.295043492727,0.00213255359607928,-7.78507246143257e-05,0.000169688479358535,1.04109239992932e-05,0.000196406717290339,0.00462325159838173,0.000313485969294066,33,0,5.71096659129911e-07,3.14030210154984e-08,NA,NA,NA,NA,NA,NA,NA,NA,4,0,5
"ordered_interval",0.7,"Credible support set","credible support summary","coverage=0.95, beta=0.02","full",0.0430882493432264,0.00144015586616976,0.100877068999714,0.00215615933441251,0.0381389648375278,0.00116920981391114,0.04126627396734,0.0013302583808467,9.4376792928337,0.15139891850479,5.4,1.16619037896906,2.00331781572362,0.536836921439996,5.4,1.16619037896906,4.4,1.16619037896906,0.289042536912327,0.00394257041864392,-0.000105633560273687,0.000281266245627315,7.1623743164384e-05,0.000217808988632703,0.00600337144083571,0.000618287023227627,32.8,0.2,7.81239744540585e-07,6.46509703190009e-08,NA,NA,NA,NA,NA,NA,NA,NA,4.4,1.16619037896906,5
"weak_signal",0.7,"Credible support set","credible support summary","coverage=0.95, beta=0.02","full",0.0470828399279479,0.000806656328579339,0.10889268056134,0.00097370994875441,0.0414047249740602,0.000491345529681978,0.0416376661113376,0.000710432010545103,5.99196357129988,0.672349155573924,21.6,3.28024389337134,7.82533317909433,1.79152056591574,21.6,3.28024389337134,20.6,3.28024389337134,0.226789697839216,0.0129185853532316,0.00430951544184941,0.000880004252017443,-0.00217014431723932,0.000458752701198964,0.0064000704661439,0.000466300264861625,31.8,0.2,7.29468504656605e-07,1.05897261944231e-07,NA,NA,NA,NA,NA,NA,NA,NA,20.6,3.28024389337134,5
"graph_community",0.9,"Credible support set","credible support summary","coverage=0.95, beta=0.02","full",0.0475413506648679,0.000192156172876809,0.105496779912817,0.000334523985444974,0.0415637058019848,0.000118705040895663,0.0474366591240664,0.000214931367513298,11.9660591868369,0.273475455081385,72.2,8.45221864364617,20.1363235047965,2.93463025505061,78.6,10.7591821250502,77.6,10.7591821250502,0.341872041365006,0.00496655703448491,0.00166694452375529,0.000857511542451487,-0.000810361942855753,0.000853869346259683,0.0099688485927385,0.00111193520450756,31.2,0.2,1.10758053332161e-06,1.34078508074666e-07,NA,NA,NA,NA,NA,NA,NA,NA,77.6,10.7591821250502,5
"misspecified_grouping",0.9,"Credible support set","credible support summary","coverage=0.95, beta=0.02","full",0.0461941843236607,0.000470259425395648,0.105141066039972,0.000679431251065358,0.0406098319170211,0.000368746522222404,0.0445471762333571,0.000393777491687883,9.9912638111284,0.0573716513719643,17.4,3.4,4.69535302044545,1.09296397209242,17.4,3.4,16.4,3.4,0.303515813529279,0.000901210281685083,-3.0494228600154e-05,0.000869710902847641,-0.000420825556070793,0.000815490720293869,0.00491616350420625,0.000825914368194368,32,0,6.86933866878015e-07,8.38321285438353e-08,NA,NA,NA,NA,NA,NA,NA,NA,16.4,3.4,5
"multi_representative",0.9,"Credible support set","credible support summary","coverage=0.95, beta=0.02","full",0.0454315389956451,0.000662749295349434,0.104061494616719,0.000938921636784275,0.0400510827538794,0.000515388651399024,0.0439676596657015,0.000603888899340592,10.0939111115133,0.106493584267258,21.2,5.26687763290548,7.25095379334257,2.21368886758159,21.2,5.26687763290548,20.2,5.26687763290548,0.304159878801668,0.00221385048611251,0.00106301049127753,0.000224568156141749,-0.000782928571307817,0.000225904540552875,0.00549868419963166,0.000370350675257481,31.6,0.244948974278318,8.16298840067286e-07,8.32966172981922e-08,NA,NA,NA,NA,NA,NA,NA,NA,20.2,5.26687763290548,5
"noisy_grouping",0.9,"Credible support set","credible support summary","coverage=0.95, beta=0.02","full",0.045137620570289,0.000752003934503437,0.103371289264248,0.000991453425813131,0.0397879246681554,0.000579102085262031,0.0441016978767089,0.000978544661503699,10.4597636646686,0.478720448123207,17,3.22490309931942,5.22537074349482,1.06676171872418,17,3.22490309931942,16,3.22490309931942,0.311019054469349,0.00975518200383717,-2.77399678649808e-06,0.00037636848014569,-0.000122911703500338,0.000294548355511969,0.00534846789441821,0.000517246954987678,32,0.316227766016838,7.38989208570739e-07,1.17402361544598e-07,NA,NA,NA,NA,NA,NA,NA,NA,16,3.22490309931942,5
"one_representative",0.9,"Credible support set","credible support summary","coverage=0.95, beta=0.02","full",0.0455865193967643,0.000680125972304722,0.104425771202639,0.000963401137685111,0.0401881224877602,0.000557295797246306,0.0440213972821101,0.000669309776872872,9.93751016975179,0.0880401129414851,17.6,1.83303027798234,4.72834753063552,0.472234878196295,17.6,1.83303027798234,16.6,1.83303027798234,0.301642118942643,0.00234565392582036,-0.000270865273064835,0.000221776654828069,0.000325281837641045,0.000106052314720129,0.00571889303519706,0.000189773296167701,32,0,7.1403175525564e-07,6.7113062178506e-08,NA,NA,NA,NA,NA,NA,NA,NA,16.6,1.83303027798234,5
"ordered_interval",0.9,"Credible support set","credible support summary","coverage=0.95, beta=0.02","full",0.0457327565696273,0.000999595114359822,0.104668969982337,0.00093758203675108,0.0401705084748265,0.000650824413792531,0.0431543674454222,0.00106049932688895,9.15019513675589,0.427616187814574,7.2,1.49666295470958,2.85816784922267,0.907340262545141,7.2,1.49666295470958,6.2,1.49666295470958,0.286772810642014,0.00944526952675548,0.000474340022803777,0.000332464950853635,-0.000329662452927248,0.000225674367063248,0.00624939522654164,0.000984549316887616,32.4,0.244948974278318,7.42058345792884e-07,9.31392136520094e-08,NA,NA,NA,NA,NA,NA,NA,NA,6.2,1.49666295470958,5
"weak_signal",0.9,"Credible support set","credible support summary","coverage=0.95, beta=0.02","full",0.0471450169765216,0.0003427223977538,0.108413979735091,0.000851737413798412,0.0416786158328363,0.000271356636337224,0.0433553266252713,0.000819421250253232,7.62713358651439,1.02076941515551,40.4,9.9929975482835,14.9774579556319,4.94283204545414,43.6,12.1597697346619,42.6,12.1597697346619,0.25848687049384,0.019501984093906,0.00224715178730479,0.000903092471430233,-0.00193833154884455,0.000857820302445522,0.00731369186615069,0.00129558681747498,31.8,0.2,6.6514790697525e-07,1.07309394430615e-07,NA,NA,NA,NA,NA,NA,NA,NA,42.6,12.1597697346619,5
"graph_community",0.7,"Credible support set","credible support summary","coverage=0.95, beta=0.08","full",0.074770456491918,0.00473729309526712,0.176589448061886,0.00218456553656135,0.0557150063997478,0.00232507283925674,0.0120204449577384,9.04645907223323e-05,9.93275577678958,0.533020169297156,25.6,6.74240313241503,8.4665078170794,2.77208278527017,26,7.03562363973514,25,7.03562363973514,0.969368351322164,0.0423177530792614,0.00555056750389631,0.000836179041233246,-0.00454914497621499,0.000670085470638494,0.0120727731445592,0.00270044496148704,31.6,0.6,1.37080180260263e-06,1.86048689452202e-07,NA,NA,NA,NA,NA,NA,NA,NA,25,7.03562363973514,5
"misspecified_grouping",0.7,"Credible support set","credible support summary","coverage=0.95, beta=0.08","full",0.0564699467556624,0.00351503590549376,0.164786012170177,0.00196955018604263,0.0464253811722802,0.000954809519865465,0.0109651874643014,0.000208849223019133,8.37532063215633,0.259306451171953,5.8,0.489897948556636,1.66554365229405,0.199010217909749,5.8,0.489897948556636,4.8,0.489897948556636,0.834328877494145,0.0213378900831377,-0.00130801025345884,0.00159871942837881,0.000816805827624468,0.00104340220189749,0.0070818331704623,0.00073199854889156,31.4,0.92736184954957,9.56502958682215e-07,1.46786871322848e-07,NA,NA,NA,NA,NA,NA,NA,NA,4.8,0.489897948556636,5
"multi_representative",0.7,"Credible support set","credible support summary","coverage=0.95, beta=0.08","full",0.0715342594730786,0.00466339246062874,0.168756621499649,0.0021838421960246,0.0503269732344912,0.00144611713698709,0.0113680583199894,0.000180983902120505,9.39774313950241,0.325999761310703,8.8,0.8,2.87713919389952,0.246980380519323,8.8,0.8,7.8,0.8,0.919533230206286,0.0255622950994556,0.00637621104143681,0.00159763433425629,-0.00424885269040871,0.00108293720427679,0.00849315775958869,0.000401614933861965,31.2,0.489897948556636,1.11246000638054e-06,1.1684063740678e-07,NA,NA,NA,NA,NA,NA,NA,NA,7.8,0.8,5
"noisy_grouping",0.7,"Credible support set","credible support summary","coverage=0.95, beta=0.08","full",0.0530246105389645,0.003723780937697,0.163253564386926,0.00368994821750428,0.0450844420653639,0.00154054648220704,0.0108555425433304,0.000317951117941013,8.16133044551352,0.0756681750658618,6.2,0.374165738677394,1.56210706343334,0.152320779407155,6.2,0.374165738677394,5.2,0.374165738677394,0.815732451515459,0.00878915283647532,-0.00026712021880515,0.000490351885333147,0.000147097881775471,0.000330869164779263,0.0078844620473312,0.000583066444017577,30.6,0.6,1.39943190973213e-06,1.692993394534e-07,NA,NA,NA,NA,NA,NA,NA,NA,5.2,0.374165738677394,5
"one_representative",0.7,"Credible support set","credible support summary","coverage=0.95, beta=0.08","full",0.0506033699539333,0.00146863851720108,0.160855880606672,0.00225446242890969,0.0439368105016288,0.000864463021993333,0.0106585662813725,0.000199764741273389,8.12410639253403,0.0237048494079004,5,0,1.33449548143757,0.0313798225731356,5,0,4,0,0.810496927093594,0.00403395479344876,-0.000157730701725756,0.000238536104912998,3.72817683095494e-05,0.000250702028969182,0.0082232894943941,0.000649906100159192,30,0,1.15393401118879e-06,4.67268313630361e-08,NA,NA,NA,NA,NA,NA,NA,NA,4,0,5
"ordered_interval",0.7,"Credible support set","credible support summary","coverage=0.95, beta=0.08","full",0.0504679695140594,0.00426618031300142,0.162422731114289,0.00454271400267765,0.0454139018697329,0.00208015834086888,0.0106033368955396,0.00035272313501729,7.79331147078747,0.171207074542034,5.4,1.16619037896906,1.80697044542202,0.484275263747685,5.4,1.16619037896906,4.4,1.16619037896906,0.785403901954192,0.0126012470099124,0.00119905880176438,0.00117166399375165,-0.000848676652795311,0.000816308590555111,0.00742544453841558,0.00094204727147191,31.2,0.734846922834953,1.0813821828215e-06,1.63884440111262e-07,NA,NA,NA,NA,NA,NA,NA,NA,4.4,1.16619037896906,5
"weak_signal",0.7,"Credible support set","credible support summary","coverage=0.95, beta=0.08","full",0.0696077206810513,0.00738959725025244,0.177343781594292,0.00235698289252192,0.0513710044573778,0.00208327810724278,0.0107201884864502,0.000189715775516002,4.17826852312611,0.644824409760229,21.6,3.28024389337134,7.2467069070477,1.68963219343031,21.6,3.28024389337134,20.6,3.28024389337134,0.5097448533666,0.052412469823972,0.00965046111162709,0.003081420318855,-0.00488408695547707,0.00146637917294955,0.00836559139393024,0.000835177138599802,31,0.316227766016838,9.00589114904983e-07,1.0950664341209e-07,NA,NA,NA,NA,NA,NA,NA,NA,20.6,3.28024389337134,5
"graph_community",0.9,"Credible support set","credible support summary","coverage=0.95, beta=0.08","full",0.0632697949518176,0.0045866290205993,0.175187813089266,0.00110755736754431,0.0524258451404976,0.000853192412484107,0.0122721015865966,5.92148988508438e-05,10.1237548727795,0.289261768223151,71.6,8.51234397801217,19.5821844057519,3.03062286146185,78.6,10.7591821250502,77.6,10.7591821250502,0.982180370904042,0.0218967783657873,0.00361748123108741,0.00205663477417559,-0.00232731902517127,0.00152319776983307,0.0190044227567538,0.00299166034267899,32.2,0.374165738677394,1.26613005293486e-06,1.0238151585411e-07,NA,NA,NA,NA,NA,NA,NA,NA,77.6,10.7591821250502,5
"misspecified_grouping",0.9,"Credible support set","credible support summary","coverage=0.95, beta=0.08","full",0.0590895397367158,0.00275237547147831,0.170805059431851,0.00145703313542228,0.0483462847959029,0.000824913712788562,0.0114835092685754,0.000104700632551294,8.23596774954994,0.0621289673784225,17.4,3.4,4.23958443512155,1.01992548864459,17.4,3.4,16.4,3.4,0.828339165612897,0.00430827234436553,0.000345334551147979,0.000845974773856931,-0.000650065062523097,0.000817223833860142,0.00849210180602652,0.00146204010033966,31.2,0.489897948556636,9.67007632102225e-07,9.94865462242111e-08,NA,NA,NA,NA,NA,NA,NA,NA,16.4,3.4,5
"multi_representative",0.9,"Credible support set","credible support summary","coverage=0.95, beta=0.08","full",0.0618876391964224,0.00341938053870916,0.168928415361477,0.00183932842034493,0.0478067510996197,0.000843084734802757,0.0113332255488718,0.000164146926086411,8.36095295375327,0.0947473573103824,21.2,5.26687763290548,6.63584564970117,2.07957461123225,21.2,5.26687763290548,20.2,5.26687763290548,0.836127340433947,0.00800691182980586,0.00139249564478363,0.000312725680324794,-0.000996724542432047,0.000262656215021686,0.00818978653916982,0.00118962498330478,30.2,0.489897948556636,1.03417675201278e-06,1.51061450019024e-07,NA,NA,NA,NA,NA,NA,NA,NA,20.2,5.26687763290548,5
"noisy_grouping",0.9,"Credible support set","credible support summary","coverage=0.95, beta=0.08","full",0.0579244275250801,0.00202497822182958,0.167397771240547,0.00191767382410589,0.0469937768551611,0.000714775538453546,0.011366796983866,0.000260578399617005,8.74594113460864,0.468555290785706,17,3.22490309931942,4.71859677979056,0.973395577016155,17,3.22490309931942,16,3.22490309931942,0.865631907017539,0.0379657461947565,-7.8295541966077e-05,0.000383269149669451,2.17854682757144e-05,0.000239129339269748,0.0104493619605728,0.00121149518383753,31,0.447213595499958,1.13726999526609e-06,1.33447593613979e-07,NA,NA,NA,NA,NA,NA,NA,NA,16,3.22490309931942,5
"one_representative",0.9,"Credible support set","credible support summary","coverage=0.95, beta=0.08","full",0.0575048984859459,0.00263404450535342,0.169180579634035,0.00218413455764135,0.0476118577832606,0.00103503671375792,0.011345882731627,0.000178772398902517,8.20532519898473,0.07496492173155,17.6,1.83303027798234,4.25606436975104,0.409019123341669,17.6,1.83303027798234,16.6,1.83303027798234,0.824176508658829,0.0067709290857986,-7.72867353171945e-05,0.000157703147518033,0.000221144414501628,0.000105357761530107,0.0107320809753548,0.00102761792870133,30.6,0.244948974278318,1.23625193848564e-06,1.77394653507278e-07,NA,NA,NA,NA,NA,NA,NA,NA,16.6,1.83303027798234,5
"ordered_interval",0.9,"Credible support set","credible support summary","coverage=0.95, beta=0.08","full",0.0623280276668607,0.0067857776347683,0.17176400905764,0.00332918622120874,0.0505209113311144,0.00282095979357636,0.0111072041203638,0.000280286817234669,7.37446446828904,0.409164663548047,7.2,1.49666295470958,2.6433670104902,0.904413962170309,7.2,1.49666295470958,6.2,1.49666295470958,0.760920866683098,0.0341291335689113,0.00304364683116228,0.00210202642497486,-0.00195058104118724,0.00141790966413637,0.00830074941520582,0.000997300161215973,30.8,0.58309518948453,1.11703011507203e-06,1.91132711578063e-07,NA,NA,NA,NA,NA,NA,NA,NA,6.2,1.49666295470958,5
"weak_signal",0.9,"Credible support set","credible support summary","coverage=0.95, beta=0.08","full",0.0663854914974217,0.0072305172300946,0.178071434247517,0.00255582773978436,0.0526344947100585,0.00264419020582737,0.0111809112450587,0.000219222350535378,5.78737504250465,1.00980069256582,40,9.76217188949262,14.3807596674062,4.90686804361666,43.6,12.1597697346619,42.6,12.1597697346619,0.638655634035036,0.0804499655827722,0.00333846986945083,0.00139282347240095,-0.00278848677679715,0.000645540497488602,0.0151139629871435,0.00252728172409591,31.6,0.509901951359279,1.22554696152522e-06,1.30431119741365e-07,NA,NA,NA,NA,NA,NA,NA,NA,42.6,12.1597697346619,5
"graph_community",0.7,"Group lasso","predictive selection","group lasso, lambda.min","full",NA,NA,NA,NA,NA,NA,NA,NA,4,0,NA,NA,NA,NA,NA,NA,4,0,NA,NA,-0.0376657343875623,0.0176042080726556,-0.000423489800060348,0.0156417183115732,NA,NA,NA,NA,NA,NA,NA,NA,NA,NA,NA,NA,0.0199999999999363,0.00447213595491924,25,7.03562363973514,5
"misspecified_grouping",0.7,"Group lasso","predictive selection","group lasso, lambda.min","full",NA,NA,NA,NA,NA,NA,NA,NA,3.6,0.4,NA,NA,NA,NA,NA,NA,3.6,0.4,NA,NA,0.0543230230582011,0.0170547389103516,-0.0702349801857668,0.0235129848653384,NA,NA,NA,NA,NA,NA,NA,NA,NA,NA,NA,NA,0.0400000000000546,0.00632455532038494,4.8,0.489897948556636,5
"multi_representative",0.7,"Group lasso","predictive selection","group lasso, lambda.min","full",NA,NA,NA,NA,NA,NA,NA,NA,3.8,0.2,NA,NA,NA,NA,NA,NA,3.8,0.2,NA,NA,-0.00693282416879342,0.00854683468421274,-0.0150679802503921,0.00920959180783449,NA,NA,NA,NA,NA,NA,NA,NA,NA,NA,NA,NA,0.0420000000001096,0.00663324958065078,7.8,0.8,5
"noisy_grouping",0.7,"Group lasso","predictive selection","group lasso, lambda.min","full",NA,NA,NA,NA,NA,NA,NA,NA,3.8,0.2,NA,NA,NA,NA,NA,NA,3.8,0.2,NA,NA,0.0824330070119959,0.013296014741429,-0.0757225551501919,0.0210826347704964,NA,NA,NA,NA,NA,NA,NA,NA,NA,NA,NA,NA,0.0539999999999737,0.0120830459736241,5.2,0.374165738677394,5
"one_representative",0.7,"Group lasso","predictive selection","group lasso, lambda.min","full",NA,NA,NA,NA,NA,NA,NA,NA,3.8,0.2,NA,NA,NA,NA,NA,NA,3.8,0.2,NA,NA,0.0854598034687421,0.0367729228971242,-0.0970951768838539,0.0279444718912593,NA,NA,NA,NA,NA,NA,NA,NA,NA,NA,NA,NA,0.0419999999999163,0.00489897948549692,4,0,5
"ordered_interval",0.7,"Group lasso","predictive selection","group lasso, lambda.min","full",NA,NA,NA,NA,NA,NA,NA,NA,4.8,0.860232526704263,NA,NA,NA,NA,NA,NA,4.8,0.860232526704263,NA,NA,-0.00528547415983049,0.0129479814676813,-0.0125501783429238,0.0140195281348233,NA,NA,NA,NA,NA,NA,NA,NA,NA,NA,NA,NA,0.0460000000000491,0.00678232998309898,4.4,1.16619037896906,5
"weak_signal",0.7,"Group lasso","predictive selection","group lasso, lambda.min","full",NA,NA,NA,NA,NA,NA,NA,NA,3.4,0.244948974278318,NA,NA,NA,NA,NA,NA,3.4,0.244948974278318,NA,NA,-0.0135155032314886,0.00855106493653025,-0.00568016992691086,0.00930805724997343,NA,NA,NA,NA,NA,NA,NA,NA,NA,NA,NA,NA,0.0220000000000368,0.00489897948558511,20.6,3.28024389337134,5
"graph_community",0.9,"Group lasso","predictive selection","group lasso, lambda.min","full",NA,NA,NA,NA,NA,NA,NA,NA,4,0,NA,NA,NA,NA,NA,NA,4,0,NA,NA,-0.0117852618300335,0.00869471416926428,-0.0031974495723671,0.0105190525371318,NA,NA,NA,NA,NA,NA,NA,NA,NA,NA,NA,NA,0.0339999999999691,0.00244948974278095,77.6,10.7591821250502,5
"misspecified_grouping",0.9,"Group lasso","predictive selection","group lasso, lambda.min","full",NA,NA,NA,NA,NA,NA,NA,NA,3.6,0.244948974278318,NA,NA,NA,NA,NA,NA,3.6,0.244948974278318,NA,NA,0.0360863497590571,0.0235069926392684,-0.0588353121965017,0.0229430565057877,NA,NA,NA,NA,NA,NA,NA,NA,NA,NA,NA,NA,0.0439999999998235,0.0074833147735745,16.4,3.4,5
"multi_representative",0.9,"Group lasso","predictive selection","group lasso, lambda.min","full",NA,NA,NA,NA,NA,NA,NA,NA,3.8,0.2,NA,NA,NA,NA,NA,NA,3.8,0.2,NA,NA,0.027417418501473,0.0277238348160799,-0.0669044451613958,0.0367889371112708,NA,NA,NA,NA,NA,NA,NA,NA,NA,NA,NA,NA,0.0320000000000846,0.00800000000004246,20.2,5.26687763290548,5
"noisy_grouping",0.9,"Group lasso","predictive selection","group lasso, lambda.min","full",NA,NA,NA,NA,NA,NA,NA,NA,3.8,0.2,NA,NA,NA,NA,NA,NA,3.8,0.2,NA,NA,0.0449687974995011,0.0198694042032868,-0.067639293260758,0.0191983764132754,NA,NA,NA,NA,NA,NA,NA,NA,NA,NA,NA,NA,0.0380000000001473,0.00799999999997566,16,3.22490309931942,5
"one_representative",0.9,"Group lasso","predictive selection","group lasso, lambda.min","full",NA,NA,NA,NA,NA,NA,NA,NA,4,0,NA,NA,NA,NA,NA,NA,4,0,NA,NA,0.0600447646441845,0.0190010038427816,-0.0525588749615224,0.0164527391352947,NA,NA,NA,NA,NA,NA,NA,NA,NA,NA,NA,NA,0.0460000000002537,0.00678232998305373,16.6,1.83303027798234,5
"ordered_interval",0.9,"Group lasso","predictive selection","group lasso, lambda.min","full",NA,NA,NA,NA,NA,NA,NA,NA,5.6,0.979795897113271,NA,NA,NA,NA,NA,NA,5.6,0.979795897113271,NA,NA,0.00864504326517515,0.0161835202650579,-0.0183199317804858,0.0156350803203346,NA,NA,NA,NA,NA,NA,NA,NA,NA,NA,NA,NA,0.0480000000000473,0.00800000000002683,6.2,1.49666295470958,5
"weak_signal",0.9,"Group lasso","predictive selection","group lasso, lambda.min","full",NA,NA,NA,NA,NA,NA,NA,NA,4,0,NA,NA,NA,NA,NA,NA,4,0,NA,NA,0.0232611851140064,0.0223690302327854,-0.0481738695547348,0.0179008809662008,NA,NA,NA,NA,NA,NA,NA,NA,NA,NA,NA,NA,0.0300000000000864,0.0031622776601655,42.6,12.1597697346619,5
"graph_community",0.7,"Dilution-prior BMA","redundancy-aware prior","power=0.25","full",0.0272360717662897,0.00557820488954421,0.00282733730229836,0.000673894180144231,0.00269559233376235,0.00065375243449327,NA,NA,21.6,5.68858506133116,NA,NA,NA,NA,NA,NA,21.6,5.68858506133116,NA,NA,0.00178310798141399,0.000562751031387263,-0.00124681480897459,0.000424176453518066,NA,NA,NA,NA,NA,NA,NA,NA,NA,NA,NA,NA,NA,NA,25,7.03562363973514,5
"misspecified_grouping",0.7,"Dilution-prior BMA","redundancy-aware prior","power=0.25","full",0.0201449504439732,0.00797003563671016,0.00215173759836727,0.000948016519693854,0.00209469577662122,0.000964087324297304,NA,NA,4,0.447213595499958,NA,NA,NA,NA,NA,NA,4,0.447213595499958,NA,NA,-0.00161601851852224,0.00156096248084548,0.00105041363593164,0.00101024760711041,NA,NA,NA,NA,NA,NA,NA,NA,NA,NA,NA,NA,NA,NA,4.8,0.489897948556636,5
"multi_representative",0.7,"Dilution-prior BMA","redundancy-aware prior","power=0.25","full",0.0287934275016788,0.00515418335817749,0.00293274371595436,0.000503260530197236,0.00286637087615829,0.000494246800108646,NA,NA,6.6,0.92736184954957,NA,NA,NA,NA,NA,NA,6.6,0.92736184954957,NA,NA,0.00317816532097415,0.000819538692875064,-0.00217003265204707,0.000537685716523343,NA,NA,NA,NA,NA,NA,NA,NA,NA,NA,NA,NA,NA,NA,7.8,0.8,5
"noisy_grouping",0.7,"Dilution-prior BMA","redundancy-aware prior","power=0.25","full",0.011586978952246,0.0021798380862274,0.00116160344296189,0.00022720438942769,0.00109284605485242,0.000214631835485806,NA,NA,4.4,0.509901951359279,NA,NA,NA,NA,NA,NA,4.4,0.509901951359279,NA,NA,-3.19684005559929e-05,4.07720937032362e-05,3.02956348529727e-05,3.5086695019786e-05,NA,NA,NA,NA,NA,NA,NA,NA,NA,NA,NA,NA,NA,NA,5.2,0.374165738677394,5
"one_representative",0.7,"Dilution-prior BMA","redundancy-aware prior","power=0.25","full",0.0115821820035354,0.00117254288964548,0.00113811693706702,0.000146657150329037,0.00107032987023275,0.000136723833420514,NA,NA,3.4,0.244948974278318,NA,NA,NA,NA,NA,NA,3.4,0.244948974278318,NA,NA,-0.000101404579789311,8.78950509351662e-05,2.70504480336165e-05,7.10395366001982e-05,NA,NA,NA,NA,NA,NA,NA,NA,NA,NA,NA,NA,NA,NA,4,0,5
"ordered_interval",0.7,"Dilution-prior BMA","redundancy-aware prior","power=0.25","full",0.00247686752392176,0.00134467648207929,4.72819544030746e-05,3.0023238992798e-05,4.70152753594803e-05,2.97199982368398e-05,NA,NA,4.2,1.24096736459909,NA,NA,NA,NA,NA,NA,4.2,1.24096736459909,NA,NA,0.000334871092890942,0.000274853406889108,-0.00023098709899978,0.000191258496279279,NA,NA,NA,NA,NA,NA,NA,NA,NA,NA,NA,NA,NA,NA,4.4,1.16619037896906,5
"weak_signal",0.7,"Dilution-prior BMA","redundancy-aware prior","power=0.25","full",0.00371587828105088,0.00113025191350644,0.000388629046502253,0.000143638936710198,0.000362266627986245,0.000133159496636905,NA,NA,19.8,2.93938769133981,NA,NA,NA,NA,NA,NA,19.8,2.93938769133981,NA,NA,0.000232999614175755,6.21502774189165e-05,-0.000119206881930189,2.93077109497225e-05,NA,NA,NA,NA,NA,NA,NA,NA,NA,NA,NA,NA,NA,NA,20.6,3.28024389337134,5
"graph_community",0.9,"Dilution-prior BMA","redundancy-aware prior","power=0.25","full",0.0349652641812137,0.00117743158651526,0.00868375127512309,0.000513111834128842,0.00753888293586244,0.000421585364066323,NA,NA,65.4,10.0179838290946,NA,NA,NA,NA,NA,NA,65.4,10.0179838290946,NA,NA,0.00035596941620919,0.000166417175145956,-0.000282369266986659,9.24515251511343e-05,NA,NA,NA,NA,NA,NA,NA,NA,NA,NA,NA,NA,NA,NA,77.6,10.7591821250502,5
"misspecified_grouping",0.9,"Dilution-prior BMA","redundancy-aware prior","power=0.25","full",0.0390328265773562,0.00842502938646963,0.00998303681021611,0.00262737349371804,0.00868538743140944,0.00229100886521975,NA,NA,13.6,2.31516738055804,NA,NA,NA,NA,NA,NA,13.6,2.31516738055804,NA,NA,-0.0001578226757597,0.000259748812548549,0.000111709049239206,0.000229423518911682,NA,NA,NA,NA,NA,NA,NA,NA,NA,NA,NA,NA,NA,NA,16.4,3.4,5
"multi_representative",0.9,"Dilution-prior BMA","redundancy-aware prior","power=0.25","full",0.0469764739641541,0.00956767549034091,0.0109117123701025,0.00217098873816361,0.00971896854092974,0.00202795533292002,NA,NA,16.8,4.48776113446337,NA,NA,NA,NA,NA,NA,16.8,4.48776113446337,NA,NA,0.00083683495764655,0.000258535092251522,-0.000511430343255093,0.00015469495724337,NA,NA,NA,NA,NA,NA,NA,NA,NA,NA,NA,NA,NA,NA,20.2,5.26687763290548,5
"noisy_grouping",0.9,"Dilution-prior BMA","redundancy-aware prior","power=0.25","full",0.0345476955022924,0.00458229430843248,0.00830831367758555,0.00104178450425475,0.0072646118279986,0.000939961551749499,NA,NA,12.6,2.65706605111728,NA,NA,NA,NA,NA,NA,12.6,2.65706605111728,NA,NA,-0.000165748048850745,0.000149713461304777,0.000156732986743524,0.000131177384696234,NA,NA,NA,NA,NA,NA,NA,NA,NA,NA,NA,NA,NA,NA,16,3.22490309931942,5
"one_representative",0.9,"Dilution-prior BMA","redundancy-aware prior","power=0.25","full",0.0311653756045708,0.00413901371673932,0.00752861369394964,0.000934424664793492,0.00654789835849568,0.00082858585097952,NA,NA,13.6,1.4,NA,NA,NA,NA,NA,NA,13.6,1.4,NA,NA,-0.00012781935398265,8.14980357496669e-05,2.64601523606967e-05,4.04388302842035e-05,NA,NA,NA,NA,NA,NA,NA,NA,NA,NA,NA,NA,NA,NA,16.6,1.83303027798234,5
"ordered_interval",0.9,"Dilution-prior BMA","redundancy-aware prior","power=0.25","full",0.012240216898737,0.00497282420110978,0.0008124894058871,0.000376971447932937,0.000805441723587099,0.000376077002043306,NA,NA,6,1.51657508881031,NA,NA,NA,NA,NA,NA,6,1.51657508881031,NA,NA,0.00138785028130939,0.00103329835407918,-0.000911297434499181,0.000708565554970297,NA,NA,NA,NA,NA,NA,NA,NA,NA,NA,NA,NA,NA,NA,6.2,1.49666295470958,5
"weak_signal",0.9,"Dilution-prior BMA","redundancy-aware prior","power=0.25","full",0.0187798352168423,0.00416425125642331,0.00453891442116878,0.00117905344919819,0.00392901656147004,0.00100578468236693,NA,NA,36.6,9.73447481891037,NA,NA,NA,NA,NA,NA,36.6,9.73447481891037,NA,NA,0.000157759430123239,0.000247916677281143,-9.4086320120468e-05,0.000131074296375545,NA,NA,NA,NA,NA,NA,NA,NA,NA,NA,NA,NA,NA,NA,42.6,12.1597697346619,5
"graph_community",0.7,"DPP-prior BMA","redundancy-aware prior","power=0.5","full",0.051791724263456,0.0109836221291425,0.0108016511103329,0.00261566412317604,0.00982334497894253,0.00245906209790036,NA,NA,19.6,5.2687759489278,NA,NA,NA,NA,NA,NA,19.6,5.2687759489278,NA,NA,0.00346372750326545,0.00111517883002596,-0.00242271674664889,0.000845521011120852,NA,NA,NA,NA,NA,NA,NA,NA,NA,NA,NA,NA,NA,NA,25,7.03562363973514,5
"misspecified_grouping",0.7,"DPP-prior BMA","redundancy-aware prior","power=0.5","full",0.0390369908797522,0.0165113622184849,0.00838442887438632,0.00384796501791856,0.00794934264232002,0.00394425042123051,NA,NA,3.4,0.509901951359279,NA,NA,NA,NA,NA,NA,3.4,0.509901951359279,NA,NA,-0.00314358746882943,0.00304718870236089,0.00203335739869224,0.001963644031308,NA,NA,NA,NA,NA,NA,NA,NA,NA,NA,NA,NA,NA,NA,4.8,0.489897948556636,5
"multi_representative",0.7,"DPP-prior BMA","redundancy-aware prior","power=0.5","full",0.0570270035467762,0.0101785304638632,0.0114774017077517,0.0019761881601887,0.0109930214093767,0.00191108605916837,NA,NA,6.2,1.01980390271856,NA,NA,NA,NA,NA,NA,6.2,1.01980390271856,NA,NA,0.0063347507095822,0.00166239193535542,-0.00433943082666306,0.00109071975076791,NA,NA,NA,NA,NA,NA,NA,NA,NA,NA,NA,NA,NA,NA,7.8,0.8,5
"noisy_grouping",0.7,"DPP-prior BMA","redundancy-aware prior","power=0.5","full",0.0214177033390457,0.00406771645691927,0.00438359996196866,0.00086047142672259,0.00388149117301933,0.000768430074638301,NA,NA,3.8,0.58309518948453,NA,NA,NA,NA,NA,NA,3.8,0.58309518948453,NA,NA,-5.25503707764053e-05,7.60642295455897e-05,5.21129387686336e-05,6.55797654668729e-05,NA,NA,NA,NA,NA,NA,NA,NA,NA,NA,NA,NA,NA,NA,5.2,0.374165738677394,5
"one_representative",0.7,"DPP-prior BMA","redundancy-aware prior","power=0.5","full",0.0214263690676002,0.00214948577015023,0.00429356277093801,0.000548816568189436,0.00379931026548235,0.000477292939340231,NA,NA,3,0,NA,NA,NA,NA,NA,NA,3,0,NA,NA,-0.000186379694421834,0.000162101490803647,4.91565395103422e-05,0.000130938040106359,NA,NA,NA,NA,NA,NA,NA,NA,NA,NA,NA,NA,NA,NA,4,0,5
"ordered_interval",0.7,"DPP-prior BMA","redundancy-aware prior","power=0.5","full",0.0049460577819871,0.0026809218842785,0.000188080952144802,0.000118894982602081,0.000186026449891141,0.000116533993886146,NA,NA,4.2,1.24096736459909,NA,NA,NA,NA,NA,NA,4.2,1.24096736459909,NA,NA,0.000671694234992425,0.000549505720589401,-0.000464052100585421,0.000382984689827856,NA,NA,NA,NA,NA,NA,NA,NA,NA,NA,NA,NA,NA,NA,4.4,1.16619037896906,5
"weak_signal",0.7,"DPP-prior BMA","redundancy-aware prior","power=0.5","full",0.00680402703241677,0.00203477510784161,0.00145454009067004,0.000534886102181054,0.00126504707349642,0.000459848926468892,NA,NA,18.4,2.92574776766556,NA,NA,NA,NA,NA,NA,18.4,2.92574776766556,NA,NA,0.000435053505123095,0.000116834270389154,-0.000222810981151867,5.54765117892592e-05,NA,NA,NA,NA,NA,NA,NA,NA,NA,NA,NA,NA,NA,NA,20.6,3.28024389337134,5
"graph_community",0.9,"DPP-prior BMA","redundancy-aware prior","power=0.5","full",0.058660281229363,0.00180489513711323,0.0305869731052708,0.00172781610263427,0.0230864283555789,0.00115705032428965,NA,NA,54.6,8.58254041645013,NA,NA,NA,NA,NA,NA,54.6,8.58254041645013,NA,NA,0.000620866735839654,0.000295257891252345,-0.000497425297331233,0.000162765670370003,NA,NA,NA,NA,NA,NA,NA,NA,NA,NA,NA,NA,NA,NA,77.6,10.7591821250502,5
"misspecified_grouping",0.9,"DPP-prior BMA","redundancy-aware prior","power=0.5","full",0.0658738036434228,0.0143344667302395,0.0352136870554379,0.0092714003046121,0.0266536293090851,0.00700220060955198,NA,NA,11,2,NA,NA,NA,NA,NA,NA,11,2,NA,NA,-0.000235774766776674,0.00040888799164238,0.000168815446180614,0.000361995117723709,NA,NA,NA,NA,NA,NA,NA,NA,NA,NA,NA,NA,NA,NA,16.4,3.4,5
"multi_representative",0.9,"DPP-prior BMA","redundancy-aware prior","power=0.5","full",0.081588776923754,0.0176678791426124,0.039236053466612,0.00810917301142116,0.0310912727051251,0.00697245403195706,NA,NA,13.4,3.61386219991853,NA,NA,NA,NA,NA,NA,13.4,3.61386219991853,NA,NA,0.00151262585361187,0.000480623727323361,-0.000956624162099427,0.000288521897973845,NA,NA,NA,NA,NA,NA,NA,NA,NA,NA,NA,NA,NA,NA,20.2,5.26687763290548,5
"noisy_grouping",0.9,"DPP-prior BMA","redundancy-aware prior","power=0.5","full",0.0583656118065515,0.00806164886709237,0.0294288011750255,0.00378178304010321,0.0225070932269926,0.00305646273974982,NA,NA,9.6,2.4,NA,NA,NA,NA,NA,NA,9.6,2.4,NA,NA,-0.000267652494616089,0.000252188671178362,0.00025439236667788,0.000216452541329934,NA,NA,NA,NA,NA,NA,NA,NA,NA,NA,NA,NA,NA,NA,16,3.22490309931942,5
"one_representative",0.9,"DPP-prior BMA","redundancy-aware prior","power=0.5","full",0.0525268349266104,0.00739111636239635,0.0265624266975749,0.00335098892871166,0.0201404760411217,0.00265448821307961,NA,NA,11.2,1.39283882771841,NA,NA,NA,NA,NA,NA,11.2,1.39283882771841,NA,NA,-0.000214179953920013,0.000134226492400368,4.34368965255949e-05,6.8810716374644e-05,NA,NA,NA,NA,NA,NA,NA,NA,NA,NA,NA,NA,NA,NA,16.6,1.83303027798234,5
"ordered_interval",0.9,"DPP-prior BMA","redundancy-aware prior","power=0.5","full",0.0242787997622986,0.00994703598938464,0.00322367447724365,0.00150488076303788,0.00317474928358457,0.00150723133613063,NA,NA,6,1.51657508881031,NA,NA,NA,NA,NA,NA,6,1.51657508881031,NA,NA,0.00288222117276722,0.00216421286080075,-0.00188022034166124,0.00147138272703039,NA,NA,NA,NA,NA,NA,NA,NA,NA,NA,NA,NA,NA,NA,6.2,1.49666295470958,5
"weak_signal",0.9,"DPP-prior BMA","redundancy-aware prior","power=0.5","full",0.0313495647350761,0.00682308581490671,0.0159530542613232,0.00409569517206764,0.0119825102081259,0.00298818427776521,NA,NA,30.8,7.74209274033836,NA,NA,NA,NA,NA,NA,30.8,7.74209274033836,NA,NA,0.000294521450385644,0.000424875082414846,-0.000171856360015887,0.000225200318364441,NA,NA,NA,NA,NA,NA,NA,NA,NA,NA,NA,NA,NA,NA,42.6,12.1597697346619,5
"graph_community",0.7,"Dilution-prior BMA","redundancy-aware prior","power=0.5","full",0.051791724263456,0.0109836221291425,0.0108016511103329,0.00261566412317604,0.00982334497894253,0.00245906209790036,NA,NA,19.6,5.2687759489278,NA,NA,NA,NA,NA,NA,19.6,5.2687759489278,NA,NA,0.00346372750326545,0.00111517883002596,-0.00242271674664889,0.000845521011120852,NA,NA,NA,NA,NA,NA,NA,NA,NA,NA,NA,NA,NA,NA,25,7.03562363973514,5
"misspecified_grouping",0.7,"Dilution-prior BMA","redundancy-aware prior","power=0.5","full",0.0390369908797522,0.0165113622184849,0.00838442887438632,0.00384796501791856,0.00794934264232002,0.00394425042123051,NA,NA,3.4,0.509901951359279,NA,NA,NA,NA,NA,NA,3.4,0.509901951359279,NA,NA,-0.00314358746882943,0.00304718870236089,0.00203335739869224,0.001963644031308,NA,NA,NA,NA,NA,NA,NA,NA,NA,NA,NA,NA,NA,NA,4.8,0.489897948556636,5
"multi_representative",0.7,"Dilution-prior BMA","redundancy-aware prior","power=0.5","full",0.0570270035467762,0.0101785304638632,0.0114774017077517,0.0019761881601887,0.0109930214093767,0.00191108605916837,NA,NA,6.2,1.01980390271856,NA,NA,NA,NA,NA,NA,6.2,1.01980390271856,NA,NA,0.0063347507095822,0.00166239193535542,-0.00433943082666306,0.00109071975076791,NA,NA,NA,NA,NA,NA,NA,NA,NA,NA,NA,NA,NA,NA,7.8,0.8,5
"noisy_grouping",0.7,"Dilution-prior BMA","redundancy-aware prior","power=0.5","full",0.0214177033390457,0.00406771645691927,0.00438359996196866,0.00086047142672259,0.00388149117301933,0.000768430074638301,NA,NA,3.8,0.58309518948453,NA,NA,NA,NA,NA,NA,3.8,0.58309518948453,NA,NA,-5.25503707764053e-05,7.60642295455897e-05,5.21129387686336e-05,6.55797654668729e-05,NA,NA,NA,NA,NA,NA,NA,NA,NA,NA,NA,NA,NA,NA,5.2,0.374165738677394,5
"one_representative",0.7,"Dilution-prior BMA","redundancy-aware prior","power=0.5","full",0.0214263690676002,0.00214948577015023,0.00429356277093801,0.000548816568189436,0.00379931026548235,0.000477292939340231,NA,NA,3,0,NA,NA,NA,NA,NA,NA,3,0,NA,NA,-0.000186379694421834,0.000162101490803647,4.91565395103422e-05,0.000130938040106359,NA,NA,NA,NA,NA,NA,NA,NA,NA,NA,NA,NA,NA,NA,4,0,5
"ordered_interval",0.7,"Dilution-prior BMA","redundancy-aware prior","power=0.5","full",0.0049460577819871,0.0026809218842785,0.000188080952144802,0.000118894982602081,0.000186026449891141,0.000116533993886146,NA,NA,4.2,1.24096736459909,NA,NA,NA,NA,NA,NA,4.2,1.24096736459909,NA,NA,0.000671694234992425,0.000549505720589401,-0.000464052100585421,0.000382984689827856,NA,NA,NA,NA,NA,NA,NA,NA,NA,NA,NA,NA,NA,NA,4.4,1.16619037896906,5
"weak_signal",0.7,"Dilution-prior BMA","redundancy-aware prior","power=0.5","full",0.00680402703241677,0.00203477510784161,0.00145454009067004,0.000534886102181054,0.00126504707349642,0.000459848926468892,NA,NA,18.4,2.92574776766556,NA,NA,NA,NA,NA,NA,18.4,2.92574776766556,NA,NA,0.000435053505123095,0.000116834270389154,-0.000222810981151867,5.54765117892592e-05,NA,NA,NA,NA,NA,NA,NA,NA,NA,NA,NA,NA,NA,NA,20.6,3.28024389337134,5
"graph_community",0.9,"Dilution-prior BMA","redundancy-aware prior","power=0.5","full",0.058660281229363,0.00180489513711323,0.0305869731052708,0.00172781610263427,0.0230864283555789,0.00115705032428965,NA,NA,54.6,8.58254041645013,NA,NA,NA,NA,NA,NA,54.6,8.58254041645013,NA,NA,0.000620866735839654,0.000295257891252345,-0.000497425297331233,0.000162765670370003,NA,NA,NA,NA,NA,NA,NA,NA,NA,NA,NA,NA,NA,NA,77.6,10.7591821250502,5
"misspecified_grouping",0.9,"Dilution-prior BMA","redundancy-aware prior","power=0.5","full",0.0658738036434228,0.0143344667302395,0.0352136870554379,0.0092714003046121,0.0266536293090851,0.00700220060955198,NA,NA,11,2,NA,NA,NA,NA,NA,NA,11,2,NA,NA,-0.000235774766776674,0.00040888799164238,0.000168815446180614,0.000361995117723709,NA,NA,NA,NA,NA,NA,NA,NA,NA,NA,NA,NA,NA,NA,16.4,3.4,5
"multi_representative",0.9,"Dilution-prior BMA","redundancy-aware prior","power=0.5","full",0.081588776923754,0.0176678791426124,0.039236053466612,0.00810917301142116,0.0310912727051251,0.00697245403195706,NA,NA,13.4,3.61386219991853,NA,NA,NA,NA,NA,NA,13.4,3.61386219991853,NA,NA,0.00151262585361187,0.000480623727323361,-0.000956624162099427,0.000288521897973845,NA,NA,NA,NA,NA,NA,NA,NA,NA,NA,NA,NA,NA,NA,20.2,5.26687763290548,5
"noisy_grouping",0.9,"Dilution-prior BMA","redundancy-aware prior","power=0.5","full",0.0583656118065515,0.00806164886709237,0.0294288011750255,0.00378178304010321,0.0225070932269926,0.00305646273974982,NA,NA,9.6,2.4,NA,NA,NA,NA,NA,NA,9.6,2.4,NA,NA,-0.000267652494616089,0.000252188671178362,0.00025439236667788,0.000216452541329934,NA,NA,NA,NA,NA,NA,NA,NA,NA,NA,NA,NA,NA,NA,16,3.22490309931942,5
"one_representative",0.9,"Dilution-prior BMA","redundancy-aware prior","power=0.5","full",0.0525268349266104,0.00739111636239635,0.0265624266975749,0.00335098892871166,0.0201404760411217,0.00265448821307961,NA,NA,11.2,1.39283882771841,NA,NA,NA,NA,NA,NA,11.2,1.39283882771841,NA,NA,-0.000214179953920013,0.000134226492400368,4.34368965255949e-05,6.8810716374644e-05,NA,NA,NA,NA,NA,NA,NA,NA,NA,NA,NA,NA,NA,NA,16.6,1.83303027798234,5
"ordered_interval",0.9,"Dilution-prior BMA","redundancy-aware prior","power=0.5","full",0.0242787997622986,0.00994703598938464,0.00322367447724365,0.00150488076303788,0.00317474928358457,0.00150723133613063,NA,NA,6,1.51657508881031,NA,NA,NA,NA,NA,NA,6,1.51657508881031,NA,NA,0.00288222117276722,0.00216421286080075,-0.00188022034166124,0.00147138272703039,NA,NA,NA,NA,NA,NA,NA,NA,NA,NA,NA,NA,NA,NA,6.2,1.49666295470958,5
"weak_signal",0.9,"Dilution-prior BMA","redundancy-aware prior","power=0.5","full",0.0313495647350761,0.00682308581490671,0.0159530542613232,0.00409569517206764,0.0119825102081259,0.00298818427776521,NA,NA,30.8,7.74209274033836,NA,NA,NA,NA,NA,NA,30.8,7.74209274033836,NA,NA,0.000294521450385644,0.000424875082414846,-0.000171856360015887,0.000225200318364441,NA,NA,NA,NA,NA,NA,NA,NA,NA,NA,NA,NA,NA,NA,42.6,12.1597697346619,5
"graph_community",0.7,"DPP-prior BMA","redundancy-aware prior","power=1","full",0.0934997196196876,0.0209351639048751,0.0395592628230429,0.00984467523749186,0.0327604575106301,0.00864720468749176,NA,NA,15.6,4.28485705712571,NA,NA,NA,NA,NA,NA,15.6,4.28485705712571,NA,NA,0.00650353134445245,0.0021485177793736,-0.00455012624119484,0.00164611197946189,NA,NA,NA,NA,NA,NA,NA,NA,NA,NA,NA,NA,NA,NA,25,7.03562363973514,5
"misspecified_grouping",0.7,"DPP-prior BMA","redundancy-aware prior","power=1","full",0.0730195954820642,0.0342000001207678,0.0318509461359534,0.0156401336566784,0.0285574008898145,0.015877957964333,NA,NA,2.8,0.58309518948453,NA,NA,NA,NA,NA,NA,2.8,0.58309518948453,NA,NA,-0.00580982547302691,0.00566022984104414,0.00374019990715997,0.00363364888554246,NA,NA,NA,NA,NA,NA,NA,NA,NA,NA,NA,NA,NA,NA,4.8,0.489897948556636,5
"multi_representative",0.7,"DPP-prior BMA","redundancy-aware prior","power=1","full",0.111621345849445,0.0196791854783033,0.0441311528397924,0.0076207157743602,0.0408649370817457,0.00716713803557769,NA,NA,5,0.836660026534075,NA,NA,NA,NA,NA,NA,5,0.836660026534075,NA,NA,0.0125047031697518,0.00338888405066165,-0.00862669473299742,0.00222416793496229,NA,NA,NA,NA,NA,NA,NA,NA,NA,NA,NA,NA,NA,NA,7.8,0.8,5
"noisy_grouping",0.7,"DPP-prior BMA","redundancy-aware prior","power=1","full",0.0368043934766166,0.00709286953234744,0.0156942680948223,0.00310052140945728,0.0123266456438371,0.00247845110311971,NA,NA,3,0.707106781186548,NA,NA,NA,NA,NA,NA,3,0.707106781186548,NA,NA,-6.9133027959811e-05,0.000135272307459244,7.67380637781033e-05,0.000116444301991415,NA,NA,NA,NA,NA,NA,NA,NA,NA,NA,NA,NA,NA,NA,5.2,0.374165738677394,5
"one_representative",0.7,"DPP-prior BMA","redundancy-aware prior","power=1","full",0.0369022644059816,0.00363995351497096,0.0153654771742632,0.00193511514925422,0.0120599749957484,0.00146841471691977,NA,NA,2,0.316227766016838,NA,NA,NA,NA,NA,NA,2,0.316227766016838,NA,NA,-0.00031838973011169,0.000278310706648324,8.29156273433718e-05,0.00022433044282265,NA,NA,NA,NA,NA,NA,NA,NA,NA,NA,NA,NA,NA,NA,4,0,5
"ordered_interval",0.7,"DPP-prior BMA","redundancy-aware prior","power=1","full",0.00986209868412835,0.00532777844475133,0.000744408750144496,0.000466360781329658,0.00072917063208895,0.000448448076757332,NA,NA,4,1.04880884817015,NA,NA,NA,NA,NA,NA,4,1.04880884817015,NA,NA,0.00135097176249008,0.00109769090676727,-0.000936303146781814,0.000767490572837528,NA,NA,NA,NA,NA,NA,NA,NA,NA,NA,NA,NA,NA,NA,4.4,1.16619037896906,5
"weak_signal",0.7,"DPP-prior BMA","redundancy-aware prior","power=1","full",0.0115345207574174,0.00333466336831736,0.00513345939948858,0.00186949865952162,0.00389829155529345,0.00138460566073299,NA,NA,17.2,2.81780056072107,NA,NA,NA,NA,NA,NA,17.2,2.81780056072107,NA,NA,0.000769258229732416,0.000210048855792599,-0.000394755482224962,0.000101131669399799,NA,NA,NA,NA,NA,NA,NA,NA,NA,NA,NA,NA,NA,NA,20.6,3.28024389337134,5
"graph_community",0.9,"DPP-prior BMA","redundancy-aware prior","power=1","full",0.0852082776585461,0.00230471914883635,0.097379156572385,0.00508674697243908,0.0560570117485086,0.00224626632433024,NA,NA,38.6,6.24179461373089,NA,NA,NA,NA,NA,NA,38.6,6.24179461373089,NA,NA,0.000989130051854791,0.000486667341659228,-0.000806880985319936,0.000264747081150451,NA,NA,NA,NA,NA,NA,NA,NA,NA,NA,NA,NA,NA,NA,77.6,10.7591821250502,5
"misspecified_grouping",0.9,"DPP-prior BMA","redundancy-aware prior","power=1","full",0.0963063392866654,0.0208864029511739,0.112248969757256,0.0294165365381789,0.0647549103062135,0.016601734324207,NA,NA,7.4,1.20830459735946,NA,NA,NA,NA,NA,NA,7.4,1.20830459735946,NA,NA,-0.00029695532410976,0.000545308006627192,0.000219386806964916,0.000482461717442932,NA,NA,NA,NA,NA,NA,NA,NA,NA,NA,NA,NA,NA,NA,16.4,3.4,5
"multi_representative",0.9,"DPP-prior BMA","redundancy-aware prior","power=1","full",0.124413859882177,0.029044414963352,0.128890028300111,0.0280751615146797,0.080816046425934,0.019930016430655,NA,NA,9.6,2.7495454169735,NA,NA,NA,NA,NA,NA,9.6,2.7495454169735,NA,NA,0.00243746817239008,0.00081569773925466,-0.00160997922088106,0.000520583157221175,NA,NA,NA,NA,NA,NA,NA,NA,NA,NA,NA,NA,NA,NA,20.2,5.26687763290548,5
"noisy_grouping",0.9,"DPP-prior BMA","redundancy-aware prior","power=1","full",0.0855793475482858,0.0124410934924957,0.0944512984211091,0.0125612772639932,0.0555759417989368,0.00807260843773626,NA,NA,6.8,1.82756668824971,NA,NA,NA,NA,NA,NA,6.8,1.82756668824971,NA,NA,-0.000369960181124007,0.000370318801009784,0.000354889991274066,0.00030917185952432,NA,NA,NA,NA,NA,NA,NA,NA,NA,NA,NA,NA,NA,NA,16,3.22490309931942,5
"one_representative",0.9,"DPP-prior BMA","redundancy-aware prior","power=1","full",0.0769705913111728,0.0117907108300848,0.0848564313984885,0.0110320592257759,0.0494046581498346,0.00708367444690654,NA,NA,7.2,1.39283882771841,NA,NA,NA,NA,NA,NA,7.2,1.39283882771841,NA,NA,-0.000316620774378862,0.000191953168004964,6.46360881141116e-05,0.000104558814485283,NA,NA,NA,NA,NA,NA,NA,NA,NA,NA,NA,NA,NA,NA,16.6,1.83303027798234,5
"ordered_interval",0.9,"DPP-prior BMA","redundancy-aware prior","power=1","full",0.0477711938732762,0.0199197129368788,0.0127241969993849,0.00603343912634363,0.012428665928434,0.00616031105426878,NA,NA,5.8,1.31909059582729,NA,NA,NA,NA,NA,NA,5.8,1.31909059582729,NA,NA,0.00620887940368174,0.00472802801110621,-0.00399957071266694,0.00316026276661499,NA,NA,NA,NA,NA,NA,NA,NA,NA,NA,NA,NA,NA,NA,6.2,1.49666295470958,5
"weak_signal",0.9,"DPP-prior BMA","redundancy-aware prior","power=1","full",0.045460772793413,0.00946592365234763,0.0506474237533847,0.0127616142247082,0.028939604805078,0.00689055411382374,NA,NA,24.4,5.61782876207526,NA,NA,NA,NA,NA,NA,24.4,5.61782876207526,NA,NA,0.00051695148566715,0.000656462469316097,-0.000292649245129972,0.000348974754067947,NA,NA,NA,NA,NA,NA,NA,NA,NA,NA,NA,NA,NA,NA,42.6,12.1597697346619,5
"graph_community",0.7,"Dilution-prior BMA","redundancy-aware prior","power=1","full",0.0934997196196876,0.0209351639048751,0.0395592628230429,0.00984467523749186,0.0327604575106301,0.00864720468749176,NA,NA,15.6,4.28485705712571,NA,NA,NA,NA,NA,NA,15.6,4.28485705712571,NA,NA,0.00650353134445245,0.0021485177793736,-0.00455012624119484,0.00164611197946189,NA,NA,NA,NA,NA,NA,NA,NA,NA,NA,NA,NA,NA,NA,25,7.03562363973514,5
"misspecified_grouping",0.7,"Dilution-prior BMA","redundancy-aware prior","power=1","full",0.0730195954820642,0.0342000001207678,0.0318509461359534,0.0156401336566784,0.0285574008898145,0.015877957964333,NA,NA,2.8,0.58309518948453,NA,NA,NA,NA,NA,NA,2.8,0.58309518948453,NA,NA,-0.00580982547302691,0.00566022984104414,0.00374019990715997,0.00363364888554246,NA,NA,NA,NA,NA,NA,NA,NA,NA,NA,NA,NA,NA,NA,4.8,0.489897948556636,5
"multi_representative",0.7,"Dilution-prior BMA","redundancy-aware prior","power=1","full",0.111621345849445,0.0196791854783033,0.0441311528397924,0.0076207157743602,0.0408649370817457,0.00716713803557769,NA,NA,5,0.836660026534075,NA,NA,NA,NA,NA,NA,5,0.836660026534075,NA,NA,0.0125047031697518,0.00338888405066165,-0.00862669473299742,0.00222416793496229,NA,NA,NA,NA,NA,NA,NA,NA,NA,NA,NA,NA,NA,NA,7.8,0.8,5
"noisy_grouping",0.7,"Dilution-prior BMA","redundancy-aware prior","power=1","full",0.0368043934766166,0.00709286953234744,0.0156942680948223,0.00310052140945728,0.0123266456438371,0.00247845110311971,NA,NA,3,0.707106781186548,NA,NA,NA,NA,NA,NA,3,0.707106781186548,NA,NA,-6.9133027959811e-05,0.000135272307459244,7.67380637781033e-05,0.000116444301991415,NA,NA,NA,NA,NA,NA,NA,NA,NA,NA,NA,NA,NA,NA,5.2,0.374165738677394,5
"one_representative",0.7,"Dilution-prior BMA","redundancy-aware prior","power=1","full",0.0369022644059816,0.00363995351497096,0.0153654771742632,0.00193511514925422,0.0120599749957484,0.00146841471691977,NA,NA,2,0.316227766016838,NA,NA,NA,NA,NA,NA,2,0.316227766016838,NA,NA,-0.00031838973011169,0.000278310706648324,8.29156273433718e-05,0.00022433044282265,NA,NA,NA,NA,NA,NA,NA,NA,NA,NA,NA,NA,NA,NA,4,0,5
"ordered_interval",0.7,"Dilution-prior BMA","redundancy-aware prior","power=1","full",0.00986209868412835,0.00532777844475133,0.000744408750144496,0.000466360781329658,0.00072917063208895,0.000448448076757332,NA,NA,4,1.04880884817015,NA,NA,NA,NA,NA,NA,4,1.04880884817015,NA,NA,0.00135097176249008,0.00109769090676727,-0.000936303146781814,0.000767490572837528,NA,NA,NA,NA,NA,NA,NA,NA,NA,NA,NA,NA,NA,NA,4.4,1.16619037896906,5
"weak_signal",0.7,"Dilution-prior BMA","redundancy-aware prior","power=1","full",0.0115345207574174,0.00333466336831736,0.00513345939948858,0.00186949865952162,0.00389829155529345,0.00138460566073299,NA,NA,17.2,2.81780056072107,NA,NA,NA,NA,NA,NA,17.2,2.81780056072107,NA,NA,0.000769258229732416,0.000210048855792599,-0.000394755482224962,0.000101131669399799,NA,NA,NA,NA,NA,NA,NA,NA,NA,NA,NA,NA,NA,NA,20.6,3.28024389337134,5
"graph_community",0.9,"Dilution-prior BMA","redundancy-aware prior","power=1","full",0.0852082776585461,0.00230471914883635,0.097379156572385,0.00508674697243908,0.0560570117485086,0.00224626632433024,NA,NA,38.6,6.24179461373089,NA,NA,NA,NA,NA,NA,38.6,6.24179461373089,NA,NA,0.000989130051854791,0.000486667341659228,-0.000806880985319936,0.000264747081150451,NA,NA,NA,NA,NA,NA,NA,NA,NA,NA,NA,NA,NA,NA,77.6,10.7591821250502,5
"misspecified_grouping",0.9,"Dilution-prior BMA","redundancy-aware prior","power=1","full",0.0963063392866654,0.0208864029511739,0.112248969757256,0.0294165365381789,0.0647549103062135,0.016601734324207,NA,NA,7.4,1.20830459735946,NA,NA,NA,NA,NA,NA,7.4,1.20830459735946,NA,NA,-0.00029695532410976,0.000545308006627192,0.000219386806964916,0.000482461717442932,NA,NA,NA,NA,NA,NA,NA,NA,NA,NA,NA,NA,NA,NA,16.4,3.4,5
"multi_representative",0.9,"Dilution-prior BMA","redundancy-aware prior","power=1","full",0.124413859882177,0.029044414963352,0.128890028300111,0.0280751615146797,0.080816046425934,0.019930016430655,NA,NA,9.6,2.7495454169735,NA,NA,NA,NA,NA,NA,9.6,2.7495454169735,NA,NA,0.00243746817239008,0.00081569773925466,-0.00160997922088106,0.000520583157221175,NA,NA,NA,NA,NA,NA,NA,NA,NA,NA,NA,NA,NA,NA,20.2,5.26687763290548,5
"noisy_grouping",0.9,"Dilution-prior BMA","redundancy-aware prior","power=1","full",0.0855793475482858,0.0124410934924957,0.0944512984211091,0.0125612772639932,0.0555759417989368,0.00807260843773626,NA,NA,6.8,1.82756668824971,NA,NA,NA,NA,NA,NA,6.8,1.82756668824971,NA,NA,-0.000369960181124007,0.000370318801009784,0.000354889991274066,0.00030917185952432,NA,NA,NA,NA,NA,NA,NA,NA,NA,NA,NA,NA,NA,NA,16,3.22490309931942,5
"one_representative",0.9,"Dilution-prior BMA","redundancy-aware prior","power=1","full",0.0769705913111728,0.0117907108300848,0.0848564313984885,0.0110320592257759,0.0494046581498346,0.00708367444690654,NA,NA,7.2,1.39283882771841,NA,NA,NA,NA,NA,NA,7.2,1.39283882771841,NA,NA,-0.000316620774378862,0.000191953168004964,6.46360881141116e-05,0.000104558814485283,NA,NA,NA,NA,NA,NA,NA,NA,NA,NA,NA,NA,NA,NA,16.6,1.83303027798234,5
"ordered_interval",0.9,"Dilution-prior BMA","redundancy-aware prior","power=1","full",0.0477711938732762,0.0199197129368788,0.0127241969993849,0.00603343912634363,0.012428665928434,0.00616031105426878,NA,NA,5.8,1.31909059582729,NA,NA,NA,NA,NA,NA,5.8,1.31909059582729,NA,NA,0.00620887940368174,0.00472802801110621,-0.00399957071266694,0.00316026276661499,NA,NA,NA,NA,NA,NA,NA,NA,NA,NA,NA,NA,NA,NA,6.2,1.49666295470958,5
"weak_signal",0.9,"Dilution-prior BMA","redundancy-aware prior","power=1","full",0.045460772793413,0.00946592365234763,0.0506474237533847,0.0127616142247082,0.028939604805078,0.00689055411382374,NA,NA,24.4,5.61782876207526,NA,NA,NA,NA,NA,NA,24.4,5.61782876207526,NA,NA,0.00051695148566715,0.000656462469316097,-0.000292649245129972,0.000348974754067947,NA,NA,NA,NA,NA,NA,NA,NA,NA,NA,NA,NA,NA,NA,42.6,12.1597697346619,5
