"scenario","rho","method","method_family","tuning","mode","p","reference_mode","tv_mean","tv_se","fkl_mean","fkl_se","rkl_mean","rkl_se","q0_mean","q0_se","expected_code_mean","expected_code_se","active_kernels_001_mean","active_kernels_001_se","q_effective_kernels_mean","q_effective_kernels_se","n_kernels_mean","n_kernels_se","stored_atoms_mean","stored_atoms_se","objective_mean","objective_se","rmse_gap_mean","rmse_gap_se","logscore_gap_mean","logscore_gap_se","kkt_residual_mean","kkt_residual_se","runtime_sec_reference_mean","runtime_sec_reference_se","optimizer_iterations_mean","optimizer_iterations_se","objective_change_mean","objective_change_se","raw_candidates_mean","raw_candidates_se","key_deduped_candidates_mean","key_deduped_candidates_se","near_deduped_candidates_mean","near_deduped_candidates_se","reference_support_n95_mean","reference_support_n95_se","unique_supports_mean","unique_supports_se","ess_min_mean","ess_min_se","split_rhat_max_mean","split_rhat_max_se","n_replications"
"graph_community",0.7,"Top-M support atoms","atom truncation","M=24, beta=0.005","full",100,"mcmc_empirical_visited_supports",0.353083686521393,0.0377526314915131,0.682226857765774,0.0494779238188958,0.363874242504288,0.0465509896845347,0.0821880319625519,0.0092599230747793,104.709748476385,8.18334956588991,25,0,12.4826631472693,2.2067721055182,25,0,24,0,1.20328026872209,0.0871633071052504,0.0089717877360435,0.00365923529397911,-0.0119663493695291,0.00675937843350225,0.00551181698771116,0.000329077071971549,24.9,2.55571907689404,36,0.577350269189626,1.28593284724291e-06,1.49032494069978e-07,NA,NA,NA,NA,NA,NA,826,207.588535328905,1566.33333333333,265.538655901128,197.176687569914,12.1930674443513,1.05439923462968,0.00731701808888028,3
"multi_representative",0.7,"Top-M support atoms","atom truncation","M=24, beta=0.005","full",100,"mcmc_empirical_visited_supports",0.336577381537086,0.0291859376956582,0.662412493107631,0.0390110959046542,0.342707856272416,0.0341797608366534,0.0775891937859648,0.00697471508434548,96.42310942553,4.66067765515676,25,0,9.20266728626468,0.093013837672609,25,0,24,0,1.14230864841992,0.0622203482030569,0.013330582437328,0.00413158191809808,-0.00980156433517788,0.00378288758577128,0.00517010723776697,0.000460426915444713,19.7266666666668,3.01450567165581,36,0.577350269189626,1.2878489143997e-06,9.560380735385e-08,NA,NA,NA,NA,NA,NA,743.666666666667,127.63271959459,1466,174.596678089819,167.362938128627,5.24002470015892,1.04318834753332,0.0133062875231701,3
"noisy_grouping",0.7,"Top-M support atoms","atom truncation","M=24, beta=0.005","full",100,"mcmc_empirical_visited_supports",0.195970895759351,0.0065997374251347,0.464587401112402,0.0104488264690248,0.190194277306506,0.00658008802158625,0.0441104005183679,0.00151495754432847,63.4712957445441,1.43203241917745,25,0,3.24755687892068,0.219490069909968,25,0,24,0,0.780770683748736,0.0175396577718289,0.000115044407498507,7.15000518598352e-05,-0.000243826679081849,3.64168247795639e-05,0.00438399503836147,0.000524488411947178,17.3700000000001,2.95523828706483,34,0,9.51546640037826e-07,1.10963802208183e-07,NA,NA,NA,NA,NA,NA,208.666666666667,71.3496865990158,801,105.659831534978,144.055369809969,4.60702838515577,1.07714776273292,0.0205432858933001,3
"one_representative",0.7,"Top-M support atoms","atom truncation","M=24, beta=0.005","full",100,"mcmc_empirical_visited_supports",0.201485723338566,0.00931790894192901,0.472813118723807,0.0144890736686012,0.195778826978833,0.00933947254395889,0.0454671424412248,0.00217261980670525,66.3864062784652,2.66508055641459,25,0,6.63681908859337,1.73893290534819,25,0,24,0,0.8029228940871,0.0273670589276824,-0.000332846183631757,0.000481954226841444,0.000204180714766948,0.000524547637765895,0.00739727532980269,0.000490276692831463,16.4466666666666,2.25395454947768,33.3333333333333,0.333333333333333,1.59298897750571e-06,1.62699096801585e-07,NA,NA,NA,NA,NA,NA,241,57.8878225536252,713,98.1138794123101,179.502766932497,12.4652144575849,1.03786629487523,0.00939074249888425,3
"ordered_interval",0.7,"Top-M support atoms","atom truncation","M=24, beta=0.005","full",100,"mcmc_empirical_visited_supports",0.211448645631035,0.0110566413158941,0.488416896901473,0.0165154445310273,0.206001764682656,0.011111996580769,0.04771542632368,0.00262906436674524,67.3679155385019,3.7261964651035,25,0,6.23528941607329,0.132878444521864,25,0,24,0,0.823426705149207,0.0351660831897648,0.000179463979533686,0.000335134047780847,-0.000572557499960215,0.000769467222609367,0.00734200812918399,0.000336586799848921,17.6433333333332,1.73845077903026,34,0,1.37267155253529e-06,2.63449058730183e-07,NA,NA,NA,NA,NA,NA,303.333333333333,25.7509438877706,950.666666666667,40.3085323198176,153.554758377494,13.0201355010066,1.06729443616689,0.018634911986936,3
"weak_signal",0.7,"Top-M support atoms","atom truncation","M=24, beta=0.005","full",100,"mcmc_empirical_visited_supports",0.361308528955938,0.0213549158585615,0.698791247741133,0.0277872468960557,0.37266938904186,0.0260844120363238,0.082638766706259,0.00526445588407743,91.059828362906,5.42567089425761,25,0,12.4889224770664,1.53446220833789,25,0,24,0,1.15158227492703,0.0541724447221554,0.0133638641223168,0.00240363445160077,-0.00771937690721325,0.000669966771268344,0.00742748454971644,0.000816053458247269,17.7233333333333,2.40933139642051,35.6666666666667,0.333333333333333,1.87097583722225e-06,1.62377148103638e-07,NA,NA,NA,NA,NA,NA,1095.66666666667,171.474325904622,1962,201.390996157557,175.128525540345,19.2315194837855,1.04238754138431,0.00772700706600646,3
"graph_community",0.9,"Top-M support atoms","atom truncation","M=24, beta=0.005","full",100,"mcmc_empirical_visited_supports",0.381871867411859,0.0178734404877228,0.722645057854553,0.023058829380609,0.397455360635172,0.0226190992806172,0.0884366479525016,0.00443520232745511,103.051229838113,3.7152501379967,25,0,11.8925594348726,0.921143971810883,25,0,24,0,1.23543116642611,0.0415886857661794,0.00659937802400612,0.00237825320571021,-0.00457734627356099,0.00126427093065293,0.00683892418939752,0.000586770581701243,26.0766666666667,2.41925838039493,36.6666666666667,0.333333333333333,1.73702532846321e-06,1.26721420420044e-07,NA,NA,NA,NA,NA,NA,1228.33333333333,163.269034963087,2100.66666666667,189.320128647514,174.926332540067,7.44876871028743,1.03111151739593,0.00748628577765558,3
"multi_representative",0.9,"Top-M support atoms","atom truncation","M=24, beta=0.005","full",100,"mcmc_empirical_visited_supports",0.326517254987005,0.100631998966071,0.642280905346143,0.135067281754261,0.353448755345213,0.131185741858508,0.0765026319767931,0.0253477338416513,93.0789619325733,23.2453851040184,25,0,7.87101284928749,2.79563415350064,25,0,24,0,1.10572637804214,0.250862222924986,0.00196525283445936,0.00185522724410224,-0.00390504093198657,0.00382353482328846,0.00680616420818806,0.000504307733658665,24.1433333333332,4.8260416261961,36.3333333333333,2.40370085030933,1.80874534697987e-06,3.01671753880946e-07,NA,NA,NA,NA,NA,NA,930.666666666667,611.948890385827,1618.66666666667,728.526442744378,181.983261133479,21.3655131037402,1.06475403616032,0.0134285413473858,3
"noisy_grouping",0.9,"Top-M support atoms","atom truncation","M=24, beta=0.005","full",100,"mcmc_empirical_visited_supports",0.26634795289024,0.0253705088004618,0.567963834361352,0.0352814300379285,0.263482169444823,0.027520246154233,0.0605069956419729,0.00597184259379769,78.4107687535974,5.02582741543814,25,0,6.10176641949138,1.47827050425332,25,0,24,0,0.958266614903562,0.0601056269088312,0.00159417793638054,0.0016725682708348,-0.000980080821857484,0.00091569222175564,0.00501598781519293,0.00052370850767507,20.4099999999998,0.442417600614203,35.3333333333333,0.333333333333333,1.00453311235871e-06,5.54918176293529e-08,NA,NA,NA,NA,NA,NA,464,106.616133863501,1143.66666666667,153.836854419797,159.331219672953,11.3340580119535,1.05864819177561,0.016001014343833,3
"one_representative",0.9,"Top-M support atoms","atom truncation","M=24, beta=0.005","full",100,"mcmc_empirical_visited_supports",0.37707583025701,0.0663664467692062,0.713637041213795,0.0875620753388263,0.400939802397787,0.081789822233989,0.0878954251783916,0.0164070244291781,102.403727129787,14.9261207951652,25,0,11.9251391445847,1.33428719898301,25,0,24,0,1.22318890141989,0.162098820322671,0.00286732228405665,0.00701850296163793,-0.00364540484439014,0.00744379734342376,0.00637519907637139,0.000475830045714371,23.1399999999999,2.40676130931168,37,1.15470053837925,1.66653349568483e-06,3.76611850462611e-07,NA,NA,NA,NA,NA,NA,1208.66666666667,335.311960882864,2049,391.415806187401,183.100358803901,5.85759750047794,1.04082959135079,0.0110439089053601,3
"ordered_interval",0.9,"Top-M support atoms","atom truncation","M=24, beta=0.005","full",100,"mcmc_empirical_visited_supports",0.269776729071507,0.0232222967721676,0.573553683499755,0.0320649267799201,0.267194751781584,0.0251983747104586,0.0611694805335576,0.00552615556827411,76.9991030259042,5.56500600273907,25,0,6.63023314232543,1.28498423198213,25,0,24,0,0.956692039361894,0.0597008712834187,-2.17650152044933e-05,0.00173283111021364,-0.000303748064209039,0.00151808369129454,0.00542957048927125,0.000480064573110317,17.3033333333332,2.00449772040541,35,0,1.21577105471893e-06,3.42742376888828e-07,NA,NA,NA,NA,NA,NA,491.666666666667,126.741644475857,1284.33333333333,158.431197825569,172.310428393406,9.61116793549622,1.05088349986881,0.00987830678750446,3
"weak_signal",0.9,"Top-M support atoms","atom truncation","M=24, beta=0.005","full",100,"mcmc_empirical_visited_supports",0.626186002915002,0.0342033049617655,1.0678775956836,0.056839369268903,0.907246065475042,0.124282476685283,0.156605942989337,0.0118122395287245,154.39117003558,12.0264760727452,25,0,19.3846127238779,0.541369545423337,25,0,24,0,1.83686974481843,0.116940191485866,0.0447351801612028,0.00908241079626328,-0.0252121451883836,0.00464341614707101,0.00749248803256669,0.000704975526101851,28.3833333333332,2.64628250780432,47.3333333333333,2.60341655863555,2.38999533349234e-06,2.02123113709546e-07,NA,NA,NA,NA,NA,NA,4113.33333333333,425.967265304637,5013.33333333333,425.967265304637,180.036777979975,2.61447224398121,1.04990341219829,0.00400516098619526,3
"graph_community",0.7,"Top-M support atoms","atom truncation","M=24, beta=0.02","full",100,"mcmc_empirical_visited_supports",0.377165179320606,0.0432260627854197,1.19090535955055,0.109258113727749,0.454046502041246,0.0653934836012098,0.021355063333059,0.00234657702639835,50.3005349607937,4.19590415128241,25,0,12.0501533333061,2.20781011561302,25,0,24,0,2.1944578569772,0.149570044047179,0.00984705847036204,0.00306478481905416,-0.0110850732976515,0.0047523785031451,0.140654910196387,0.0503221247404966,24.9,2.55571907689404,62.3333333333333,2.72845092395748,2.77277732248689e-06,2.73979454106304e-07,NA,NA,NA,NA,NA,NA,826,207.588535328905,1566.33333333333,265.538655901128,197.176687569914,12.1930674443513,1.05439923462968,0.00731701808888028,3
"multi_representative",0.7,"Top-M support atoms","atom truncation","M=24, beta=0.02","full",100,"mcmc_empirical_visited_supports",0.357942854339417,0.0329727152550528,1.14446931930256,0.0834016787935105,0.42070220383808,0.0465593638976293,0.020089684233227,0.00180301265786908,44.8355561832693,0.397961754285669,25,0,8.14967136466941,0.143572683471397,25,0,24,0,2.0390827745098,0.0825383118824067,0.0160395444858032,0.0044651563117336,-0.0117847721971716,0.00409723636732348,0.0861417028317356,0.0520558940792086,19.7266666666668,3.01450567165581,66.3333333333333,0.666666666666667,2.35305154006049e-06,3.23794510820419e-07,NA,NA,NA,NA,NA,NA,743.666666666667,127.63271959459,1466,174.596678089819,167.362938128627,5.24002470015892,1.04318834753332,0.0133062875231701,3
"noisy_grouping",0.7,"Top-M support atoms","atom truncation","M=24, beta=0.02","full",100,"mcmc_empirical_visited_supports",0.202709632650842,0.00705957038125899,0.73858018586082,0.0198751916952081,0.216980309005224,0.00824207670559444,0.0113233597154885,0.000394603250151031,34.0040993729224,0.425865152908285,25,0,2.83712300579237,0.188652033128625,25,0,24,0,1.41762393574296,0.0283244153550949,0.000179936244688446,8.20639401731794e-05,-0.000305294055598463,4.23207896425607e-05,0.0277611504872519,0.0115263596132363,17.3700000000001,2.95523828706483,60.3333333333333,3.17979733805649,1.945957918655e-06,1.11929193834853e-07,NA,NA,NA,NA,NA,NA,208.666666666667,71.3496865990158,801,105.659831534978,144.055369809969,4.60702838515577,1.07714776273292,0.0205432858933001,3
"one_representative",0.7,"Top-M support atoms","atom truncation","M=24, beta=0.02","full",100,"mcmc_empirical_visited_supports",0.208650175810463,0.00999195362635966,0.755356150093981,0.027936936008757,0.225129468092186,0.0121178584192742,0.0116880196322943,0.000575419843917819,36.0244531636896,1.30838023595405,25,0,6.05054189676182,1.6478149934139,25,0,24,0,1.47412175414251,0.0522902941980477,-0.00124460705205398,6.16754352961552e-05,0.00107164490936388,4.19887702274389e-05,0.0352088799794372,0.00505018390871942,16.4466666666666,2.25395454947768,63,1,2.21650210282161e-06,8.84594699673816e-08,NA,NA,NA,NA,NA,NA,241,57.8878225536252,713,98.1138794123101,179.502766932497,12.4652144575849,1.03786629487523,0.00939074249888425,3
"ordered_interval",0.7,"Top-M support atoms","atom truncation","M=24, beta=0.02","full",100,"mcmc_empirical_visited_supports",0.219367123810077,0.0119302808561696,0.78698319527278,0.0318004398442809,0.240439641524709,0.0134089276017426,0.0122784925712889,0.000686441284748888,35.3447637210692,2.07993391863512,25,0,5.73353675514387,0.193562209055513,25,0,24,0,1.49213329561756,0.0734257594221499,0.00121080929567404,0.00155037481635756,-0.00114675610987147,0.00107810158091139,0.0330804991174491,0.00985140051188645,17.6433333333332,1.73845077903026,61.3333333333333,3.2829526005987,2.10823666835225e-06,5.53868668472146e-08,NA,NA,NA,NA,NA,NA,303.333333333333,25.7509438877706,950.666666666667,40.3085323198176,153.554758377494,13.0201355010066,1.06729443616689,0.018634911986936,3
"weak_signal",0.7,"Top-M support atoms","atom truncation","M=24, beta=0.02","full",100,"mcmc_empirical_visited_supports",0.385602534368813,0.0243656991644707,1.21887133226983,0.0617695976527163,0.46519944739665,0.0390248440179544,0.0215020537468875,0.00138875052600902,35.4102020281532,2.12381768574861,25,0,12.1765988485621,1.91382375087992,25,0,24,0,1.92460388877176,0.0985245509066441,0.0177381669856289,0.00221082568138955,-0.0102782549171889,0.000640438907558285,0.0255053925558032,0.00258329370633364,17.7233333333333,2.40933139642051,72,2.64575131106459,2.72594940723773e-06,2.28245150912658e-07,NA,NA,NA,NA,NA,NA,1095.66666666667,171.474325904622,1962,201.390996157557,175.128525540345,19.2315194837855,1.04238754138431,0.00772700706600646,3
"graph_community",0.9,"Top-M support atoms","atom truncation","M=24, beta=0.02","full",100,"mcmc_empirical_visited_supports",0.40942370574892,0.0205989616866886,1.27077500500718,0.0503912471118296,0.49405389763919,0.0313627884513773,0.0230361611665889,0.00117719472397576,44.3114472364766,0.793995750830765,25,0,11.315305569404,0.995743358876807,25,0,24,0,2.1545855034365,0.0661604227650292,0.00691971296796072,0.00248826990708501,-0.00479155365521241,0.0013382639631061,0.0257055939476032,0.00313230536462943,26.0766666666667,2.41925838039493,73.3333333333333,2.185812841434,3.00598081566979e-06,8.36135395300457e-08,NA,NA,NA,NA,NA,NA,1228.33333333333,163.269034963087,2100.66666666667,189.320128647514,174.926332540067,7.44876871028743,1.03111151739593,0.00748628577765558,3
"multi_representative",0.9,"Top-M support atoms","atom truncation","M=24, beta=0.02","full",100,"mcmc_empirical_visited_supports",0.35134932674465,0.115760084262508,1.11338794694671,0.28891663012388,0.443095507445909,0.184149782020442,0.0200344898282675,0.00682893733535198,42.3793498170191,6.64993634443776,25,0,7.3477717136377,2.82529001314824,25,0,24,0,1.9591140915129,0.421412792986716,0.000831518125498453,0.0010552927523027,-0.00288517586787185,0.00293524057471693,0.113662199562808,0.0893221288489862,24.1433333333332,4.8260416261961,65.3333333333333,1.20185042515466,2.52263212866902e-06,2.60913229763224e-07,NA,NA,NA,NA,NA,NA,930.666666666667,611.948890385827,1618.66666666667,728.526442744378,181.983261133479,21.3655131037402,1.06475403616032,0.0134285413473858,3
"noisy_grouping",0.9,"Top-M support atoms","atom truncation","M=24, beta=0.02","full",100,"mcmc_empirical_visited_supports",0.279329047554917,0.0280308379845983,0.943056814225513,0.0713326312613042,0.311806488832074,0.0360770001086804,0.0156664549918084,0.0016227569148135,38.1233183407013,1.21227341510266,25,0,5.55815763920493,1.44285950135448,25,0,24,0,1.70387352671427,0.0936251674025908,0.00141468118895135,0.0017768750368901,-0.000741967881401129,0.00104995271570876,0.0703178858077615,0.0279723283553796,20.4099999999998,0.442417600614203,62.6666666666667,3.33333333333333,1.5662999611384e-06,1.92613646963071e-07,NA,NA,NA,NA,NA,NA,464,106.616133863501,1143.66666666667,153.836854419797,159.331219672953,11.3340580119535,1.05864819177561,0.016001014343833,3
"one_representative",0.9,"Top-M support atoms","atom truncation","M=24, beta=0.02","full",100,"mcmc_empirical_visited_supports",0.406030688011905,0.0757388087169282,1.25814971732752,0.18773312757801,0.502283582597167,0.113457133947566,0.0228950821728683,0.00441562281055987,44.0317616963004,4.15922983247096,25,0,11.4916556701473,1.40931963280272,25,0,24,0,2.13635751639118,0.270726764325834,0.00283159631167717,0.0073690624183614,-0.00367147443683787,0.00780717572130921,0.178612418225642,0.0283984073877416,23.1399999999999,2.40676130931168,65.3333333333333,0.881917103688197,1.39070711087837e-06,5.72089457323017e-07,NA,NA,NA,NA,NA,NA,1208.66666666667,335.311960882864,2049,391.415806187401,183.100358803901,5.85759750047794,1.04082959135079,0.0110439089053601,3
"ordered_interval",0.9,"Top-M support atoms","atom truncation","M=24, beta=0.02","full",100,"mcmc_empirical_visited_supports",0.283027398674383,0.0256717829249495,0.954642863751474,0.0654309621506671,0.318286997379201,0.0336338100903268,0.0158502591572973,0.00150010785942633,36.0923619166787,1.97528995035565,25,0,5.99914141854336,1.18890480995567,25,0,24,0,1.67473451650244,0.10456384688788,0.00255746630119225,0.00200595702798079,-0.00222474895586348,0.00181237099529121,0.0554878417597089,0.0272447577138498,17.3033333333332,2.00449772040541,62.3333333333333,3.66666666666667,1.96501678876674e-06,5.04121416305674e-07,NA,NA,NA,NA,NA,NA,491.666666666667,126.741644475857,1284.33333333333,158.431197825569,172.310428393406,9.61116793549622,1.05088349986881,0.00987830678750446,3
"weak_signal",0.9,"Top-M support atoms","atom truncation","M=24, beta=0.02","full",100,"mcmc_empirical_visited_supports",0.713355023864199,0.046692463901963,2.05536932396209,0.126835224019663,1.26005293432676,0.181565324951805,0.0406299244889598,0.0030342560146981,48.4460888359232,4.2999134503883,25,0,20.2572258149859,1.16384333632779,25,0,24,0,3.02128578182351,0.212294408242222,0.0623474719132161,0.0155756013421482,-0.0346382801158187,0.00746812147202913,0.110147226978178,0.0192630583478474,28.3833333333332,2.64628250780432,97.6666666666667,5.69600249687835,2.71431558903264e-06,1.09377756951285e-06,NA,NA,NA,NA,NA,NA,4113.33333333333,425.967265304637,5013.33333333333,425.967265304637,180.036777979975,2.61447224398121,1.04990341219829,0.00400516098619526,3
"graph_community",0.7,"Top-M support atoms","atom truncation","M=24, beta=0.08","full",100,"mcmc_empirical_visited_supports",0.390868023637447,0.0432348510912996,1.78875733287749,0.172734707474539,0.635023627944483,0.100682361982228,0.00533523776021006,0.000621549520645055,34.6308843867598,3.61662488264854,25,0,11.646620687942,1.38597045446941,25,0,24,0,4.55678751637185,0.331595323307254,0.00478176849430012,0.0125379611325405,0.00429556148493648,0.0156136184205985,2.63238326851389,1.35734370291805,24.9,2.55571907689404,110.333333333333,9.66666666666667,0.00017103979143851,0.000138756423508769,NA,NA,NA,NA,NA,NA,826,207.588535328905,1566.33333333333,265.538655901128,197.176687569914,12.1930674443513,1.05439923462968,0.00731701808888028,3
"multi_representative",0.7,"Top-M support atoms","atom truncation","M=24, beta=0.08","full",100,"mcmc_empirical_visited_supports",0.370636404243684,0.0305087156818348,1.65085199061534,0.121750065733077,0.47416372341612,0.047604323074892,0.00523120227770181,0.000529409153447143,31.1124710273486,1.25081424694963,25,0,6.64623160320457,0.305349067164567,25,0,24,0,4.13795771677873,0.0455048641744028,0.0211081819461237,0.00429469613118975,-0.0154668602075942,0.00397843688036995,1.84407701309598,0.753751203994131,19.7266666666668,3.01450567165581,120,0,6.18025994428469e-05,2.13558539736275e-05,NA,NA,NA,NA,NA,NA,743.666666666667,127.63271959459,1466,174.596678089819,167.362938128627,5.24002470015892,1.04318834753332,0.0133062875231701,3
"noisy_grouping",0.7,"Top-M support atoms","atom truncation","M=24, beta=0.08","full",100,"mcmc_empirical_visited_supports",0.207739122812226,0.00743400442587504,1.02347672753993,0.0302813318483617,0.230602772230471,0.00967670369359751,0.00285592039098869,0.000101614497538655,26.3036327583326,0.150054839124769,25,0,2.48873018686842,0.150064784101956,25,0,24,0,3.12685917636139,0.0420780632948242,0.000337970193437472,0.000100391855386548,-0.000441524376138573,4.71322319028003e-05,0.302016701412152,0.0189863634511393,17.3700000000001,2.95523828706483,120,0,0.000124255554209066,2.42458502191993e-05,NA,NA,NA,NA,NA,NA,208.666666666667,71.3496865990158,801,105.659831534978,144.055369809969,4.60702838515577,1.07714776273292,0.0205432858933001,3
"one_representative",0.7,"Top-M support atoms","atom truncation","M=24, beta=0.08","full",100,"mcmc_empirical_visited_supports",0.222251653533258,0.0128441394385541,1.05840730503366,0.0449248740388343,0.255294301795363,0.0200805688509657,0.00298372973959882,0.000176452621479865,27.8798871742311,0.862349831447654,25,0,5.54850218471973,1.47832434143376,25,0,24,0,3.28716167711864,0.1109869529622,-0.00442562449517007,0.00187077914175413,0.00418433265520919,0.00199148000247933,1.15228495657381,0.804251986406993,16.4466666666666,2.25395454947768,120,0,0.000119859463555342,5.07709489625802e-05,NA,NA,NA,NA,NA,NA,241,57.8878225536252,713,98.1138794123101,179.502766932497,12.4652144575849,1.03786629487523,0.00939074249888425,3
"ordered_interval",0.7,"Top-M support atoms","atom truncation","M=24, beta=0.08","full",100,"mcmc_empirical_visited_supports",0.255074126551911,0.0105142086704856,1.14727090722184,0.0398795154776585,0.337748565761551,0.0218508690311896,0.00309862099416145,0.00014099793439056,25.9437837919859,1.84941052127792,25,0,5.51645543497795,0.394650337329493,25,0,24,0,3.22107125596937,0.18757265851437,0.0103957716071391,0.010101326452738,-0.0073069811755655,0.00827750702630287,2.45617092674374,0.985121473410818,17.6433333333332,1.73845077903026,120,0,6.82090891054679e-05,4.50318338629291e-05,NA,NA,NA,NA,NA,NA,303.333333333333,25.7509438877706,950.666666666667,40.3085323198176,153.554758377494,13.0201355010066,1.06729443616689,0.018634911986936,3
"weak_signal",0.7,"Top-M support atoms","atom truncation","M=24, beta=0.08","full",100,"mcmc_empirical_visited_supports",0.408169448170168,0.0313662542394922,1.81567606344388,0.119654078634437,0.613044466813375,0.0995614354039637,0.00546157466538161,0.000345247286575845,19.6000430767713,0.940063082055701,25,0,12.0021818258213,2.36672089053629,25,0,24,0,3.38124034751119,0.164485999427263,0.0328085901347054,0.0033446019722454,-0.0184236172888781,0.00131858300992182,1.95607222451249,0.124661044270245,17.7233333333333,2.40933139642051,120,0,0.000123334062353653,4.88231589405698e-05,NA,NA,NA,NA,NA,NA,1095.66666666667,171.474325904622,1962,201.390996157557,175.128525540345,19.2315194837855,1.04238754138431,0.00772700706600646,3
"graph_community",0.9,"Top-M support atoms","atom truncation","M=24, beta=0.08","full",100,"mcmc_empirical_visited_supports",0.41666923754681,0.0212976899733192,1.84977510676816,0.0741569547240916,0.541920132785418,0.0337126284673276,0.00583274736622823,0.000365303698136921,28.7598974849627,0.100721731813132,25,0,11.3965368881559,1.27322475855832,25,0,24,0,4.14814685476356,0.0819672154484024,0.00479861587213278,0.00165627118160385,-0.00308062819498896,0.00082118137542154,1.21193474600431,0.466566214486308,26.0766666666667,2.41925838039493,120,0,9.64048956510291e-05,1.69736645309666e-05,NA,NA,NA,NA,NA,NA,1228.33333333333,163.269034963087,2100.66666666667,189.320128647514,174.926332540067,7.44876871028743,1.03111151739593,0.00748628577765558,3
"multi_representative",0.9,"Top-M support atoms","atom truncation","M=24, beta=0.08","full",100,"mcmc_empirical_visited_supports",0.36079547943968,0.117953665205179,1.6206512663612,0.461299374662964,0.499691067459222,0.219954614060247,0.00500247437674228,0.001688544704773,28.6989925570691,1.97543284787986,25,0,7.04597167044756,2.88048150024277,25,0,24,0,3.91476949220547,0.618457616900758,-0.00590042341441036,0.00585886862487841,0.00444334742341868,0.00437759013521511,0.447571955512234,0.0811152178176559,24.1433333333332,4.8260416261961,120,0,0.000307249460612002,0.000108811392250318,NA,NA,NA,NA,NA,NA,930.666666666667,611.948890385827,1618.66666666667,728.526442744378,181.983261133479,21.3655131037402,1.06475403616032,0.0134285413473858,3
"noisy_grouping",0.9,"Top-M support atoms","atom truncation","M=24, beta=0.08","full",100,"mcmc_empirical_visited_supports",0.285457860234772,0.0273653736388575,1.3355829181423,0.105162589079127,0.339477838367419,0.0372384813850221,0.00401413581625469,0.000466748104607842,27.5062909034527,0.49949004440359,25,0,5.35054140316299,1.54228132623358,25,0,24,0,3.53448818732132,0.119355231925348,-7.43555665779325e-06,0.00131677263632739,0.000568892018914635,0.00119978292540406,3.00508527966032,0.0997959596276144,20.4099999999998,0.442417600614203,120,0,2.41841632078928e-05,1.01126446038126e-05,NA,NA,NA,NA,NA,NA,464,106.616133863501,1143.66666666667,153.836854419797,159.331219672953,11.3340580119535,1.05864819177561,0.016001014343833,3
"one_representative",0.9,"Top-M support atoms","atom truncation","M=24, beta=0.08","full",100,"mcmc_empirical_visited_supports",0.413701854246228,0.0783009663659422,1.83335857003087,0.304379505179389,0.549896812651237,0.128745283242564,0.00577134133223568,0.0010087217429082,28.5726399255089,1.06061750859724,25,0,11.4194654231376,1.12831268658299,25,0,24,0,4.11674369809683,0.389147117116072,0.00197168638693441,0.00599124635445925,-0.00252621365435845,0.00624520843736304,1.71450953813542,0.793567033682615,23.1399999999999,2.40676130931168,120,0,6.04731677703955e-05,1.77447797722434e-05,NA,NA,NA,NA,NA,NA,1208.66666666667,335.311960882864,2049,391.415806187401,183.100358803901,5.85759750047794,1.04082959135079,0.0110439089053601,3
"ordered_interval",0.9,"Top-M support atoms","atom truncation","M=24, beta=0.08","full",100,"mcmc_empirical_visited_supports",0.293524484035559,0.0255303351144674,1.37943228408626,0.1001096653526,0.376767542439202,0.037116546020124,0.00394710551997549,0.000399419154697296,24.8044155942456,0.995095897776548,25,0,5.48268236788641,0.947619039286356,25,0,24,0,3.36211154192597,0.178263188767007,0.0128151905117978,0.00275355105078916,-0.00962703260310332,0.00249550797933096,1.45853579192684,1.05621367451299,17.3033333333332,2.00449772040541,120,0,0.000128321054413701,7.84505495213173e-05,NA,NA,NA,NA,NA,NA,491.666666666667,126.741644475857,1284.33333333333,158.431197825569,172.310428393406,9.61116793549622,1.05088349986881,0.00987830678750446,3
"weak_signal",0.9,"Top-M support atoms","atom truncation","M=24, beta=0.08","full",100,"mcmc_empirical_visited_supports",0.736302114247457,0.0500363406854029,3.12259064661654,0.197956547915531,1.53867714808397,0.187767948308562,0.0101097634120784,0.000649406237067204,19.686145025387,2.52737022531592,25,0,18.5913862069484,1.69717652625277,25,0,24,0,4.69456786399985,0.389305225832385,0.0890481051505076,0.0283949557526276,-0.0476462599388521,0.0135527273873474,0.922614556852854,0.448977980265433,28.3833333333332,2.64628250780432,120,0,0.000430493917491503,0.000187641702446141,NA,NA,NA,NA,NA,NA,4113.33333333333,425.967265304637,5013.33333333333,425.967265304637,180.036777979975,2.61447224398121,1.04990341219829,0.00400516098619526,3
"graph_community",0.7,"Top-M support atoms","atom truncation","M=48, beta=0.005","full",100,"mcmc_empirical_visited_supports",0.296581828382435,0.0371165311746103,0.606951116847823,0.0506175612802269,0.297582972785672,0.0418664360321782,0.0683311231366796,0.00882246256476112,92.6303293703837,7.57517410443162,49,0,17.8816690734122,3.17993685934941,49,0,48,0,1.06724809910888,0.0852321686870566,0.00619145176708276,0.00180784633306967,-0.00760649034088324,0.00298349444763859,0.00666341386895233,0.000758949843208553,24.9,2.55571907689404,35,0.577350269189626,1.39602678184136e-06,2.51071098879273e-07,NA,NA,NA,NA,NA,NA,826,207.588535328905,1566.33333333333,265.538655901128,197.176687569914,12.1930674443513,1.05439923462968,0.00731701808888028,3
"multi_representative",0.7,"Top-M support atoms","atom truncation","M=48, beta=0.005","full",100,"mcmc_empirical_visited_supports",0.281387771276985,0.0269956321166296,0.588067871554175,0.0379554325751488,0.279795893665963,0.0292399526139195,0.0642731144391194,0.00628832184500851,84.832335416993,4.05662193598135,49,0,13.3175052156879,0.448299921366019,49,0,48,0,1.00964160198093,0.058089831154364,0.0105861191495498,0.00385796834412411,-0.00768938890805915,0.00324735884158561,0.00611470647104736,0.000459110290843174,19.7266666666668,3.01450567165581,34.6666666666667,0.333333333333333,1.47174002222231e-06,3.15307696422474e-07,NA,NA,NA,NA,NA,NA,743.666666666667,127.63271959459,1466,174.596678089819,167.362938128627,5.24002470015892,1.04318834753332,0.0133062875231701,3
"noisy_grouping",0.7,"Top-M support atoms","atom truncation","M=48, beta=0.005","full",100,"mcmc_empirical_visited_supports",0.141658434194441,0.00973941412657635,0.373214518739427,0.0173805975165596,0.136855978728958,0.00944906318029078,0.0317557887791026,0.00220624369387211,52.6370695911464,2.03753153146893,49,0,4.61573734839374,0.265610242415627,49,0,48,0,0.634873850442249,0.0275223784573808,0.000163759616745048,7.81894452008304e-05,-0.000247576362831422,1.78414505620309e-05,0.0050063385416285,0.000172195085088261,17.3700000000001,2.95523828706483,32.3333333333333,0.333333333333333,1.13275079571817e-06,6.82900185531975e-08,NA,NA,NA,NA,NA,NA,208.666666666667,71.3496865990158,801,105.659831534978,144.055369809969,4.60702838515577,1.07714776273292,0.0205432858933001,3
"one_representative",0.7,"Top-M support atoms","atom truncation","M=48, beta=0.005","full",100,"mcmc_empirical_visited_supports",0.156363169229944,0.0130332994471248,0.398523923979578,0.0227674550944766,0.151228456364625,0.0126930618697753,0.0351621982670107,0.00298891423755302,57.377546486965,3.516860775171,49,0,8.68015668591885,2.16991164616026,49,0,48,0,0.683312204039035,0.0401010600248532,0.000321661831026369,0.000520828440800344,-0.0003215946700769,0.000482256818084777,0.00641985837406752,0.000659529764906269,16.4466666666666,2.25395454947768,32.6666666666667,0.333333333333333,1.28332196532484e-06,1.31670205160716e-07,NA,NA,NA,NA,NA,NA,241,57.8878225536252,713,98.1138794123101,179.502766932497,12.4652144575849,1.03786629487523,0.00939074249888425,3
"ordered_interval",0.7,"Top-M support atoms","atom truncation","M=48, beta=0.005","full",100,"mcmc_empirical_visited_supports",0.173451405659839,0.0109236023094636,0.427939523617835,0.0177323347122958,0.168092343475165,0.010696752220966,0.0390105163302769,0.00255505913901233,59.7728210489525,3.65227361157452,49,0,7.98615368175786,0.122808295946529,49,0,48,0,0.724726155733251,0.03600889745774,-0.000227988966548336,0.000484249096391786,-0.000139354821281948,0.000799957290405432,0.00579012841283518,0.000598543878528517,17.6433333333332,1.73845077903026,33.3333333333333,0.333333333333333,1.14126843438663e-06,1.95085593022555e-07,NA,NA,NA,NA,NA,NA,303.333333333333,25.7509438877706,950.666666666667,40.3085323198176,153.554758377494,13.0201355010066,1.06729443616689,0.018634911986936,3
"weak_signal",0.7,"Top-M support atoms","atom truncation","M=48, beta=0.005","full",100,"mcmc_empirical_visited_supports",0.301785907323963,0.014537294628752,0.620014779043316,0.0199243501000704,0.302256375547236,0.0161828298745232,0.0682602818904564,0.00343792700302892,78.2053575659886,3.46855192307504,49,0,18.2650461166306,2.72671341431718,49,0,48,0,1.00816143795658,0.0362565050704876,0.00982788121284056,0.00260169521750274,-0.00561010962304276,0.00118963843266328,0.00635545293308526,0.000396077752610482,17.7233333333333,2.40933139642051,35,0,1.38074545064093e-06,1.87366943495796e-07,NA,NA,NA,NA,NA,NA,1095.66666666667,171.474325904622,1962,201.390996157557,175.128525540345,19.2315194837855,1.04238754138431,0.00772700706600646,3
"graph_community",0.9,"Top-M support atoms","atom truncation","M=48, beta=0.005","full",100,"mcmc_empirical_visited_supports",0.332741742669344,0.0170029877762725,0.658835068419984,0.0225731148755149,0.337162270923804,0.0196826075049471,0.0763095240580535,0.00409272519404153,92.3777648528239,3.4150764192938,49,0,16.8075625745175,1.27374852170373,49,0,48,0,1.11790784736521,0.0395850032309744,0.0039817369165102,0.00171912343185175,-0.002639851254938,0.000852451644405689,0.00646483644475241,0.000253428340470315,26.0766666666667,2.41925838039493,35.6666666666667,0.333333333333333,1.72458992842017e-06,4.72428560284998e-08,NA,NA,NA,NA,NA,NA,1228.33333333333,163.269034963087,2100.66666666667,189.320128647514,174.926332540067,7.44876871028743,1.03111151739593,0.00748628577765558,3
"multi_representative",0.9,"Top-M support atoms","atom truncation","M=48, beta=0.005","full",100,"mcmc_empirical_visited_supports",0.276782020087501,0.0986601596475857,0.568800804289245,0.137668582364341,0.290143654162667,0.11642472989675,0.0642116249939795,0.0240611735649073,82.413437642273,22.2111646468515,49,0,11.6955434213061,4.7382680998647,49,0,48,0,0.978557993898766,0.248188838436612,0.00303743795092837,0.00307308551483093,-0.00505091928517553,0.00504150587727044,0.00601984647598804,0.00067382548160518,24.1433333333332,4.8260416261961,35,2.08166599946613,1.57006550035218e-06,2.41045942014755e-07,NA,NA,NA,NA,NA,NA,930.666666666667,611.948890385827,1618.66666666667,728.526442744378,181.983261133479,21.3655131037402,1.06475403616032,0.0134285413473858,3
"noisy_grouping",0.9,"Top-M support atoms","atom truncation","M=48, beta=0.005","full",100,"mcmc_empirical_visited_supports",0.216430215135288,0.0214001806549729,0.495127466973222,0.0319961417985496,0.211189769851433,0.0219380331542803,0.0488638574170418,0.0049378007685719,68.2322814781952,4.18158320579612,49,0,8.57106388627088,2.22132574455353,49,0,48,0,0.834204458233656,0.0525634409017401,0.00225089274056763,0.00244101129149573,-0.00131836999977253,0.00145232372815282,0.00540145726325484,0.000625569550833369,20.4099999999998,0.442417600614203,33.6666666666667,0.333333333333333,1.36767783653902e-06,2.38503174365895e-07,NA,NA,NA,NA,NA,NA,464,106.616133863501,1143.66666666667,153.836854419797,159.331219672953,11.3340580119535,1.05864819177561,0.016001014343833,3
"one_representative",0.9,"Top-M support atoms","atom truncation","M=48, beta=0.005","full",100,"mcmc_empirical_visited_supports",0.329017146561422,0.0599015233687998,0.649860159583018,0.0816411360744377,0.33851518658769,0.068276402279001,0.0758293893724875,0.0144208751629904,91.7696047064532,13.1905668831372,49,0,17.0484974804195,2.62779688939091,49,0,48,0,1.10589572370748,0.147440165377938,0.00279214503874819,0.00608273931248244,-0.00350206376459513,0.00648395381707478,0.00614691473881686,0.000499166034340839,23.1399999999999,2.40676130931168,36,1.15470053837925,1.54764198460426e-06,2.15963188603366e-07,NA,NA,NA,NA,NA,NA,1208.66666666667,335.311960882864,2049,391.415806187401,183.100358803901,5.85759750047794,1.04082959135079,0.0110439089053601,3
"ordered_interval",0.9,"Top-M support atoms","atom truncation","M=48, beta=0.005","full",100,"mcmc_empirical_visited_supports",0.219486234398354,0.0202099302426973,0.500384315001514,0.0299990680432809,0.214399463159287,0.0207388471223779,0.0494589193585084,0.0047103978009257,66.7509899329508,4.8649983540498,49,0,9.27569402497042,1.93611586735957,49,0,48,0,0.83195178189093,0.0541181867088085,-0.000577339194428003,0.00163300973872213,0.000118999919684005,0.00139234880420997,0.00664429258521152,0.000782701202990621,17.3033333333332,2.00449772040541,33.6666666666667,0.333333333333333,1.40158638532266e-06,2.79689455463007e-07,NA,NA,NA,NA,NA,NA,491.666666666667,126.741644475857,1284.33333333333,158.431197825569,172.310428393406,9.61116793549622,1.05088349986881,0.00987830678750446,3
"weak_signal",0.9,"Top-M support atoms","atom truncation","M=48, beta=0.005","full",100,"mcmc_empirical_visited_supports",0.571925265142892,0.0378989387421584,0.982392838120473,0.0553148768138166,0.74124998483731,0.0977983358747785,0.139345084884502,0.0118900147337683,138.942099946021,12.0602782075971,49,0,32.8137287294137,1.68512342208439,49,0,48,0,1.67361517005368,0.115564493727733,0.0398277921892533,0.00521582675994151,-0.0219980221869229,0.00239126350756862,0.00768800876664867,0.00023356800112289,28.3833333333332,2.64628250780432,43,2.08166599946613,2.5005388752201e-06,8.12406855653492e-08,NA,NA,NA,NA,NA,NA,4113.33333333333,425.967265304637,5013.33333333333,425.967265304637,180.036777979975,2.61447224398121,1.04990341219829,0.00400516098619526,3
"graph_community",0.7,"Top-M support atoms","atom truncation","M=48, beta=0.02","full",100,"mcmc_empirical_visited_supports",0.313299578479872,0.0414815211151338,1.03039007450056,0.106305687307472,0.362705136259132,0.0569180998472926,0.0177050977919004,0.00230416430535482,47.3074854244995,3.95177771177356,49,0,17.2446544755351,3.12811112636555,49,0,48,0,1.9737226584932,0.141368253755735,0.00648598877041865,0.00156440980171627,-0.00614319013565834,0.000758651304226485,0.0593207683725862,0.0222731954102168,24.9,2.55571907689404,67,1.73205080756888,2.29807564859167e-06,2.67132645571149e-07,NA,NA,NA,NA,NA,NA,826,207.588535328905,1566.33333333333,265.538655901128,197.176687569914,12.1930674443513,1.05439923462968,0.00731701808888028,3
"multi_representative",0.7,"Top-M support atoms","atom truncation","M=48, beta=0.02","full",100,"mcmc_empirical_visited_supports",0.296017613051496,0.0297986226179433,0.98703747960595,0.0769759399298155,0.335532741177189,0.0384269444922635,0.016634008254433,0.00167329504782554,42.0605733452838,0.513655869669828,49,0,11.8716539665461,0.442794458505057,49,0,48,0,1.82577616882043,0.0743202686102255,0.0130833339691877,0.00419235231731723,-0.00949462175018322,0.00354683548270717,0.0626523251323957,0.0302102054942441,19.7266666666668,3.01450567165581,62.6666666666667,4.09606857581484,2.11828266364715e-06,2.15433121699217e-07,NA,NA,NA,NA,NA,NA,743.666666666667,127.63271959459,1466,174.596678089819,167.362938128627,5.24002470015892,1.04318834753332,0.0133062875231701,3
"noisy_grouping",0.7,"Top-M support atoms","atom truncation","M=48, beta=0.02","full",100,"mcmc_empirical_visited_supports",0.145150538953126,0.0102325357709905,0.570313347303223,0.0311780601912635,0.151990370779312,0.0113280308678266,0.00812791489973413,0.000566804119772374,31.38550897611,0.567464969183884,49,0,4.09049769697562,0.233866756630164,49,0,48,0,1.19661826645951,0.0424379546540568,0.000220229950150956,8.36021573777594e-05,-0.000300613457447178,1.86975162379453e-05,0.0766977195245967,0.0547879490423714,17.3700000000001,2.95523828706483,54.6666666666667,2.72845092395748,1.62519840370597e-06,2.67186677295902e-07,NA,NA,NA,NA,NA,NA,208.666666666667,71.3496865990158,801,105.659831534978,144.055369809969,4.60702838515577,1.07714776273292,0.0205432858933001,3
"one_representative",0.7,"Top-M support atoms","atom truncation","M=48, beta=0.02","full",100,"mcmc_empirical_visited_supports",0.16072610817784,0.0137480700898841,0.617050175181646,0.0419770107452348,0.170358441334686,0.0157535897855971,0.00901778465034714,0.000747182876102819,33.8527475924755,1.52042124307547,49,0,7.94227934107539,2.03141123129753,49,0,48,0,1.29209755112726,0.0717476148532198,-0.000559116568549234,0.000301301225370195,0.000513014957836437,0.000216157362089867,0.0940224540503556,0.0596655210267043,16.4466666666666,2.25395454947768,58,2.64575131106459,1.7572177084535e-06,4.67355192665982e-07,NA,NA,NA,NA,NA,NA,241,57.8878225536252,713,98.1138794123101,179.502766932497,12.4652144575849,1.03786629487523,0.00939074249888425,3
"ordered_interval",0.7,"Top-M support atoms","atom truncation","M=48, beta=0.02","full",100,"mcmc_empirical_visited_supports",0.178767378668112,0.0115874853365207,0.672680214568966,0.0324760023363856,0.19290634811125,0.0125004785760687,0.00999077875761849,0.000674316126449657,33.5153875602345,2.05079277171596,49,0,7.35350401342244,0.173840283867313,49,0,48,0,1.340993353416,0.0735150635781825,0.000674197444698951,0.00108578216835454,-0.000638154114080452,0.000757817175244464,0.0384334363072255,0.00704607182038276,17.6433333333332,1.73845077903026,61.6666666666667,0.881917103688197,2.21226685940638e-06,1.25850289970798e-07,NA,NA,NA,NA,NA,NA,303.333333333333,25.7509438877706,950.666666666667,40.3085323198176,153.554758377494,13.0201355010066,1.06729443616689,0.018634911986936,3
"weak_signal",0.7,"Top-M support atoms","atom truncation","M=48, beta=0.02","full",100,"mcmc_empirical_visited_supports",0.31825772981055,0.0161681628352547,1.05075235966344,0.0428374506567251,0.368196571702646,0.0236334968150961,0.0176879806417251,0.000883014048235884,32.1114131717725,1.45175379938435,49,0,17.9695617022983,3.36250324235738,49,0,48,0,1.69013125634761,0.0642266955611944,0.0134788457546947,0.00238634300912572,-0.00785934699574725,0.00116945368712756,0.0618216250383893,0.0210789895943006,17.7233333333333,2.40933139642051,68,0.577350269189626,2.01595746977349e-06,3.17928513884217e-07,NA,NA,NA,NA,NA,NA,1095.66666666667,171.474325904622,1962,201.390996157557,175.128525540345,19.2315194837855,1.04238754138431,0.00772700706600646,3
"graph_community",0.9,"Top-M support atoms","atom truncation","M=48, beta=0.02","full",100,"mcmc_empirical_visited_supports",0.353207175137141,0.0191796389972844,1.13142616281737,0.0486769043784729,0.410451463992864,0.0266442867657194,0.019863301849105,0.00104049408562314,41.6724952480274,0.696299894021992,49,0,16.1559795146697,1.41689021897518,49,0,48,0,1.96210169149747,0.0620987902785449,0.00400263351914624,0.00178744133289288,-0.00263163636833978,0.000899937397169606,0.129657195572791,0.0165102775077338,26.0766666666667,2.41925838039493,65.3333333333333,0.881917103688197,2.03509181617712e-06,6.56049886387899e-07,NA,NA,NA,NA,NA,NA,1228.33333333333,163.269034963087,2100.66666666667,189.320128647514,174.926332540067,7.44876871028743,1.03111151739593,0.00748628577765558,3
"multi_representative",0.9,"Top-M support atoms","atom truncation","M=48, beta=0.02","full",100,"mcmc_empirical_visited_supports",0.295213075800373,0.110949609046851,0.966520402119461,0.286870570943732,0.357746319077534,0.159673162425121,0.0166840485552696,0.00631794030878405,39.7201247341929,6.29766124449559,49,0,10.804666028649,4.54395933114193,49,0,48,0,1.7587037624312,0.412247755707689,0.00225999515300868,0.00245539413973353,-0.00446351282701095,0.0045452540215869,0.0909954262808518,0.0680487086524188,24.1433333333332,4.8260416261961,66,8.50490054811538,1.9932801100057e-06,8.86119935526234e-07,NA,NA,NA,NA,NA,NA,930.666666666667,611.948890385827,1618.66666666667,728.526442744378,181.983261133479,21.3655131037402,1.06475403616032,0.0134285413473858,3
"noisy_grouping",0.9,"Top-M support atoms","atom truncation","M=48, beta=0.02","full",100,"mcmc_empirical_visited_supports",0.224867388322718,0.0231790393176677,0.798504319443021,0.0625864365821138,0.244208056868423,0.0278852419062013,0.0125869687202581,0.00129482877451385,35.625367380237,1.01316582990369,49,0,7.82102258298091,2.12031785020611,49,0,48,0,1.50902479378798,0.0806190519968113,0.0020935084243987,0.00254215476681897,-0.00110325888153518,0.00158691413520054,0.0205215520172984,0.00296959696655157,20.4099999999998,0.442417600614203,59.6666666666667,2.40370085030933,2.23627827034001e-06,1.30498031995945e-07,NA,NA,NA,NA,NA,NA,464,106.616133863501,1143.66666666667,153.836854419797,159.331219672953,11.3340580119535,1.05864819177561,0.016001014343833,3
"one_representative",0.9,"Top-M support atoms","atom truncation","M=48, beta=0.02","full",100,"mcmc_empirical_visited_supports",0.350593333455698,0.0670534938449487,1.1197979059214,0.171108905912897,0.415278471419236,0.0926101544868056,0.0197182238579262,0.00380142352372326,41.3707942583704,3.65226435603313,49,0,16.4896923539387,2.7119375617928,49,0,48,0,1.94443764899695,0.244003330366596,0.002640807176404,0.00635021218417489,-0.00341371650906314,0.006716833329352,0.031999274168541,0.00935222447572542,23.1399999999999,2.40676130931168,71.6666666666667,3.48010216963685,2.72236595703449e-06,4.16314802936791e-07,NA,NA,NA,NA,NA,NA,1208.66666666667,335.311960882864,2049,391.415806187401,183.100358803901,5.85759750047794,1.04082959135079,0.0110439089053601,3
"ordered_interval",0.9,"Top-M support atoms","atom truncation","M=48, beta=0.02","full",100,"mcmc_empirical_visited_supports",0.228118747988586,0.0219037627338293,0.808454032143586,0.0590993285272209,0.249608535523699,0.0267979273270285,0.0127856012555507,0.00123985665536735,33.627017402899,1.77914070016062,49,0,8.43928402283285,1.77341888694044,49,0,48,0,1.47890198102072,0.0941044708638447,0.00179191455172719,0.00196633492329353,-0.00164530686161957,0.00170648918491807,0.10387770089199,0.0556674421113034,17.3033333333332,2.00449772040541,60.6666666666667,2.96273147243853,1.63866658220435e-06,6.073575839043e-07,NA,NA,NA,NA,NA,NA,491.666666666667,126.741644475857,1284.33333333333,158.431197825569,172.310428393406,9.61116793549622,1.05088349986881,0.00987830678750446,3
"weak_signal",0.9,"Top-M support atoms","atom truncation","M=48, beta=0.02","full",100,"mcmc_empirical_visited_supports",0.641687905973797,0.0494140238072956,1.86559438424664,0.126256245481061,1.00805360705239,0.143739137409322,0.0360062852832177,0.00310620392222579,44.6226006329888,4.28504059958237,49,0,36.1230834387762,2.93880389342965,49,0,48,0,2.7544659011428,0.211827762087595,0.0534441738440721,0.00973529480626516,-0.0292540521787878,0.0043795679611954,0.141335014916085,0.103007802062358,28.3833333333332,2.64628250780432,79.6666666666667,14.8585927253484,3.10626219028147e-06,7.56986628449564e-07,NA,NA,NA,NA,NA,NA,4113.33333333333,425.967265304637,5013.33333333333,425.967265304637,180.036777979975,2.61447224398121,1.04990341219829,0.00400516098619526,3
"graph_community",0.7,"Top-M support atoms","atom truncation","M=48, beta=0.08","full",100,"mcmc_empirical_visited_supports",0.337374640175188,0.0375393616689139,1.53774189246543,0.15947094184925,0.521125153120581,0.0896745971650569,0.00442336073434902,0.000658471690667277,34.089412926339,3.50106052146956,49,0,16.5949123926365,2.30981035294541,49,0,48,0,4.26210646247733,0.311343366148324,-0.00312768222211211,0.0172002788583241,0.011924050539758,0.0217390187630482,2.15389395144897,0.322410608369397,24.9,2.55571907689404,120,0,0.000148036952815289,4.19565224834647e-05,NA,NA,NA,NA,NA,NA,826,207.588535328905,1566.33333333333,265.538655901128,197.176687569914,12.1930674443513,1.05439923462968,0.00731701808888028,3
"multi_representative",0.7,"Top-M support atoms","atom truncation","M=48, beta=0.08","full",100,"mcmc_empirical_visited_supports",0.313718153736974,0.0251321714472729,1.42181935746033,0.10991363368518,0.384906854015175,0.0376543791241663,0.00419190527802106,0.000498609622407972,30.4402938737739,1.2644430495082,49,0,9.55986941966863,0.472269189117963,49,0,48,0,3.85478767327458,0.0404369473381236,0.0181879831206117,0.00455871835126901,-0.0131314695537955,0.00378320518696384,2.1438745177963,0.407851643822349,19.7266666666668,3.01450567165581,120,0,8.60304293522537e-05,2.75487032523814e-05,NA,NA,NA,NA,NA,NA,743.666666666667,127.63271959459,1466,174.596678089819,167.362938128627,5.24002470015892,1.04318834753332,0.0133062875231701,3
"noisy_grouping",0.7,"Top-M support atoms","atom truncation","M=48, beta=0.08","full",100,"mcmc_empirical_visited_supports",0.15874263972005,0.0102937962535479,0.775900095918686,0.0471246518865382,0.162953609328677,0.0127232846380636,0.0020603586052678,0.000128230312532251,25.7985950203067,0.158917736018401,49,0,3.44878984542161,0.150174362161844,49,0,48,0,2.83855163097382,0.0598019154007493,0.000376176694167155,0.000102079964340573,-0.000438041149583531,2.42829054442332e-05,1.03204065754782,0.816902457318831,17.3700000000001,2.95523828706483,120,0,7.05110391347278e-05,1.14892590950622e-05,NA,NA,NA,NA,NA,NA,208.666666666667,71.3496865990158,801,105.659831534978,144.055369809969,4.60702838515577,1.07714776273292,0.0205432858933001,3
"one_representative",0.7,"Top-M support atoms","atom truncation","M=48, beta=0.08","full",100,"mcmc_empirical_visited_supports",0.183593799728378,0.015176449045071,0.85746633099565,0.0640402223101437,0.198864401956458,0.0217652448047734,0.00228146597219687,0.000207221045928736,27.4203749842317,0.959192618329724,48.6666666666667,0.333333333333333,6.98772645053627,1.73474833253892,49,0,48,0,3.04921482328367,0.138806427854701,-0.00351408728260797,0.00205855432283668,0.00335388535902322,0.0020654004068654,0.792213890484633,0.519383459265317,16.4466666666666,2.25395454947768,120,0,9.39058077834194e-05,1.08528382747776e-05,NA,NA,NA,NA,NA,NA,241,57.8878225536252,713,98.1138794123101,179.502766932497,12.4652144575849,1.03786629487523,0.00939074249888425,3
"ordered_interval",0.7,"Top-M support atoms","atom truncation","M=48, beta=0.08","full",100,"mcmc_empirical_visited_supports",0.225242979003971,0.00903780939916924,0.972385091910033,0.0387162734678418,0.273356453121194,0.0120533601965659,0.00251413235296858,0.000167154202297291,25.7081960495081,1.8394103995258,49,0,6.73816844347774,0.41862192943186,49,0,48,0,3.02713697371609,0.185291902184798,0.00848917314622882,0.00904120588480494,-0.00577596221589705,0.0075444836268452,0.384737552766095,0.059176683795506,17.6433333333332,1.73845077903026,120,0,0.000117971547172117,4.71907583050203e-05,NA,NA,NA,NA,NA,NA,303.333333333333,25.7509438877706,950.666666666667,40.3085323198176,153.554758377494,13.0201355010066,1.06729443616689,0.018634911986936,3
"weak_signal",0.7,"Top-M support atoms","atom truncation","M=48, beta=0.08","full",100,"mcmc_empirical_visited_supports",0.356292874701994,0.0340383157882213,1.56254648064717,0.0934571324639079,0.552151012865726,0.137756730129368,0.00458171763339497,0.00030498422064681,18.6105013510119,0.409029571483749,49,0,17.4325797551986,4.19525666829861,49,0,48,0,3.04859455645924,0.0954336946112147,0.0275093060387856,0.0020848367825901,-0.0166502361754102,0.00196806210486095,2.19572854199568,1.10012486696754,17.7233333333333,2.40933139642051,120,0,0.000129155893582756,5.31687834490276e-05,NA,NA,NA,NA,NA,NA,1095.66666666667,171.474325904622,1962,201.390996157557,175.128525540345,19.2315194837855,1.04238754138431,0.00772700706600646,3
"graph_community",0.9,"Top-M support atoms","atom truncation","M=48, beta=0.08","full",100,"mcmc_empirical_visited_supports",0.359316383750107,0.0194957414592098,1.63332524297249,0.0730615748748317,0.450566478931556,0.027417272262119,0.00501221902716869,0.000278418661375339,28.1867710898022,0.0947554046900727,49,0,15.8638753546869,1.77566952993107,49,0,48,0,3.88551653713254,0.0761315861509069,0.00198245882731259,0.00141915577372753,-0.00109660477498778,0.000740066851866925,0.328378678507784,0.0553518166455797,26.0766666666667,2.41925838039493,120,0,0.000125858174359876,5.51636108173797e-05,NA,NA,NA,NA,NA,NA,1228.33333333333,163.269034963087,2100.66666666667,189.320128647514,174.926332540067,7.44876871028743,1.03111151739593,0.00748628577765558,3
"multi_representative",0.9,"Top-M support atoms","atom truncation","M=48, beta=0.08","full",100,"mcmc_empirical_visited_supports",0.307683470039822,0.109688460262866,1.39517432084903,0.449570205995167,0.402302603409939,0.187270930162609,0.00415540768258972,0.0015811559618921,28.2134785756828,1.96209953898084,49,0,9.44506447156283,4.04749819967452,49,0,48,0,3.65017414903259,0.605469607760805,-0.00250170143858005,0.00279724008191029,0.000750246245110253,0.00173074093902603,0.812068538654143,0.29741247874113,24.1433333333332,4.8260416261961,120,0,0.000157557139546238,9.17941707996409e-05,NA,NA,NA,NA,NA,NA,930.666666666667,611.948890385827,1618.66666666667,728.526442744378,181.983261133479,21.3655131037402,1.06475403616032,0.0134285413473858,3
"noisy_grouping",0.9,"Top-M support atoms","atom truncation","M=48, beta=0.08","full",100,"mcmc_empirical_visited_supports",0.231496314695652,0.0216785573087421,1.11934138761759,0.0935078870028625,0.265571104234179,0.0288130329553255,0.00316831393271166,0.000327638049215398,26.9897018880212,0.423444524014529,49,0,7.16994165506807,2.0359189612834,49,0,48,0,3.27662382020087,0.10401570076219,0.00108054400000287,0.00235027331514146,-9.0910771777549e-05,0.00180807427157039,0.270639776195126,0.0212721564641711,20.4099999999998,0.442417600614203,120,0,0.000110242074016812,3.75272303201638e-05,NA,NA,NA,NA,NA,NA,464,106.616133863501,1143.66666666667,153.836854419797,159.331219672953,11.3340580119535,1.05864819177561,0.016001014343833,3
"one_representative",0.9,"Top-M support atoms","atom truncation","M=48, beta=0.08","full",100,"mcmc_empirical_visited_supports",0.356398393765611,0.0687643103566978,1.60766929208554,0.267835161322019,0.455674767400016,0.105587612320671,0.00511139660445138,0.000962278137808861,28.1466098794803,1.05734594274313,49,0,16.5336293090284,2.60722107632129,49,0,48,0,3.85661628017654,0.352222447818845,0.00166216956195454,0.00497113492612399,-0.0022296833334571,0.00506510003730428,2.21627435892295,1.00173129716247,23.1399999999999,2.40676130931168,120,0,0.000105034259249977,5.97871670016316e-05,NA,NA,NA,NA,NA,NA,1208.66666666667,335.311960882864,2049,391.415806187401,183.100358803901,5.85759750047794,1.04082959135079,0.0110439089053601,3
"ordered_interval",0.9,"Top-M support atoms","atom truncation","M=48, beta=0.08","full",100,"mcmc_empirical_visited_supports",0.245751578498461,0.0208023515740797,1.15044146184404,0.0929054032971592,0.296296087919086,0.0308314855068561,0.0032312126094422,0.00028370550986882,24.4695428814043,0.932261939679869,49,0,7.41968980263141,1.35318157366061,49,0,48,0,3.10603144243183,0.163767705734206,0.0112336066243192,0.00282314772491758,-0.00852884569136459,0.00242764600834251,1.59913917315052,0.781886465707042,17.3033333333332,2.00449772040541,120,0,0.000102273966223088,3.42361825699587e-05,NA,NA,NA,NA,NA,NA,491.666666666667,126.741644475857,1284.33333333333,158.431197825569,172.310428393406,9.61116793549622,1.05088349986881,0.00987830678750446,3
"weak_signal",0.9,"Top-M support atoms","atom truncation","M=48, beta=0.08","full",100,"mcmc_empirical_visited_supports",0.660129971259581,0.0522455547266248,2.82301107872745,0.187996805013378,1.24404357862218,0.138459730671547,0.00908260404180541,0.000798664375669009,19.0496530100455,2.56225918767633,49,0,33.8161818964883,4.44425664475987,49,0,48,0,4.34347855846696,0.388933503148926,0.0799375881349203,0.021221381584779,-0.0420508273352046,0.00998131662424522,1.10945628376952,0.514585466901688,28.3833333333332,2.64628250780432,120,0,0.000439754995629056,0.000283189494667478,NA,NA,NA,NA,NA,NA,4113.33333333333,425.967265304637,5013.33333333333,425.967265304637,180.036777979975,2.61447224398121,1.04990341219829,0.00400516098619526,3
"graph_community",0.7,"Top-M support atoms","atom truncation","M=96, beta=0.005","full",100,"mcmc_empirical_visited_supports",0.243751247438218,0.0367654401480982,0.532422588608343,0.0530646206249283,0.240349558501339,0.0389884223687926,0.0557334143862858,0.00853907449333154,81.6855492532331,6.92501043201083,94,3,25.2579987696192,4.54549346808697,97,0,96,0,0.937651204772285,0.0842905542740737,0.00488143232527823,0.00161878906571272,-0.00596276125886604,0.00219591539803702,0.00772487661485059,0.000194111909560302,24.9,2.55571907689404,33.6666666666667,0.666666666666667,1.80444296282722e-06,1.88474637737523e-07,NA,NA,NA,NA,NA,NA,826,207.588535328905,1566.33333333333,265.538655901128,197.176687569914,12.1930674443513,1.05439923462968,0.00731701808888028,3
"multi_representative",0.7,"Top-M support atoms","atom truncation","M=96, beta=0.005","full",100,"mcmc_empirical_visited_supports",0.22496058468642,0.0237206769775387,0.507103679106768,0.036155751613835,0.219993438140583,0.0241924369370793,0.0510074791930499,0.00541280006195897,73.2977171501598,3.25773189284861,96.3333333333333,0.666666666666667,19.3580674787599,1.18590864795395,97,0,96,0,0.870632917108942,0.0522756693281991,0.0094404893945442,0.00380939043369628,-0.00681466026757197,0.00324280716028649,0.00592805821643908,0.000553944825531677,19.7266666666668,3.01450567165581,33.6666666666667,0.333333333333333,1.17244424927924e-06,1.75147653775007e-07,NA,NA,NA,NA,NA,NA,743.666666666667,127.63271959459,1466,174.596678089819,167.362938128627,5.24002470015892,1.04318834753332,0.0133062875231701,3
"noisy_grouping",0.7,"Top-M support atoms","atom truncation","M=96, beta=0.005","full",100,"mcmc_empirical_visited_supports",0.0796070789987904,0.0168957149243745,0.247349772682989,0.0373224772188611,0.0771842341891215,0.0161955466634982,0.0177992971990818,0.0037899537883199,40.3780733061219,3.43824277901546,88.3333333333333,3.84418753155693,6.75647843390193,0.303540824914151,97,0,96,0,0.447331650911003,0.054496555677822,0.00020022855532161,5.70128028624235e-05,-0.000243404356599382,1.39624256473142e-05,0.00787161258967398,0.00078478741448489,17.3700000000001,2.95523828706483,30.3333333333333,0.333333333333333,1.1801428981643e-06,2.00289872546255e-07,NA,NA,NA,NA,NA,NA,208.666666666667,71.3496865990158,801,105.659831534978,144.055369809969,4.60702838515577,1.07714776273292,0.0205432858933001,3
"one_representative",0.7,"Top-M support atoms","atom truncation","M=96, beta=0.005","full",100,"mcmc_empirical_visited_supports",0.107533582027501,0.0191982605050501,0.306123953904163,0.0399600493886455,0.104034564761032,0.0184336235625633,0.0241242112433676,0.0043386518992116,47.7100997216628,4.71289048098738,79,4.93288286231625,11.5806827592206,2.61643706546453,97,0,96,0,0.542274217192806,0.0633200524024713,0.00018633144791321,0.000575994828172936,-0.000214278505803911,0.000462486688804046,0.00627861637325467,0.000755099333176173,16.4466666666666,2.25395454947768,31.6666666666667,0.333333333333333,1.11225004954344e-06,2.73440091417601e-07,NA,NA,NA,NA,NA,NA,241,57.8878225536252,713,98.1138794123101,179.502766932497,12.4652144575849,1.03786629487523,0.00939074249888425,3
"ordered_interval",0.7,"Top-M support atoms","atom truncation","M=96, beta=0.005","full",100,"mcmc_empirical_visited_supports",0.126236978471917,0.00986513210050461,0.344862159795342,0.0183127245840885,0.122111366633593,0.00946200120521585,0.0283038169550435,0.00227284586207429,50.4162344302835,3.43081023674418,82.6666666666667,5.17472489875334,10.8061387311756,0.0786582394418148,97,0,96,0,0.594563270464999,0.035465542420421,-0.000171556409777953,0.000732714145555903,-0.000274731463165331,0.00103770816969138,0.00671307492946124,0.000596876412627567,17.6433333333332,1.73845077903026,32,0,1.20387906958156e-06,1.75694779905329e-07,NA,NA,NA,NA,NA,NA,303.333333333333,25.7509438877706,950.666666666667,40.3085323198176,153.554758377494,13.0201355010066,1.06729443616689,0.018634911986936,3
"weak_signal",0.7,"Top-M support atoms","atom truncation","M=96, beta=0.005","full",100,"mcmc_empirical_visited_supports",0.247167136089001,0.0142720399163804,0.543399430366568,0.0209742636140403,0.2431423946807,0.0149077275927062,0.0554801757343269,0.00327650477173971,66.8098818312926,3.03433331715361,97,0,25.9820324779874,3.95414550987265,97,0,96,0,0.874216863251935,0.0351053264183272,0.00844431527534404,0.00288897944738529,-0.00492086573058607,0.00169870574250855,0.00601080735168813,0.000993979906090292,17.7233333333333,2.40933139642051,34.3333333333333,0.333333333333333,1.06865897064878e-06,2.06087207647763e-07,NA,NA,NA,NA,NA,NA,1095.66666666667,171.474325904622,1962,201.390996157557,175.128525540345,19.2315194837855,1.04238754138431,0.00772700706600646,3
"graph_community",0.9,"Top-M support atoms","atom truncation","M=96, beta=0.005","full",100,"mcmc_empirical_visited_supports",0.279577733578584,0.0160081228140893,0.587118666592459,0.0224170807755699,0.277209078863948,0.0172039783457382,0.0635717947701645,0.00375407236120871,81.2050863156305,3.10728822590545,97,0,24.2784854927731,1.88996207609953,97,0,96,0,0.98996076702161,0.0378740896455669,0.0034713665197413,0.00173569073486446,-0.00236187626461478,0.000997366253851271,0.0058907905519903,0.000145858019960679,26.0766666666667,2.41925838039493,34.6666666666667,0.333333333333333,1.42994220309056e-06,2.53218983697085e-08,NA,NA,NA,NA,NA,NA,1228.33333333333,163.269034963087,2100.66666666667,189.320128647514,174.926332540067,7.44876871028743,1.03111151739593,0.00748628577765558,3
"multi_representative",0.9,"Top-M support atoms","atom truncation","M=96, beta=0.005","full",100,"mcmc_empirical_visited_supports",0.220032647270719,0.0977998217850528,0.477761191935687,0.147157825480506,0.225190869220638,0.10651184583815,0.0506373934143547,0.0231971170502319,70.5757538462157,21.5268419745545,93,4,17.8113980417891,7.82613825030195,97,0,96,0,0.827937899332732,0.254136660490594,0.00322792134732023,0.00316204005861451,-0.00498521607116578,0.0049299868516986,0.0066845925221695,0.000651378178508262,24.1433333333332,4.8260416261961,33.3333333333333,1.85592145427667,1.58519224833601e-06,3.88128560118889e-07,NA,NA,NA,NA,NA,NA,930.666666666667,611.948890385827,1618.66666666667,728.526442744378,181.983261133479,21.3655131037402,1.06475403616032,0.0134285413473858,3
"noisy_grouping",0.9,"Top-M support atoms","atom truncation","M=96, beta=0.005","full",100,"mcmc_empirical_visited_supports",0.158275344628771,0.0248484480030572,0.400267318879955,0.0416866708331059,0.1533270545404,0.0244358677768725,0.0355609663653247,0.00564562635965072,56.5684744883502,4.82257739755923,96.6666666666667,0.333333333333333,12.3604934415953,2.9391947467351,97,0,96,0,0.680648616970359,0.0654923088263681,0.00240880194306185,0.00250324774869649,-0.00148454721780792,0.00149015406120271,0.00657023521991166,0.00081385686601253,20.4099999999998,0.442417600614203,32,0.577350269189626,1.45559076436541e-06,1.74649786363696e-07,NA,NA,NA,NA,NA,NA,464,106.616133863501,1143.66666666667,153.836854419797,159.331219672953,11.3340580119535,1.05864819177561,0.016001014343833,3
"one_representative",0.9,"Top-M support atoms","atom truncation","M=96, beta=0.005","full",100,"mcmc_empirical_visited_supports",0.277381362818291,0.053265425523859,0.579134515846278,0.0767204093914374,0.278009609991599,0.0568299322060619,0.0633083585679359,0.0125270464435259,80.7631508428614,11.5325378740586,87.6666666666667,9.33333333333333,24.867992666827,4.85627654586611,97,0,96,0,0.9797766401263,0.134174523062532,0.00267928771489927,0.00579509737056582,-0.00340846191675247,0.0061023538290573,0.00656041984746088,0.00057996647814006,23.1399999999999,2.40676130931168,34.6666666666667,0.881917103688197,1.57604382714875e-06,3.12173620178754e-08,NA,NA,NA,NA,NA,NA,1208.66666666667,335.311960882864,2049,391.415806187401,183.100358803901,5.85759750047794,1.04082959135079,0.0110439089053601,3
"ordered_interval",0.9,"Top-M support atoms","atom truncation","M=96, beta=0.005","full",100,"mcmc_empirical_visited_supports",0.164997716572172,0.0205812507140287,0.412963687327272,0.0339979465636959,0.159920336985468,0.0202916885410172,0.0370005506759434,0.00471036514545046,55.7768262450261,4.85283971294589,97,0,13.212165102456,2.70365526911491,97,0,96,0,0.689305199855649,0.0580523683891734,0.000323006485681326,0.00145470142948253,-0.00053581469483488,0.00127299883352523,0.00609802481053205,0.00028094911747096,17.3033333333332,2.00449772040541,32.3333333333333,0.333333333333333,1.37874671938635e-06,1.0910841490376e-07,NA,NA,NA,NA,NA,NA,491.666666666667,126.741644475857,1284.33333333333,158.431197825569,172.310428393406,9.61116793549622,1.05088349986881,0.00987830678750446,3
"weak_signal",0.9,"Top-M support atoms","atom truncation","M=96, beta=0.005","full",100,"mcmc_empirical_visited_supports",0.511522776542998,0.038416589447266,0.896624774743786,0.0513193121841476,0.605842151084394,0.0748560955957075,0.121732825371903,0.0111009089297433,123.550711741761,11.4085791881973,97,0,54.6347485525342,4.35599332077057,97,0,96,0,1.51038419468567,0.108283054974995,0.0298110160774376,0.00392912391948889,-0.016331750943193,0.00199112824970378,0.00807609779396181,0.000852115839813573,28.3833333333332,2.64628250780432,52.6666666666667,1.20185042515466,2.110935052461e-06,3.1576081165335e-07,NA,NA,NA,NA,NA,NA,4113.33333333333,425.967265304637,5013.33333333333,425.967265304637,180.036777979975,2.61447224398121,1.04990341219829,0.00400516098619526,3
"graph_community",0.7,"Top-M support atoms","atom truncation","M=96, beta=0.02","full",100,"mcmc_empirical_visited_supports",0.254978060162947,0.0402790924773002,0.878419790665421,0.106282438849894,0.28633157334975,0.0511797255332728,0.0143814564864276,0.00226017127234774,44.6265744918915,3.70825429868063,92.6666666666667,4.33333333333333,24.3556723929847,4.56274185028404,97,0,96,0,1.76779143614971,0.132278587366994,0.00520427645656977,0.00166671037741671,-0.0047704821371594,0.000760609615708229,0.0527346148970006,0.0121698307754864,24.9,2.55571907689404,62,1.15470053837925,2.66664041589001e-06,1.0084412602757e-07,NA,NA,NA,NA,NA,NA,826,207.588535328905,1566.33333333333,265.538655901128,197.176687569914,12.1930674443513,1.05439923462968,0.00731701808888028,3
"multi_representative",0.7,"Top-M support atoms","atom truncation","M=96, beta=0.02","full",100,"mcmc_empirical_visited_supports",0.234250585998089,0.0255064204870066,0.822902165702557,0.0693479315906643,0.257226799109263,0.0304922198785377,0.0132162051504015,0.0014493296469821,39.3344038927424,0.499948719954442,95.3333333333333,1.66666666666667,17.3776035122484,1.16168172603056,97,0,96,0,1.60673949524922,0.0627010525989651,0.0116516796907454,0.00411860666816655,-0.00840629330342015,0.00350649056845333,0.100110286215886,0.0482146899769001,19.7266666666668,3.01450567165581,57.3333333333333,2.84800124843918,1.62601119117293e-06,4.6551452812145e-07,NA,NA,NA,NA,NA,NA,743.666666666667,127.63271959459,1466,174.596678089819,167.362938128627,5.24002470015892,1.04318834753332,0.0133062875231701,3
"noisy_grouping",0.7,"Top-M support atoms","atom truncation","M=96, beta=0.02","full",100,"mcmc_empirical_visited_supports",0.0814148992111489,0.0170906933596876,0.358406556428341,0.0607851638533237,0.0833291226087922,0.0182900336057086,0.00451459453586701,0.000974427447232991,28.3971382785655,0.910401745474251,87.3333333333333,4.25571511160124,6.05523874378106,0.263270330525485,97,0,96,0,0.924550263920004,0.0789858487109274,0.000249478651119054,6.51303478508612e-05,-0.000289587106828545,1.70954897439916e-05,0.0268111537036719,0.00518471401367138,17.3700000000001,2.95523828706483,54,1.15470053837925,1.53115034532784e-06,1.25383711994975e-07,NA,NA,NA,NA,NA,NA,208.666666666667,71.3496865990158,801,105.659831534978,144.055369809969,4.60702838515577,1.07714776273292,0.0205432858933001,3
"one_representative",0.7,"Top-M support atoms","atom truncation","M=96, beta=0.02","full",100,"mcmc_empirical_visited_supports",0.110212705007976,0.0198197313570807,0.456987709781554,0.067103408434776,0.114877419511369,0.0214813259535209,0.00613191727285829,0.00111173102382875,31.4818582074281,1.82621672640503,77.6666666666667,4.80740170061865,10.6145131016142,2.44335403818688,97,0,96,0,1.08431374470713,0.103084287919656,-0.000640943259244613,0.000498599503666413,0.000569363985124453,0.000386796883024177,0.0361459109712364,0.00416722470261167,16.4466666666666,2.25395454947768,56.6666666666667,1.33333333333333,1.92079593519523e-06,9.94085663132472e-08,NA,NA,NA,NA,NA,NA,241,57.8878225536252,713,98.1138794123101,179.502766932497,12.4652144575849,1.03786629487523,0.00939074249888425,3
"ordered_interval",0.7,"Top-M support atoms","atom truncation","M=96, beta=0.02","full",100,"mcmc_empirical_visited_supports",0.129481835130973,0.0102469479309669,0.522592198159538,0.0316254378448459,0.137357374898261,0.0105925091434767,0.00724503786926949,0.000587902220697804,31.3029350511262,1.98815268964919,80,6.50640709864771,9.96729031370057,0.11943005760306,97,0,96,0,1.14635173439103,0.0713925715853753,0.00063141412226157,0.000759982093716214,-0.000710176861194195,0.000504212534683674,0.0942627828279776,0.0626814073847106,17.6433333333332,1.73845077903026,55.6666666666667,1.33333333333333,1.94894937766144e-06,1.37021863782286e-07,NA,NA,NA,NA,NA,NA,303.333333333333,25.7509438877706,950.666666666667,40.3085323198176,153.554758377494,13.0201355010066,1.06729443616689,0.018634911986936,3
"weak_signal",0.7,"Top-M support atoms","atom truncation","M=96, beta=0.02","full",100,"mcmc_empirical_visited_supports",0.25802522633753,0.0155426362278643,0.89427650299454,0.0427702090208908,0.289136982514938,0.0202215680234341,0.0143043896720473,0.000822017963611426,29.2448554958601,1.27302739582846,96.6666666666667,0.333333333333333,25.5993929803932,4.82833994275136,97,0,96,0,1.47597010701039,0.0577092951765773,0.0115070476475418,0.00295807588925626,-0.00685015764823232,0.0017220582455802,0.0931393541627873,0.0300936721408885,17.7233333333333,2.40933139642051,62.3333333333333,0.881917103688197,2.10681816607365e-06,7.14893810362482e-08,NA,NA,NA,NA,NA,NA,1095.66666666667,171.474325904622,1962,201.390996157557,175.128525540345,19.2315194837855,1.04238754138431,0.00772700706600646,3
"graph_community",0.9,"Top-M support atoms","atom truncation","M=96, beta=0.02","full",100,"mcmc_empirical_visited_supports",0.29375580329786,0.0176695652111087,0.981698979667359,0.0471297277364668,0.329727837412615,0.0226352721353432,0.0164538573268445,0.000907698040907616,38.8703076239705,0.559845336882892,97,0,23.3387782591095,2.03318272505848,97,0,96,0,1.7559629790472,0.0581142051863671,0.00346102399544209,0.00180756857123787,-0.00233394592180384,0.0010548949160491,0.154145591552916,0.0369290561928974,26.0766666666667,2.41925838039493,61.6666666666667,3.38296385503074,1.1490989259381e-06,5.86754796534456e-07,NA,NA,NA,NA,NA,NA,1228.33333333333,163.269034963087,2100.66666666667,189.320128647514,174.926332540067,7.44876871028743,1.03111151739593,0.00748628577765558,3
"multi_representative",0.9,"Top-M support atoms","atom truncation","M=96, beta=0.02","full",100,"mcmc_empirical_visited_supports",0.232838344970894,0.107350790067981,0.792006002112622,0.290280028861327,0.272761835298207,0.140755966903217,0.0131173296850506,0.00611318613883466,36.8523427461908,6.20547232240742,92,5,16.5964464512397,7.58342237473362,97,0,96,0,1.52643617107228,0.413734004690857,0.00241720314837009,0.00249826189725773,-0.00426793622333754,0.00429452840393377,0.0231041644158959,0.00666697915244859,24.1433333333332,4.8260416261961,58,4.35889894354067,2.22221786153979e-06,3.79839132363156e-07,NA,NA,NA,NA,NA,NA,930.666666666667,611.948890385827,1618.66666666667,728.526442744378,181.983261133479,21.3655131037402,1.06475403616032,0.0134285413473858,3
"noisy_grouping",0.9,"Top-M support atoms","atom truncation","M=96, beta=0.02","full",100,"mcmc_empirical_visited_supports",0.1628506310109,0.0263523365181717,0.621519333663621,0.0768091654885221,0.172708582709749,0.0297269302638369,0.00910319254886986,0.00146044239979807,32.7646465419374,1.16049684048074,96.6666666666667,0.333333333333333,11.3417907133563,2.82939219601248,97,0,96,0,1.27444240695452,0.0980241671396554,0.00222649499459922,0.00257126123731178,-0.00126032872248964,0.00159548214520261,0.0679970647461198,0.0183756426557702,20.4099999999998,0.442417600614203,57.3333333333333,2.40370085030933,1.95560978929106e-06,1.92142424945656e-07,NA,NA,NA,NA,NA,NA,464,106.616133863501,1143.66666666667,153.836854419797,159.331219672953,11.3340580119535,1.05864819177561,0.016001014343833,3
"one_representative",0.9,"Top-M support atoms","atom truncation","M=96, beta=0.02","full",100,"mcmc_empirical_visited_supports",0.292467578484382,0.0584398604565631,0.972319736084694,0.154541638472911,0.33319585185457,0.0747490989316357,0.0163781260677561,0.00329161777242175,38.6028346726445,3.23648278781172,86.6666666666667,10.3333333333333,24.1585590225077,4.98572785387305,97,0,96,0,1.74123599665682,0.219059939062433,0.00250646684192939,0.00597686199707228,-0.00328090441771659,0.00622893673556442,0.0579315378761662,0.0287965180868363,23.1399999999999,2.40676130931168,62.3333333333333,1.20185042515466,2.50793996274072e-06,3.36392262877521e-07,NA,NA,NA,NA,NA,NA,1208.66666666667,335.311960882864,2049,391.415806187401,183.100358803901,5.85759750047794,1.04082959135079,0.0110439089053601,3
"ordered_interval",0.9,"Top-M support atoms","atom truncation","M=96, beta=0.02","full",100,"mcmc_empirical_visited_supports",0.169876363535805,0.0218657482470063,0.644735282256083,0.0633352897099091,0.181744666948069,0.0251201133617171,0.00947067459256766,0.00122011918325846,30.8775732950649,1.74172247579979,96.3333333333333,0.666666666666667,12.0722634095303,2.49993463368887,97,0,96,0,1.25983529278686,0.0976653687951063,0.00254446260600294,0.00176263385482234,-0.00219376768668937,0.00156030493159434,0.0384854524476954,0.00931532559231178,17.3033333333332,2.00449772040541,59.3333333333333,1.45296631451356,2.13102061404532e-06,2.24187463554055e-08,NA,NA,NA,NA,NA,NA,491.666666666667,126.741644475857,1284.33333333333,158.431197825569,172.310428393406,9.61116793549622,1.05088349986881,0.00987830678750446,3
"weak_signal",0.9,"Top-M support atoms","atom truncation","M=96, beta=0.02","full",100,"mcmc_empirical_visited_supports",0.564909444569191,0.0480155037597283,1.66496409328732,0.118828247474018,0.806137662036838,0.110837119699396,0.0317180121297161,0.00290133842890075,41.3852194750864,4.12763693440168,97,0,60.23526161747,7.0442606678522,97,0,96,0,2.48858390045906,0.201177183538994,0.0413862898588941,0.00666638699866094,-0.0224436724293233,0.00314193716997224,0.0505608169740178,0.00703129805570667,28.3833333333332,2.64628250780432,79.6666666666667,5.48735921105144,2.93291685589854e-06,2.24249020418434e-07,NA,NA,NA,NA,NA,NA,4113.33333333333,425.967265304637,5013.33333333333,425.967265304637,180.036777979975,2.61447224398121,1.04990341219829,0.00400516098619526,3
"graph_community",0.7,"Top-M support atoms","atom truncation","M=96, beta=0.08","full",100,"mcmc_empirical_visited_supports",0.288556447451033,0.0340552218920871,1.28971694194303,0.169326038283645,0.399871848445879,0.0652163399906366,0.00364153177715333,0.000483824580606736,33.8615067360013,3.81826143586819,85.6666666666667,4.371625682868,23.017583937236,3.53062541110314,97,0,96,0,3.99552767502152,0.294208064265418,0.000815443476921583,0.0122575812062113,0.00694528112744044,0.015917098822698,3.48574640409135,1.60847354054442,24.9,2.55571907689404,110.333333333333,9.66666666666667,5.54004539652377e-05,4.92959093265743e-05,NA,NA,NA,NA,NA,NA,826,207.588535328905,1566.33333333333,265.538655901128,197.176687569914,12.1930674443513,1.05439923462968,0.00731701808888028,3
"multi_representative",0.7,"Top-M support atoms","atom truncation","M=96, beta=0.08","full",100,"mcmc_empirical_visited_supports",0.259979002742573,0.0198544379961295,1.17647255414335,0.102152839220531,0.303637078754777,0.0283137892196199,0.00330395705831013,0.000358657167545381,29.8960689916643,1.34748095444319,86,5.85946527708232,13.3207212327221,1.06663849001398,97,0,96,0,3.56557491083584,0.0319306168933454,0.0167497115826038,0.00471261297237083,-0.0119631726116632,0.00394142241599011,0.379757151796488,0.0967061878925621,19.7266666666668,3.01450567165581,120,0,0.000119401209516923,4.06238880742737e-05,NA,NA,NA,NA,NA,NA,743.666666666667,127.63271959459,1466,174.596678089819,167.362938128627,5.24002470015892,1.04318834753332,0.0133062875231701,3
"noisy_grouping",0.7,"Top-M support atoms","atom truncation","M=96, beta=0.08","full",100,"mcmc_empirical_visited_supports",0.123620902208886,0.0122097895204551,0.475816214473307,0.0885370327130611,0.0956646022055344,0.0190329414303177,0.0012110081271668,0.000192589605769169,25.2047540899711,0.20282278943773,80.6666666666667,3.84418753155693,4.63562408928378,0.193027926821761,97,0,96,0,2.49066450650841,0.10461864368566,0.000408035841534963,9.22028395594377e-05,-0.000439388911919858,3.04682780961553e-05,0.284508002052445,0.20319142789213,17.3700000000001,2.95523828706483,76.3333333333333,26.995884460002,9.49344270440022e-06,7.99303206869707e-06,NA,NA,NA,NA,NA,NA,208.666666666667,71.3496865990158,801,105.659831534978,144.055369809969,4.60702838515577,1.07714776273292,0.0205432858933001,3
"one_representative",0.7,"Top-M support atoms","atom truncation","M=96, beta=0.08","full",100,"mcmc_empirical_visited_supports",0.151544987610806,0.0157221675076322,0.62939720700239,0.0991901881349488,0.141309465979552,0.0276118382157293,0.00154723016173293,0.000273615945966037,26.9279547444057,1.00080689438642,70.3333333333333,2.84800124843918,8.76966774960569,2.10367264278397,97,0,96,0,2.7815203541052,0.17740586489275,-0.00358733964108926,0.001962940470165,0.00334618571367562,0.00196170405718864,0.182694474611292,0.080663119495417,16.4466666666666,2.25395454947768,89.3333333333333,30.6666666666667,4.36909280450888e-05,2.11331982604499e-05,NA,NA,NA,NA,NA,NA,241,57.8878225536252,713,98.1138794123101,179.502766932497,12.4652144575849,1.03786629487523,0.00939074249888425,3
"ordered_interval",0.7,"Top-M support atoms","atom truncation","M=96, beta=0.08","full",100,"mcmc_empirical_visited_supports",0.193379613865118,0.00977267858370119,0.751540583628948,0.0377494001458288,0.206839529015238,0.0125255500077631,0.0018175579550949,0.000143065716709857,25.3717827577496,1.81230158004464,66.6666666666667,3.84418753155693,8.77405205210334,0.385970308191801,97,0,96,0,2.77911338414567,0.181044040148578,0.00745797569832418,0.00789620105612465,-0.00521372769086075,0.0065938849676815,0.566395658975047,0.216308860291562,17.6433333333332,1.73845077903026,120,0,0.000162179540419416,5.71558164600079e-05,NA,NA,NA,NA,NA,NA,303.333333333333,25.7509438877706,950.666666666667,40.3085323198176,153.554758377494,13.0201355010066,1.06729443616689,0.018634911986936,3
"weak_signal",0.7,"Top-M support atoms","atom truncation","M=96, beta=0.08","full",100,"mcmc_empirical_visited_supports",0.303525504211163,0.0339113008198518,1.32790477915264,0.0882793932046474,0.434451152037548,0.103492606318189,0.0035605053213998,0.000271338251718007,18.0164432288098,0.363040529183707,88.6666666666667,2.84800124843918,24.7190504894018,6.40778851211959,97,0,96,0,2.76608665843681,0.0827708710456735,0.0234341755908172,0.0010449889000015,-0.0145969297025469,0.000890120688019455,2.77412711517579,0.396265929295237,17.7233333333333,2.40933139642051,120,0,0.000110382645633678,4.69563137013508e-05,NA,NA,NA,NA,NA,NA,1095.66666666667,171.474325904622,1962,201.390996157557,175.128525540345,19.2315194837855,1.04238754138431,0.00772700706600646,3
"graph_community",0.9,"Top-M support atoms","atom truncation","M=96, beta=0.08","full",100,"mcmc_empirical_visited_supports",0.299456221976565,0.0171195347186404,1.39472477921759,0.0669074631934243,0.36111434289687,0.0225680832784763,0.00422920060092483,0.000278153937770678,27.6958432018137,0.138959012925119,94,1.73205080756888,21.5943025259124,2.54167301737672,97,0,96,0,3.60733503854614,0.0696987798799951,0.00219535120048553,0.00155165810675798,-0.00138759456409672,0.000967304900626683,1.30981812665647,0.704709503764811,26.0766666666667,2.41925838039493,120,0,7.79863428954643e-05,4.67837171530093e-05,NA,NA,NA,NA,NA,NA,1228.33333333333,163.269034963087,2100.66666666667,189.320128647514,174.926332540067,7.44876871028743,1.03111151739593,0.00748628577765558,3
"multi_representative",0.9,"Top-M support atoms","atom truncation","M=96, beta=0.08","full",100,"mcmc_empirical_visited_supports",0.254648434974406,0.100080631120344,1.13164921954441,0.446794657004532,0.312155355945724,0.165543914669446,0.00331123399693145,0.00154376327565788,27.7201799604671,1.99453282535758,88.3333333333333,6.2271805640898,13.7328307564531,6.35925665636816,97,0,96,0,3.34684172478318,0.605360367886553,-0.00193835504985818,0.00246576185202073,0.000683322680666253,0.00178583129873905,0.361939061067292,0.0997169281515923,24.1433333333332,4.8260416261961,120,0,0.000129734078175107,9.07846972254122e-05,NA,NA,NA,NA,NA,NA,930.666666666667,611.948890385827,1618.66666666667,728.526442744378,181.983261133479,21.3655131037402,1.06475403616032,0.0134285413473858,3
"noisy_grouping",0.9,"Top-M support atoms","atom truncation","M=96, beta=0.08","full",100,"mcmc_empirical_visited_supports",0.182725634525752,0.0203304978944557,0.858185415666746,0.111114760644599,0.191587421509866,0.030314711221502,0.00229451136092042,0.000378779962660183,26.4101416636715,0.45677056167435,90.6666666666667,3.92994204085053,9.85768708242213,2.85132042168906,97,0,96,0,2.96878621459332,0.126304278388184,0.0012790214626921,0.00244654288466231,-0.000323551472854346,0.00181890143579816,0.290576722039331,0.0930633474023303,20.4099999999998,0.442417600614203,120,0,9.07592781837311e-05,4.20553577271062e-05,NA,NA,NA,NA,NA,NA,464,106.616133863501,1143.66666666667,153.836854419797,159.331219672953,11.3340580119535,1.05864819177561,0.016001014343833,3
"one_representative",0.9,"Top-M support atoms","atom truncation","M=96, beta=0.08","full",100,"mcmc_empirical_visited_supports",0.29766900379513,0.0592129009825213,1.38219138626459,0.235416793397616,0.365214974679454,0.0857302923468059,0.00421681249649018,0.000889067260918362,27.5378381356517,1.02557292547988,87.6666666666667,8.83804905570857,23.4586099878576,4.88518780693319,97,0,96,0,3.58210570998027,0.317248827784902,0.00159796294480484,0.00496648146285043,-0.00223408402864916,0.00491801947155808,1.18938169963211,0.825609789610436,23.1399999999999,2.40676130931168,120,0,0.000126166023704263,3.15207955740568e-05,NA,NA,NA,NA,NA,NA,1208.66666666667,335.311960882864,2049,391.415806187401,183.100358803901,5.85759750047794,1.04082959135079,0.0110439089053601,3
"ordered_interval",0.9,"Top-M support atoms","atom truncation","M=96, beta=0.08","full",100,"mcmc_empirical_visited_supports",0.201903074429729,0.0199959647020012,0.90211303473803,0.0911729409298109,0.221034362719963,0.0287985517707754,0.0024477838104693,0.00035907485104474,23.9893126232841,0.982434567818249,86.6666666666667,2.02758751009941,10.2120074944289,2.0525831543738,97,0,96,0,2.81897188697271,0.166847322607613,0.011511493114616,0.00271272661371279,-0.0088141716838192,0.00237185860427654,1.74906762177194,1.0260349218339,17.3033333333332,2.00449772040541,120,0,4.62814005510736e-05,2.23953045607332e-05,NA,NA,NA,NA,NA,NA,491.666666666667,126.741644475857,1284.33333333333,158.431197825569,172.310428393406,9.61116793549622,1.05088349986881,0.00987830678750446,3
"weak_signal",0.9,"Top-M support atoms","atom truncation","M=96, beta=0.08","full",100,"mcmc_empirical_visited_supports",0.580082883612559,0.0500696450948436,2.50082326725931,0.183157864533942,1.01827282508113,0.130640607707679,0.00818461888223228,0.000766712441259294,18.798592820296,2.37949165005923,97,0,56.0356493607469,8.06759710171529,97,0,96,0,4.00070401849907,0.368384790717904,0.0667044361923946,0.0144894666166878,-0.0348166303730039,0.00687342068253702,1.76621539442497,0.472479007015967,28.3833333333332,2.64628250780432,120,0,0.000447940491231573,0.000192512690912909,NA,NA,NA,NA,NA,NA,4113.33333333333,425.967265304637,5013.33333333333,425.967265304637,180.036777979975,2.61447224398121,1.04990341219829,0.00400516098619526,3
"graph_community",0.7,"Elastic net","predictive selection","alpha=0.5, lambda.min","full",100,"mcmc_empirical_visited_supports",NA,NA,NA,NA,NA,NA,NA,NA,32.6666666666667,1.20185042515466,NA,NA,NA,NA,NA,NA,32.6666666666667,1.20185042515466,NA,NA,0.00563670313444566,0.0330806643716967,-0.233657258660041,0.00113224819146622,NA,NA,24.9,2.55571907689404,NA,NA,NA,NA,NA,NA,NA,NA,NA,NA,826,207.588535328905,1566.33333333333,265.538655901128,197.176687569914,12.1930674443513,1.05439923462968,0.00731701808888028,3
"multi_representative",0.7,"Elastic net","predictive selection","alpha=0.5, lambda.min","full",100,"mcmc_empirical_visited_supports",NA,NA,NA,NA,NA,NA,NA,NA,26.3333333333333,2.40370085030933,NA,NA,NA,NA,NA,NA,26.3333333333333,2.40370085030933,NA,NA,-0.0266240920531854,0.0130239535362807,-0.0729677478786344,0.0444951718803306,NA,NA,19.7266666666668,3.01450567165581,NA,NA,NA,NA,NA,NA,NA,NA,NA,NA,743.666666666667,127.63271959459,1466,174.596678089819,167.362938128627,5.24002470015892,1.04318834753332,0.0133062875231701,3
"noisy_grouping",0.7,"Elastic net","predictive selection","alpha=0.5, lambda.min","full",100,"mcmc_empirical_visited_supports",NA,NA,NA,NA,NA,NA,NA,NA,23.3333333333333,0.333333333333333,NA,NA,NA,NA,NA,NA,23.3333333333333,0.333333333333333,NA,NA,0.0987760058302351,0.0197571054801529,-0.125228414390633,0.0198797406502135,NA,NA,17.3700000000001,2.95523828706483,NA,NA,NA,NA,NA,NA,NA,NA,NA,NA,208.666666666667,71.3496865990158,801,105.659831534978,144.055369809969,4.60702838515577,1.07714776273292,0.0205432858933001,3
"one_representative",0.7,"Elastic net","predictive selection","alpha=0.5, lambda.min","full",100,"mcmc_empirical_visited_supports",NA,NA,NA,NA,NA,NA,NA,NA,24.6666666666667,0.881917103688197,NA,NA,NA,NA,NA,NA,24.6666666666667,0.881917103688197,NA,NA,0.0791028014816575,0.0125807680660366,-0.115224069336992,0.009379882512752,NA,NA,16.4466666666666,2.25395454947768,NA,NA,NA,NA,NA,NA,NA,NA,NA,NA,241,57.8878225536252,713,98.1138794123101,179.502766932497,12.4652144575849,1.03786629487523,0.00939074249888425,3
"ordered_interval",0.7,"Elastic net","predictive selection","alpha=0.5, lambda.min","full",100,"mcmc_empirical_visited_supports",NA,NA,NA,NA,NA,NA,NA,NA,15.6666666666667,4.17665469538056,NA,NA,NA,NA,NA,NA,15.6666666666667,4.17665469538056,NA,NA,0.0674671491559633,0.00806028351655397,-0.0958012052927999,0.0337798365895699,NA,NA,17.6433333333332,1.73845077903026,NA,NA,NA,NA,NA,NA,NA,NA,NA,NA,303.333333333333,25.7509438877706,950.666666666667,40.3085323198176,153.554758377494,13.0201355010066,1.06729443616689,0.018634911986936,3
"weak_signal",0.7,"Elastic net","predictive selection","alpha=0.5, lambda.min","full",100,"mcmc_empirical_visited_supports",NA,NA,NA,NA,NA,NA,NA,NA,23.6666666666667,5.36449231314369,NA,NA,NA,NA,NA,NA,23.6666666666667,5.36449231314369,NA,NA,-0.0464796265596111,0.0309876806266913,-0.0231466186700662,0.0187067737331149,NA,NA,17.7233333333333,2.40933139642051,NA,NA,NA,NA,NA,NA,NA,NA,NA,NA,1095.66666666667,171.474325904622,1962,201.390996157557,175.128525540345,19.2315194837855,1.04238754138431,0.00772700706600646,3
"graph_community",0.9,"Elastic net","predictive selection","alpha=0.5, lambda.min","full",100,"mcmc_empirical_visited_supports",NA,NA,NA,NA,NA,NA,NA,NA,23.6666666666667,0.333333333333333,NA,NA,NA,NA,NA,NA,23.6666666666667,0.333333333333333,NA,NA,0.0475576977140364,0.010278754647817,-0.0669111162997649,0.0116195452954774,NA,NA,26.0766666666667,2.41925838039493,NA,NA,NA,NA,NA,NA,NA,NA,NA,NA,1228.33333333333,163.269034963087,2100.66666666667,189.320128647514,174.926332540067,7.44876871028743,1.03111151739593,0.00748628577765558,3
"multi_representative",0.9,"Elastic net","predictive selection","alpha=0.5, lambda.min","full",100,"mcmc_empirical_visited_supports",NA,NA,NA,NA,NA,NA,NA,NA,29.3333333333333,2.185812841434,NA,NA,NA,NA,NA,NA,29.3333333333333,2.185812841434,NA,NA,-0.0430933087275919,0.0830657028599664,-0.0236298092720579,0.0406325619676839,NA,NA,24.1433333333332,4.8260416261961,NA,NA,NA,NA,NA,NA,NA,NA,NA,NA,930.666666666667,611.948890385827,1618.66666666667,728.526442744378,181.983261133479,21.3655131037402,1.06475403616032,0.0134285413473858,3
"noisy_grouping",0.9,"Elastic net","predictive selection","alpha=0.5, lambda.min","full",100,"mcmc_empirical_visited_supports",NA,NA,NA,NA,NA,NA,NA,NA,27.3333333333333,4.33333333333333,NA,NA,NA,NA,NA,NA,27.3333333333333,4.33333333333333,NA,NA,0.0631819687957707,0.0189339544807353,-0.124074006713991,0.0787522006137425,NA,NA,20.4099999999998,0.442417600614203,NA,NA,NA,NA,NA,NA,NA,NA,NA,NA,464,106.616133863501,1143.66666666667,153.836854419797,159.331219672953,11.3340580119535,1.05864819177561,0.016001014343833,3
"one_representative",0.9,"Elastic net","predictive selection","alpha=0.5, lambda.min","full",100,"mcmc_empirical_visited_supports",NA,NA,NA,NA,NA,NA,NA,NA,22,2.51661147842358,NA,NA,NA,NA,NA,NA,22,2.51661147842358,NA,NA,0.041498452217069,0.06518588316872,-0.0554959118151439,0.0322097771382596,NA,NA,23.1399999999999,2.40676130931168,NA,NA,NA,NA,NA,NA,NA,NA,NA,NA,1208.66666666667,335.311960882864,2049,391.415806187401,183.100358803901,5.85759750047794,1.04082959135079,0.0110439089053601,3
"ordered_interval",0.9,"Elastic net","predictive selection","alpha=0.5, lambda.min","full",100,"mcmc_empirical_visited_supports",NA,NA,NA,NA,NA,NA,NA,NA,18,4.50924975282289,NA,NA,NA,NA,NA,NA,18,4.50924975282289,NA,NA,0.029003105981793,0.0231574556156058,-0.0611277328960674,0.0269833730396436,NA,NA,17.3033333333332,2.00449772040541,NA,NA,NA,NA,NA,NA,NA,NA,NA,NA,491.666666666667,126.741644475857,1284.33333333333,158.431197825569,172.310428393406,9.61116793549622,1.05088349986881,0.00987830678750446,3
"weak_signal",0.9,"Elastic net","predictive selection","alpha=0.5, lambda.min","full",100,"mcmc_empirical_visited_supports",NA,NA,NA,NA,NA,NA,NA,NA,24.3333333333333,0.881917103688197,NA,NA,NA,NA,NA,NA,24.3333333333333,0.881917103688197,NA,NA,-0.0429571177794608,0.0218231634353825,-0.0462133154135005,0.0101584711752556,NA,NA,28.3833333333332,2.64628250780432,NA,NA,NA,NA,NA,NA,NA,NA,NA,NA,4113.33333333333,425.967265304637,5013.33333333333,425.967265304637,180.036777979975,2.61447224398121,1.04990341219829,0.00400516098619526,3
"graph_community",0.7,"Lasso","predictive selection","alpha=1, lambda.min","full",100,"mcmc_empirical_visited_supports",NA,NA,NA,NA,NA,NA,NA,NA,28.3333333333333,1.76383420737639,NA,NA,NA,NA,NA,NA,28.3333333333333,1.76383420737639,NA,NA,-0.00369521413831048,0.0261973986737244,-0.203888641187022,0.0316338643449663,NA,NA,24.9,2.55571907689404,NA,NA,NA,NA,NA,NA,NA,NA,NA,NA,826,207.588535328905,1566.33333333333,265.538655901128,197.176687569914,12.1930674443513,1.05439923462968,0.00731701808888028,3
"multi_representative",0.7,"Lasso","predictive selection","alpha=1, lambda.min","full",100,"mcmc_empirical_visited_supports",NA,NA,NA,NA,NA,NA,NA,NA,25.3333333333333,2.90593262902712,NA,NA,NA,NA,NA,NA,25.3333333333333,2.90593262902712,NA,NA,-0.0369850016025913,0.0131457718109541,-0.068536993507597,0.0532643143031385,NA,NA,19.7266666666668,3.01450567165581,NA,NA,NA,NA,NA,NA,NA,NA,NA,NA,743.666666666667,127.63271959459,1466,174.596678089819,167.362938128627,5.24002470015892,1.04318834753332,0.0133062875231701,3
"noisy_grouping",0.7,"Lasso","predictive selection","alpha=1, lambda.min","full",100,"mcmc_empirical_visited_supports",NA,NA,NA,NA,NA,NA,NA,NA,16.3333333333333,2.33333333333333,NA,NA,NA,NA,NA,NA,16.3333333333333,2.33333333333333,NA,NA,0.0772637618672053,0.011168941892109,-0.089721809256677,0.0168996197821821,NA,NA,17.3700000000001,2.95523828706483,NA,NA,NA,NA,NA,NA,NA,NA,NA,NA,208.666666666667,71.3496865990158,801,105.659831534978,144.055369809969,4.60702838515577,1.07714776273292,0.0205432858933001,3
"one_representative",0.7,"Lasso","predictive selection","alpha=1, lambda.min","full",100,"mcmc_empirical_visited_supports",NA,NA,NA,NA,NA,NA,NA,NA,18,1.15470053837925,NA,NA,NA,NA,NA,NA,18,1.15470053837925,NA,NA,0.0569389873232456,0.0144893094587304,-0.0868234214536785,0.00629278539573116,NA,NA,16.4466666666666,2.25395454947768,NA,NA,NA,NA,NA,NA,NA,NA,NA,NA,241,57.8878225536252,713,98.1138794123101,179.502766932497,12.4652144575849,1.03786629487523,0.00939074249888425,3
"ordered_interval",0.7,"Lasso","predictive selection","alpha=1, lambda.min","full",100,"mcmc_empirical_visited_supports",NA,NA,NA,NA,NA,NA,NA,NA,12.3333333333333,3.84418753155693,NA,NA,NA,NA,NA,NA,12.3333333333333,3.84418753155693,NA,NA,0.0511735196424786,0.00963083826914991,-0.0705007196139185,0.0266559351278447,NA,NA,17.6433333333332,1.73845077903026,NA,NA,NA,NA,NA,NA,NA,NA,NA,NA,303.333333333333,25.7509438877706,950.666666666667,40.3085323198176,153.554758377494,13.0201355010066,1.06729443616689,0.018634911986936,3
"weak_signal",0.7,"Lasso","predictive selection","alpha=1, lambda.min","full",100,"mcmc_empirical_visited_supports",NA,NA,NA,NA,NA,NA,NA,NA,21.3333333333333,3.17979733805649,NA,NA,NA,NA,NA,NA,21.3333333333333,3.17979733805649,NA,NA,-0.051539620950636,0.0324956169415416,-0.0215363500376825,0.0189119811633279,NA,NA,17.7233333333333,2.40933139642051,NA,NA,NA,NA,NA,NA,NA,NA,NA,NA,1095.66666666667,171.474325904622,1962,201.390996157557,175.128525540345,19.2315194837855,1.04238754138431,0.00772700706600646,3
"graph_community",0.9,"Lasso","predictive selection","alpha=1, lambda.min","full",100,"mcmc_empirical_visited_supports",NA,NA,NA,NA,NA,NA,NA,NA,18.3333333333333,2.02758751009941,NA,NA,NA,NA,NA,NA,18.3333333333333,2.02758751009941,NA,NA,0.0568378717994524,0.0158481934665405,-0.0723626601202418,0.0138952437069701,NA,NA,26.0766666666667,2.41925838039493,NA,NA,NA,NA,NA,NA,NA,NA,NA,NA,1228.33333333333,163.269034963087,2100.66666666667,189.320128647514,174.926332540067,7.44876871028743,1.03111151739593,0.00748628577765558,3
"multi_representative",0.9,"Lasso","predictive selection","alpha=1, lambda.min","full",100,"mcmc_empirical_visited_supports",NA,NA,NA,NA,NA,NA,NA,NA,24,2.51661147842358,NA,NA,NA,NA,NA,NA,24,2.51661147842358,NA,NA,-0.0353392676935808,0.079841963431738,-0.0363535343511385,0.0378846500005429,NA,NA,24.1433333333332,4.8260416261961,NA,NA,NA,NA,NA,NA,NA,NA,NA,NA,930.666666666667,611.948890385827,1618.66666666667,728.526442744378,181.983261133479,21.3655131037402,1.06475403616032,0.0134285413473858,3
"noisy_grouping",0.9,"Lasso","predictive selection","alpha=1, lambda.min","full",100,"mcmc_empirical_visited_supports",NA,NA,NA,NA,NA,NA,NA,NA,14.3333333333333,1.85592145427667,NA,NA,NA,NA,NA,NA,14.3333333333333,1.85592145427667,NA,NA,0.033854999750593,0.010046374397831,-0.0332658107047732,0.0112713497517743,NA,NA,20.4099999999998,0.442417600614203,NA,NA,NA,NA,NA,NA,NA,NA,NA,NA,464,106.616133863501,1143.66666666667,153.836854419797,159.331219672953,11.3340580119535,1.05864819177561,0.016001014343833,3
"one_representative",0.9,"Lasso","predictive selection","alpha=1, lambda.min","full",100,"mcmc_empirical_visited_supports",NA,NA,NA,NA,NA,NA,NA,NA,18,1.52752523165195,NA,NA,NA,NA,NA,NA,18,1.52752523165195,NA,NA,0.0359998681183446,0.0558761294643342,-0.051851185936005,0.0239485422997777,NA,NA,23.1399999999999,2.40676130931168,NA,NA,NA,NA,NA,NA,NA,NA,NA,NA,1208.66666666667,335.311960882864,2049,391.415806187401,183.100358803901,5.85759750047794,1.04082959135079,0.0110439089053601,3
"ordered_interval",0.9,"Lasso","predictive selection","alpha=1, lambda.min","full",100,"mcmc_empirical_visited_supports",NA,NA,NA,NA,NA,NA,NA,NA,12.3333333333333,4.371625682868,NA,NA,NA,NA,NA,NA,12.3333333333333,4.371625682868,NA,NA,0.0267899085653321,0.0203996913338323,-0.0386293590938437,0.0196498142899079,NA,NA,17.3033333333332,2.00449772040541,NA,NA,NA,NA,NA,NA,NA,NA,NA,NA,491.666666666667,126.741644475857,1284.33333333333,158.431197825569,172.310428393406,9.61116793549622,1.05088349986881,0.00987830678750446,3
"weak_signal",0.9,"Lasso","predictive selection","alpha=1, lambda.min","full",100,"mcmc_empirical_visited_supports",NA,NA,NA,NA,NA,NA,NA,NA,18.3333333333333,0.666666666666667,NA,NA,NA,NA,NA,NA,18.3333333333333,0.666666666666667,NA,NA,-0.0427027341887399,0.021604294795437,-0.0452211550431925,0.00977984192121365,NA,NA,28.3833333333332,2.64628250780432,NA,NA,NA,NA,NA,NA,NA,NA,NA,NA,4113.33333333333,425.967265304637,5013.33333333333,425.967265304637,180.036777979975,2.61447224398121,1.04990341219829,0.00400516098619526,3
"graph_community",0.7,"Fixed hard dictionary","fixed region dictionary","beta=0.005","full",100,"mcmc_empirical_visited_supports",0.185169025474465,0.0930105685077094,0.16125818140198,0.0813516864538122,0.168498484780048,0.0911116696389402,0.60137915965996,0.198454770666044,153.047330689196,42.7447857240039,33.3333333333333,7.88106027835793,6.42488842714945,2.64377852121717,49,0,NA,NA,0.957223141920001,0.171344978366247,0.00746171414947348,0.0043344972300438,-0.00414053644193994,0.00227344475773432,0.0603821061664596,0.0138012500270108,24.9,2.55571907689404,120,0,2.01398588261329e-05,8.81828306269209e-06,NA,NA,NA,NA,NA,NA,826,207.588535328905,1566.33333333333,265.538655901128,197.176687569914,12.1930674443513,1.05439923462968,0.00731701808888028,3
"multi_representative",0.7,"Fixed hard dictionary","fixed region dictionary","beta=0.005","full",100,"mcmc_empirical_visited_supports",0.263300175091239,0.0740328325735364,0.222658672470298,0.0546530679418076,0.285684100071137,0.0332275945742268,0.547781606865411,0.168861555193943,140.648039399933,36.8879855778045,47.6666666666667,0.881917103688197,11.3724107288472,4.57889919024916,49,0,NA,NA,0.923787471511061,0.130594633419926,0.0130359256368181,0.0113076950323483,-0.009075476159402,0.00828860124732583,0.0452893732862693,0.00689701482116952,19.7266666666668,3.01450567165581,120,0,2.15114131251563e-05,9.83175834375346e-06,NA,NA,NA,NA,NA,NA,743.666666666667,127.63271959459,1466,174.596678089819,167.362938128627,5.24002470015892,1.04318834753332,0.0133062875231701,3
"noisy_grouping",0.7,"Fixed hard dictionary","fixed region dictionary","beta=0.005","full",100,"mcmc_empirical_visited_supports",0.153118034357266,0.0765735550975306,0.163963043827104,0.0820068740775355,0.108598332058512,0.0543560165697182,0.399006740050631,0.245789499195924,108.332878834846,53.4253450220515,47.6666666666667,0.881917103688197,17.5590301096857,7.71277784909476,49,0,NA,NA,0.741923147495268,0.224749922751464,0.000386214539300396,0.000214406309764119,-0.000380230611588169,0.000222001940087829,0.0556006236327513,0.0135742065842664,17.3700000000001,2.95523828706483,120,0,3.38762830813799e-05,1.68681676119325e-05,NA,NA,NA,NA,NA,NA,208.666666666667,71.3496865990158,801,105.659831534978,144.055369809969,4.60702838515577,1.07714776273292,0.0205432858933001,3
"one_representative",0.7,"Fixed hard dictionary","fixed region dictionary","beta=0.005","full",100,"mcmc_empirical_visited_supports",0.238582590195039,0.0179825097617725,0.247727029968167,0.00653987278935584,0.169427836867454,0.0111360390845157,0.188370303437888,0.0315034102570774,63.0487163665705,7.20638678685827,38.6666666666667,2.33333333333333,21.3990503811847,2.11893966189877,49,0,NA,NA,0.559917411395157,0.0410837596815692,-0.00184110971480604,0.000862674893518154,0.00174047424691049,0.000868334082248592,0.094887417422046,0.0386196704857401,16.4466666666666,2.25395454947768,120,0,2.58184664272779e-05,6.03685576544706e-06,NA,NA,NA,NA,NA,NA,241,57.8878225536252,713,98.1138794123101,179.502766932497,12.4652144575849,1.03786629487523,0.00939074249888425,3
"ordered_interval",0.7,"Fixed hard dictionary","fixed region dictionary","beta=0.005","full",100,"mcmc_empirical_visited_supports",3.67725236834667e-18,1.04419952209327e-18,-9.73295518254722e-18,2.3984510176287e-18,9.73295518254722e-18,2.3984510176287e-18,0.86712614790853,9.82206714502297e-05,209.147543728066,0.0242492300562036,44.6666666666667,2.33333333333333,2.4354843149521,0.0060463934106823,49,0,NA,NA,1.18741840546427,1.04535948852148e-05,0,0,0,0,0.0379374001763347,0.00474217502204183,17.6433333333332,1.73845077903026,120,0,5.63044526876352e-06,4.87777083451666e-07,NA,NA,NA,NA,NA,NA,303.333333333333,25.7509438877706,950.666666666667,40.3085323198176,153.554758377494,13.0201355010066,1.06729443616689,0.018634911986936,3
"weak_signal",0.7,"Fixed hard dictionary","fixed region dictionary","beta=0.005","full",100,"mcmc_empirical_visited_supports",0.22821133855258,0.0167787942362729,0.249199242342464,0.00973171930615455,0.166533789365692,0.0128638898547485,0.160198396531394,0.017830767526663,52.4708695832309,3.41381989858213,26.6666666666667,2.185812841434,12.9384217230744,0.285740545658167,49,0,NA,NA,0.508993872540909,0.0259342527753105,0.00644597890905185,0.00229015818568924,-0.00371095730928402,0.00159456002500446,0.129330279667312,0.0203190038237934,17.7233333333333,2.40933139642051,120,0,3.07011863132459e-05,2.72230939859261e-06,NA,NA,NA,NA,NA,NA,1095.66666666667,171.474325904622,1962,201.390996157557,175.128525540345,19.2315194837855,1.04238754138431,0.00772700706600646,3
"graph_community",0.9,"Fixed hard dictionary","fixed region dictionary","beta=0.005","full",100,"mcmc_empirical_visited_supports",0.254074231924215,0.0280306302437623,0.255264278506049,0.0112003285120708,0.181991796498515,0.0175107934600179,0.20887167643825,0.0308317227389692,67.0179036135196,6.36186417930232,44.3333333333333,4.66666666666667,20.6942781005254,4.82862894501828,49,0,NA,NA,0.587392368213002,0.0419944152443062,0.000728293615383401,0.000820277488581121,-0.000504811853735041,0.000733150860286686,0.0605377681312255,0.00767606734204248,26.0766666666667,2.41925838039493,120,0,3.79022552502069e-05,6.82091674918926e-06,NA,NA,NA,NA,NA,NA,1228.33333333333,163.269034963087,2100.66666666667,189.320128647514,174.926332540067,7.44876871028743,1.03111151739593,0.00748628577765558,3
"multi_representative",0.9,"Fixed hard dictionary","fixed region dictionary","beta=0.005","full",100,"mcmc_empirical_visited_supports",0.264570411258299,0.0127986126031243,0.259886889113758,0.0025808302977488,0.192113838323448,0.0108486067393337,0.243783093540109,0.0297378254789557,74.9668645514269,7.55741036784287,43,6,21.7895306205939,7.38611221932422,49,0,NA,NA,0.63181041631526,0.0407880444970089,0.00022813177510139,0.00210797380147025,4.93930866856134e-05,0.00199982551235205,0.0573075032581576,0.0230147444743555,24.1433333333332,4.8260416261961,120,0,2.31610185118895e-05,6.88219180227011e-06,NA,NA,NA,NA,NA,NA,930.666666666667,611.948890385827,1618.66666666667,728.526442744378,181.983261133479,21.3655131037402,1.06475403616032,0.0134285413473858,3
"noisy_grouping",0.9,"Fixed hard dictionary","fixed region dictionary","beta=0.005","full",100,"mcmc_empirical_visited_supports",0.229127428464198,0.0728713748940863,0.205560224204516,0.058123076724267,0.228891557037007,0.029669203285335,0.48310295527589,0.203051979079473,126.240001142705,44.3944262848219,41,5.13160143944688,13.7948620663823,5.78898863832113,49,0,NA,NA,0.846552860406822,0.182859827551309,-0.000523262752823403,0.00205171955903796,0.00117266911007729,0.00254833771510665,0.04092252658388,0.0114569514042351,20.4099999999998,0.442417600614203,120,0,1.96243749540267e-05,1.09429543310847e-05,NA,NA,NA,NA,NA,NA,464,106.616133863501,1143.66666666667,153.836854419797,159.331219672953,11.3340580119535,1.05864819177561,0.016001014343833,3
"one_representative",0.9,"Fixed hard dictionary","fixed region dictionary","beta=0.005","full",100,"mcmc_empirical_visited_supports",0.233497276821015,0.0295691171114678,0.24739827864649,0.0154771339604684,0.170836228661512,0.0220628013881818,0.183418319890461,0.0354762683118708,61.3658407418313,8.00672991884968,44,4.50924975282289,25.7663282827077,6.27702829291606,49,0,NA,NA,0.55103419983379,0.0556320708361206,-0.000501504671114314,0.00166549720660008,0.000279954966161918,0.00122118324534444,0.0679223897715373,0.0159127217281261,23.1399999999999,2.40676130931168,120,0,3.62219529524606e-05,6.76992572922872e-06,NA,NA,NA,NA,NA,NA,1208.66666666667,335.311960882864,2049,391.415806187401,183.100358803901,5.85759750047794,1.04082959135079,0.0110439089053601,3
"ordered_interval",0.9,"Fixed hard dictionary","fixed region dictionary","beta=0.005","full",100,"mcmc_empirical_visited_supports",2.4428430198814e-18,1.38152017149823e-18,3.51365027608221e-18,1.96280724880809e-18,-3.51365027608221e-18,1.96280724880809e-18,0.866944835114621,6.66133814775094e-16,209.102781347379,0,49,0,2.4466837342447,1.20300917246574e-14,49,0,NA,NA,1.1873991047518,3.33066907387547e-15,0,0,0,0,0.028453050132251,0,17.3033333333332,2.00449772040541,120,0,4.73025517111481e-06,1.28197756952482e-16,NA,NA,NA,NA,NA,NA,491.666666666667,126.741644475857,1284.33333333333,158.431197825569,172.310428393406,9.61116793549622,1.05088349986881,0.00987830678750446,3
"weak_signal",0.9,"Fixed hard dictionary","fixed region dictionary","beta=0.005","full",100,"mcmc_empirical_visited_supports",0.220185820513255,0.0067068357079791,0.245397832580948,0.00227356932381387,0.162849871095658,0.00422837678755488,0.173432078526732,0.0157671067882305,56.1702474269994,4.07123158283106,26.6666666666667,1.20185042515466,9.37735227310084,1.39384159297329,49,0,NA,NA,0.524032097360365,0.0226940706075802,0.0110628899891965,0.00257493646244684,-0.0058859607670998,0.0014014933074985,0.137588370041728,0.0375084805963977,28.3833333333332,2.64628250780432,120,0,3.82244848102601e-05,3.53025277962814e-06,NA,NA,NA,NA,NA,NA,4113.33333333333,425.967265304637,5013.33333333333,425.967265304637,180.036777979975,2.61447224398121,1.04990341219829,0.00400516098619526,3
"graph_community",0.7,"ASK-PC pooled union","support-kernel compression","beta=0.005","full",100,"mcmc_empirical_visited_supports",0.0663910703787142,0.00182026149179125,0.013143949129643,0.000680493550844094,0.0128183744358953,0.000617150239231931,0.485702225859585,0.0370295832699528,13.3769204030019,0.295192163274194,84.6666666666667,6.83942817622773,22.156621227335,3.25818082775352,1294.66666666667,30.601379780076,NA,NA,0.0769549023750546,0.000953513005144664,0.000657729718895363,0.00109241590304961,0.000398366426212677,0.00165000165441487,0.0195246917744727,0.00178454937899269,24.9,2.55571907689404,0,0,0,0,2343.66666666667,3.2829526005987,2326.66666666667,5.92546294487706,1294.66666666667,30.601379780076,826,207.588535328905,1566.33333333333,265.538655901128,197.176687569914,12.1930674443513,1.05439923462968,0.00731701808888028,3
"multi_representative",0.7,"ASK-PC pooled union","support-kernel compression","beta=0.005","full",100,"mcmc_empirical_visited_supports",0.0674961778192221,0.0018118607928799,0.0132714118139089,0.000969607880488866,0.0127832424086586,0.000825036467245742,0.513770654128494,0.0484874956288979,13.2878586189545,0.446679198834464,89.3333333333333,6.93621734889494,22.1148966192546,3.17661795870164,1287.66666666667,44.382178605582,NA,NA,0.0766340268968281,0.00139577468625875,0.00368998576519138,0.000826421672492124,-0.00260510505001569,0.000621890829734447,0.0173464592911054,0.000600608637794733,19.7266666666668,3.01450567165581,0,0,0,0,2335.33333333333,4.70224532655529,2317.33333333333,6.17341972581738,1287.66666666667,44.382178605582,743.666666666667,127.63271959459,1466,174.596678089819,167.362938128627,5.24002470015892,1.04318834753332,0.0133062875231701,3
"noisy_grouping",0.7,"ASK-PC pooled union","support-kernel compression","beta=0.005","full",100,"mcmc_empirical_visited_supports",0.0813341606660772,0.0015177696368584,0.0195738001859652,0.000655897463448698,0.0177425157636788,0.000490442244155742,0.281115433249403,0.0284775500947765,10.2076952536081,0.370792518954945,239.333333333333,32.6717683091143,105.299525707511,22.3652775881166,1239.66666666667,15.3441990486452,NA,NA,0.0660095284501707,0.00145861757893866,0.000212207136931856,5.16995927549033e-05,-0.000229012322254437,4.38683192345226e-05,0.0174105251241085,0.00173296739552497,17.3700000000001,2.95523828706483,0,0,0,0,2358,3,2346,3,1239.66666666667,15.3441990486452,208.666666666667,71.3496865990158,801,105.659831534978,144.055369809969,4.60702838515577,1.07714776273292,0.0205432858933001,3
"one_representative",0.7,"ASK-PC pooled union","support-kernel compression","beta=0.005","full",100,"mcmc_empirical_visited_supports",0.0814059035686506,0.00425081733329297,0.0205129233986818,0.00120839084586928,0.018736245372701,0.00113558975126769,0.19643349683303,0.021651736985486,9.76565052891772,0.485785133732629,150.333333333333,47.8759972335941,91.818368835857,30.4420298446961,1194,3.78593889720018,NA,NA,0.0649229499856796,0.00153126838934521,-0.000707992146708284,0.000243547255094054,0.000654849326282199,0.000221460155060838,0.0180491805771027,0.00118422744350678,16.4466666666666,2.25395454947768,0,0,0,0,2347.66666666667,1.76383420737639,2333.66666666667,4.17665469538056,1194,3.78593889720018,241,57.8878225536252,713,98.1138794123101,179.502766932497,12.4652144575849,1.03786629487523,0.00939074249888425,3
"ordered_interval",0.7,"ASK-PC pooled union","support-kernel compression","beta=0.005","full",100,"mcmc_empirical_visited_supports",0.0767626821579868,0.00228694099137083,0.0186513054212982,0.000867000787730322,0.0169998486123082,0.000710453074412615,0.201436272670703,0.0569772197534687,10.4288715111446,0.541664517315632,74,18.0092568789868,41.8681092471423,4.89820827565753,1142.66666666667,18.6577359588754,NA,NA,0.0670747851421863,0.00180674160297694,0.000214363620126168,0.000564181984896336,-0.000122432407619666,0.000473580375760312,0.0191779301549864,0.0015823824026133,17.6433333333332,1.73845077903026,0,0,0,0,2308,4.58257569495584,2301,8.18535277187245,1142.66666666667,18.6577359588754,303.333333333333,25.7509438877706,950.666666666667,40.3085323198176,153.554758377494,13.0201355010066,1.06729443616689,0.018634911986936,3
"weak_signal",0.7,"ASK-PC pooled union","support-kernel compression","beta=0.005","full",100,"mcmc_empirical_visited_supports",0.0737108999478453,0.00103244239143473,0.0171816967715334,0.000370813732349551,0.0161037734046418,0.000395666977130019,0.284556725959058,0.0350036776665052,11.4032643144451,0.18003117655935,98.6666666666667,17.7043622998527,42.6118701887117,8.73513005434024,1350,5.5075705472861,NA,NA,0.0704953881953143,0.00062450563299431,0.00348666153079454,0.000626518284886372,-0.00205262567565493,0.000358636418327216,0.0241168690255963,0.00438593361883105,17.7233333333333,2.40933139642051,0,0,0,0,2351,3,2340,4,1350,5.5075705472861,1095.66666666667,171.474325904622,1962,201.390996157557,175.128525540345,19.2315194837855,1.04238754138431,0.00772700706600646,3
"graph_community",0.9,"ASK-PC pooled union","support-kernel compression","beta=0.005","full",100,"mcmc_empirical_visited_supports",0.0796821690447035,0.00254660721089427,0.0178112471434503,0.000819329615680706,0.0166160873318373,0.000730805964680044,0.357120277677451,0.0242048998559008,11.2395729392383,0.348780430129837,190.666666666667,68.7248944059655,70.0250468367887,22.7071545602071,1425.66666666667,21.073943890765,NA,NA,0.0698628313786893,0.00109347544749716,0.000149024092259327,0.00026775953957099,-6.67437068897492e-05,0.000235270934901903,0.0176084190040577,0.00139975295643701,26.0766666666667,2.41925838039493,0,0,0,0,2338.33333333333,3.38296385503074,2319.33333333333,3.2829526005987,1425.66666666667,21.073943890765,1228.33333333333,163.269034963087,2100.66666666667,189.320128647514,174.926332540067,7.44876871028743,1.03111151739593,0.00748628577765558,3
"multi_representative",0.9,"ASK-PC pooled union","support-kernel compression","beta=0.005","full",100,"mcmc_empirical_visited_supports",0.0751166400659249,0.00945386570433936,0.0170242867171777,0.00404097111466023,0.0157665465215838,0.00338892951941918,0.37311384087655,0.17048714263309,11.4093013596408,1.91604373127038,175,51.8844870842914,81.0635985297555,36.0201353399443,1345.66666666667,91.9317379605348,NA,NA,0.0701572349008285,0.00636354086297233,-0.000920512117597695,0.00139182351884773,0.000862593484532402,0.00131886006027356,0.0172225197461479,0.0023929730588804,24.1433333333332,4.8260416261961,0,0,0,0,2336.33333333333,2.96273147243853,2319.33333333333,5.60753461375357,1345.66666666667,91.9317379605348,930.666666666667,611.948890385827,1618.66666666667,728.526442744378,181.983261133479,21.3655131037402,1.06475403616032,0.0134285413473858,3
"noisy_grouping",0.9,"ASK-PC pooled union","support-kernel compression","beta=0.005","full",100,"mcmc_empirical_visited_supports",0.0807790459207917,0.00147779609028185,0.019263393608931,0.000415112044530198,0.0175550100189123,0.000403890200096923,0.292657051707628,0.0215009336576516,10.37612824405,0.192764727164342,197.666666666667,59.9898139501847,85.7664163507167,23.4152652263107,1359.33333333333,33.2181342709738,NA,NA,0.0667880592168242,0.000525208910076072,-0.000127320543405289,0.00010982613852557,0.000134437127667327,0.00010182854939878,0.0263141514621867,0.00900584273698848,20.4099999999998,0.442417600614203,0,0,0,0,2345.66666666667,3.2829526005987,2327.66666666667,2.40370085030933,1359.33333333333,33.2181342709738,464,106.616133863501,1143.66666666667,153.836854419797,159.331219672953,11.3340580119535,1.05864819177561,0.016001014343833,3
"one_representative",0.9,"ASK-PC pooled union","support-kernel compression","beta=0.005","full",100,"mcmc_empirical_visited_supports",0.0783729538662222,0.0018850832830277,0.0191726966462089,0.00202111738482099,0.0174102699315193,0.00119806418019502,0.287019388626628,0.10904156321162,10.342178985449,1.31509577824977,227,47.7214137817954,135.191286013443,72.4769316849908,1418.33333333333,55.995039462835,NA,NA,0.0662536528219216,0.00505710522378787,-0.000151074340060046,0.000351010212446124,0.000154910836942967,0.000239996605014994,0.0159874425431769,0.000541450433217463,23.1399999999999,2.40676130931168,0,0,0,0,2335,2.08166599946613,2315,2.88675134594813,1418.33333333333,55.995039462835,1208.66666666667,335.311960882864,2049,391.415806187401,183.100358803901,5.85759750047794,1.04082959135079,0.0110439089053601,3
"ordered_interval",0.9,"ASK-PC pooled union","support-kernel compression","beta=0.005","full",100,"mcmc_empirical_visited_supports",0.0780462015380656,0.00280675156414343,0.0176907034333361,0.00118649656681184,0.0165098279510395,0.000902355869369362,0.298346679112655,0.0520294019724786,11.1373418244713,0.607803515414765,81.3333333333333,3.84418753155693,38.2176223864425,6.35811162611128,1175,24,NA,NA,0.0697654287925036,0.00203089920773159,0.00130497481108086,0.000421682375328586,-0.00102812220389814,0.000402412345800986,0.0156679445852261,0.000265732573949068,17.3033333333332,2.00449772040541,0,0,0,0,2342.33333333333,1.45296631451356,2333.33333333333,2.84800124843918,1175,24,491.666666666667,126.741644475857,1284.33333333333,158.431197825569,172.310428393406,9.61116793549622,1.05088349986881,0.00987830678750446,3
"weak_signal",0.9,"ASK-PC pooled union","support-kernel compression","beta=0.005","full",100,"mcmc_empirical_visited_supports",0.0677986101122182,0.00438482126246606,0.0136289883231761,0.00182234452628768,0.013000827773412,0.00156240592924747,0.439689219524251,0.089486473604717,12.8664668528268,0.8846506521886,37,13.3166562369588,9.10602423411984,1.2975214502816,1489,12.6622799421484,NA,NA,0.0757746181130058,0.00259867205643366,0.00606358236491111,0.0010167552502634,-0.0031323825013619,0.000554903241831493,0.0148769994285843,0.00109087721819638,28.3833333333332,2.64628250780432,0,0,0,0,2340.33333333333,5.78311719096582,2327.33333333333,7.53510303697154,1489,12.6622799421484,4113.33333333333,425.967265304637,5013.33333333333,425.967265304637,180.036777979975,2.61447224398121,1.04990341219829,0.00400516098619526,3
"graph_community",0.7,"ASK-PC pooled-pruned 99%","support-kernel compression","beta=0.005","full",100,"mcmc_empirical_visited_supports",0.0663910703787142,0.00182026149179125,0.013143949129643,0.000680493550844094,0.0128183744358953,0.000617150239231931,0.485702225859585,0.0370295832699528,13.3769204030019,0.295192163274194,84.6666666666667,6.83942817622773,22.156621227335,3.25818082775352,377.333333333333,13.5932990027358,NA,NA,0.0769549023750546,0.000953513005144664,0.000657729718895363,0.00109241590304961,0.000398366426212677,0.00165000165441487,0.010922213810142,0.00181147633264012,24.9,2.55571907689404,1,0,8.48789293248867e-08,2.65297992605827e-09,2343.66666666667,3.2829526005987,2326.66666666667,5.92546294487706,1294.66666666667,30.601379780076,826,207.588535328905,1566.33333333333,265.538655901128,197.176687569914,12.1930674443513,1.05439923462968,0.00731701808888028,3
"multi_representative",0.7,"ASK-PC pooled-pruned 99%","support-kernel compression","beta=0.005","full",100,"mcmc_empirical_visited_supports",0.0674961778192221,0.0018118607928799,0.0132714118139089,0.000969607880488866,0.0127832424086586,0.000825036467245742,0.513770654128494,0.0484874956288979,13.2878586189545,0.446679198834464,89.3333333333333,6.93621734889494,22.1148966192546,3.17661795870164,401.333333333333,24.6328597157898,NA,NA,0.0766340268968281,0.00139577468625875,0.00368998576519138,0.000826421672492124,-0.00260510505001569,0.000621890829734447,0.00927329209017094,0.000597586449510203,19.7266666666668,3.01450567165581,47.3333333333333,46.3333333333333,2.27562806390247e-07,1.31406382818033e-07,2335.33333333333,4.70224532655529,2317.33333333333,6.17341972581738,1287.66666666667,44.382178605582,743.666666666667,127.63271959459,1466,174.596678089819,167.362938128627,5.24002470015892,1.04318834753332,0.0133062875231701,3
"noisy_grouping",0.7,"ASK-PC pooled-pruned 99%","support-kernel compression","beta=0.005","full",100,"mcmc_empirical_visited_supports",0.0813341606660772,0.0015177696368584,0.0195738001859652,0.000655897463448698,0.0177425157636788,0.000490442244155742,0.281115433249403,0.0284775500947765,10.2076952536081,0.370792518954945,239.333333333333,32.6717683091143,105.299525707511,22.3652775881166,400,6.65832811847939,NA,NA,0.0660095284501707,0.00145861757893866,0.000212207136931856,5.16995927549033e-05,-0.000229012322254437,4.38683192345226e-05,0.00802189933272635,0.00189450147442726,17.3700000000001,2.95523828706483,47.3333333333333,46.3333333333333,2.16263806987471e-07,1.30560044955999e-07,2358,3,2346,3,1239.66666666667,15.3441990486452,208.666666666667,71.3496865990158,801,105.659831534978,144.055369809969,4.60702838515577,1.07714776273292,0.0205432858933001,3
"one_representative",0.7,"ASK-PC pooled-pruned 99%","support-kernel compression","beta=0.005","full",100,"mcmc_empirical_visited_supports",0.0814059035686506,0.00425081733329297,0.0205129233986818,0.00120839084586928,0.018736245372701,0.00113558975126769,0.19643349683303,0.021651736985486,9.76565052891772,0.485785133732629,150.333333333333,47.8759972335941,91.818368835857,30.4420298446961,359.666666666667,10.8063767182982,NA,NA,0.0649229499856796,0.00153126838934521,-0.000707992146708284,0.000243547255094054,0.000654849326282199,0.000221460155060838,0.00696299868228223,0.000273307043906252,16.4466666666666,2.25395454947768,140,0,5.39422142102156e-07,7.97633996385487e-08,2347.66666666667,1.76383420737639,2333.66666666667,4.17665469538056,1194,3.78593889720018,241,57.8878225536252,713,98.1138794123101,179.502766932497,12.4652144575849,1.03786629487523,0.00939074249888425,3
"ordered_interval",0.7,"ASK-PC pooled-pruned 99%","support-kernel compression","beta=0.005","full",100,"mcmc_empirical_visited_supports",0.0767626821579868,0.00228694099137083,0.0186513054212982,0.000867000787730322,0.0169998486123082,0.000710453074412615,0.201436272670703,0.0569772197534687,10.4288715111446,0.541664517315632,74,18.0092568789868,41.8681092471423,4.89820827565753,364.666666666667,22.7840099875134,NA,NA,0.0670747851421863,0.00180674160297694,0.000214363620126168,0.000564181984896336,-0.000122432407619666,0.000473580375760312,0.00959588447398943,0.00165131518186602,17.6433333333332,1.73845077903026,140,0,6.77667634604862e-07,1.01100146130307e-07,2308,4.58257569495584,2301,8.18535277187245,1142.66666666667,18.6577359588754,303.333333333333,25.7509438877706,950.666666666667,40.3085323198176,153.554758377494,13.0201355010066,1.06729443616689,0.018634911986936,3
"weak_signal",0.7,"ASK-PC pooled-pruned 99%","support-kernel compression","beta=0.005","full",100,"mcmc_empirical_visited_supports",0.0737108999478453,0.00103244239143473,0.0171816967715334,0.000370813732349551,0.0161037734046418,0.000395666977130019,0.284556725959058,0.0350036776665052,11.4032643144451,0.18003117655935,98.6666666666667,17.7043622998527,42.6118701887117,8.73513005434024,374.333333333333,50.9585888519078,NA,NA,0.0704953881953143,0.00062450563299431,0.00348666153079454,0.000626518284886372,-0.00205262567565493,0.000358636418327216,0.0119842675172974,0.00207367047194581,17.7233333333333,2.40933139642051,93.6666666666667,46.3333333333333,2.75009773976579e-07,9.01758762821045e-08,2351,3,2340,4,1350,5.5075705472861,1095.66666666667,171.474325904622,1962,201.390996157557,175.128525540345,19.2315194837855,1.04238754138431,0.00772700706600646,3
"graph_community",0.9,"ASK-PC pooled-pruned 99%","support-kernel compression","beta=0.005","full",100,"mcmc_empirical_visited_supports",0.0796821690447035,0.00254660721089427,0.0178112471434503,0.000819329615680706,0.0166160873318373,0.000730805964680044,0.357120277677451,0.0242048998559008,11.2395729392383,0.348780430129837,190.666666666667,68.7248944059655,70.0250468367887,22.7071545602071,464.666666666667,32.508118644083,NA,NA,0.0698628313786893,0.00109347544749716,0.000149024092259327,0.00026775953957099,-6.67437068897492e-05,0.000235270934901903,0.00845669896953206,0.00236352580540596,26.0766666666667,2.41925838039493,47.3333333333333,46.3333333333333,3.13719730059743e-07,2.27558983696767e-07,2338.33333333333,3.38296385503074,2319.33333333333,3.2829526005987,1425.66666666667,21.073943890765,1228.33333333333,163.269034963087,2100.66666666667,189.320128647514,174.926332540067,7.44876871028743,1.03111151739593,0.00748628577765558,3
"multi_representative",0.9,"ASK-PC pooled-pruned 99%","support-kernel compression","beta=0.005","full",100,"mcmc_empirical_visited_supports",0.0751166400659249,0.00945386570433936,0.0170242867171777,0.00404097111466023,0.0157665465215838,0.00338892951941918,0.37311384087655,0.17048714263309,11.4093013596408,1.91604373127038,175,51.8844870842914,81.0635985297555,36.0201353399443,436.333333333333,27.7148175370344,NA,NA,0.0701572349008285,0.00636354086297233,-0.000920512117597695,0.00139182351884773,0.000862593484532402,0.00131886006027356,0.00911318210184624,0.00209334474653289,24.1433333333332,4.8260416261961,93.6666666666667,46.3333333333333,4.79370662977152e-07,2.39215039412107e-07,2336.33333333333,2.96273147243853,2319.33333333333,5.60753461375357,1345.66666666667,91.9317379605348,930.666666666667,611.948890385827,1618.66666666667,728.526442744378,181.983261133479,21.3655131037402,1.06475403616032,0.0134285413473858,3
"noisy_grouping",0.9,"ASK-PC pooled-pruned 99%","support-kernel compression","beta=0.005","full",100,"mcmc_empirical_visited_supports",0.0807790459207917,0.00147779609028185,0.019263393608931,0.000415112044530198,0.0175550100189123,0.000403890200096923,0.292657051707628,0.0215009336576516,10.37612824405,0.192764727164342,197.666666666667,59.9898139501847,85.7664163507167,23.4152652263107,440.333333333333,26.9093127208985,NA,NA,0.0667880592168242,0.000525208910076072,-0.000127320543405289,0.00010982613852557,0.000134437127667327,0.00010182854939878,0.00741074799382601,0.00126496632926613,20.4099999999998,0.442417600614203,47.3333333333333,46.3333333333333,2.66079678845621e-07,1.78670722723125e-07,2345.66666666667,3.2829526005987,2327.66666666667,2.40370085030933,1359.33333333333,33.2181342709738,464,106.616133863501,1143.66666666667,153.836854419797,159.331219672953,11.3340580119535,1.05864819177561,0.016001014343833,3
"one_representative",0.9,"ASK-PC pooled-pruned 99%","support-kernel compression","beta=0.005","full",100,"mcmc_empirical_visited_supports",0.0783729538662222,0.0018850832830277,0.0191726966462089,0.00202111738482099,0.0174102699315193,0.00119806418019502,0.287019388626628,0.10904156321162,10.342178985449,1.31509577824977,227,47.7214137817954,135.191286013443,72.4769316849908,471.666666666667,20.3415284031898,NA,NA,0.0662536528219216,0.00505710522378787,-0.000151074340060046,0.000351010212446124,0.000154910836942967,0.000239996605014994,0.00688341648616353,0.000885663197237713,23.1399999999999,2.40676130931168,93.6666666666667,46.3333333333333,3.39463725217611e-07,1.20639315635669e-07,2335,2.08166599946613,2315,2.88675134594813,1418.33333333333,55.995039462835,1208.66666666667,335.311960882864,2049,391.415806187401,183.100358803901,5.85759750047794,1.04082959135079,0.0110439089053601,3
"ordered_interval",0.9,"ASK-PC pooled-pruned 99%","support-kernel compression","beta=0.005","full",100,"mcmc_empirical_visited_supports",0.0780462015380656,0.00280675156414343,0.0176907034333361,0.00118649656681184,0.0165098279510395,0.000902355869369362,0.298346679112655,0.0520294019724786,11.1373418244713,0.607803515414765,81.3333333333333,3.84418753155693,38.2176223864425,6.35811162611128,394,7.57187779440036,NA,NA,0.0697654287925036,0.00203089920773159,0.00130497481108086,0.000421682375328586,-0.00102812220389814,0.000402412345800986,0.00632919903807905,0.00034646539243199,17.3033333333332,2.00449772040541,93.6666666666667,46.3333333333333,5.31692810663379e-07,2.3046966776134e-07,2342.33333333333,1.45296631451356,2333.33333333333,2.84800124843918,1175,24,491.666666666667,126.741644475857,1284.33333333333,158.431197825569,172.310428393406,9.61116793549622,1.05088349986881,0.00987830678750446,3
"weak_signal",0.9,"ASK-PC pooled-pruned 99%","support-kernel compression","beta=0.005","full",100,"mcmc_empirical_visited_supports",0.0677986101122182,0.00438482126246606,0.0136289883231761,0.00182234452628768,0.013000827773412,0.00156240592924747,0.439689219524251,0.089486473604717,12.8664668528268,0.8846506521886,37,13.3166562369588,9.10602423411984,1.2975214502816,290.333333333333,55.3483915253591,NA,NA,0.0757746181130058,0.00259867205643366,0.00606358236491111,0.0010167552502634,-0.0031323825013619,0.000554903241831493,0.00819805760595775,0.000751717514592625,28.3833333333332,2.64628250780432,93.6666666666667,46.3333333333333,2.79318415110271e-07,1.48023478939291e-07,2340.33333333333,5.78311719096582,2327.33333333333,7.53510303697154,1489,12.6622799421484,4113.33333333333,425.967265304637,5013.33333333333,425.967265304637,180.036777979975,2.61447224398121,1.04990341219829,0.00400516098619526,3
"graph_community",0.7,"Fixed hard dictionary","fixed region dictionary","beta=0.02","full",100,"mcmc_empirical_visited_supports",0.352944960615302,0.205997544311017,0.624765014705425,0.36112293579497,0.612734309740967,0.452855308855836,0.157547399117596,0.0518554454499804,54.0255977903525,9.62314178902274,35.3333333333333,7.31057073315377,14.9866739873039,5.37745006760028,49,0,NA,NA,2.20228587471146,0.452195318850491,0.0175671852983378,0.013239141876168,-0.0107201130351988,0.00805102258595661,0.12950049446476,0.049063167424733,24.9,2.55571907689404,120,0,0.000169160861438182,9.56935091337588e-05,NA,NA,NA,NA,NA,NA,826,207.588535328905,1566.33333333333,265.538655901128,197.176687569914,12.1930674443513,1.05439923462968,0.00731701808888028,3
"multi_representative",0.7,"Fixed hard dictionary","fixed region dictionary","beta=0.02","full",100,"mcmc_empirical_visited_supports",0.586896933441393,0.0949850730166984,1.06626792985648,0.208779858174865,1.78047858556303,1.19768469169758,0.146097196706017,0.0390096626713816,51.3160301946661,7.58102873782861,48.6666666666667,0.333333333333333,24.8640989689888,8.30249796983099,49,0,NA,NA,2.08954371516802,0.360676407066745,0.0395208209533613,0.00599754404331445,-0.0287571629065523,0.00553045607684897,0.081901936639052,0.0435410060348834,19.7266666666668,3.01450567165581,120,0,0.000151950283349282,0.000133722179249109,NA,NA,NA,NA,NA,NA,743.666666666667,127.63271959459,1466,174.596678089819,167.362938128627,5.24002470015892,1.04318834753332,0.0133062875231701,3
"noisy_grouping",0.7,"Fixed hard dictionary","fixed region dictionary","beta=0.02","full",100,"mcmc_empirical_visited_supports",0.180904471111984,0.0905344350269386,0.330631675463166,0.165687352640206,0.161267086356762,0.0808603667530714,0.0946968512845407,0.0631869797037465,39.7394161436923,11.8745080337145,49,0,25.4544695009663,8.25950141425096,49,0,NA,NA,1.62548597032945,0.57592357215326,0.000504843719089395,0.000269636029345614,-0.00048251084891023,0.000270461827523142,0.0690878635064519,0.0226642176088625,17.3700000000001,2.95523828706483,120,0,0.000157042332674144,0.000131410099963952,NA,NA,NA,NA,NA,NA,208.666666666667,71.3496865990158,801,105.659831534978,144.055369809969,4.60702838515577,1.07714776273292,0.0205432858933001,3
"one_representative",0.7,"Fixed hard dictionary","fixed region dictionary","beta=0.02","full",100,"mcmc_empirical_visited_supports",0.289190030314704,0.0269287267348067,0.545554603620808,0.0517066728291521,0.274642250465859,0.0342404857249553,0.0448013851694068,0.011578749802472,31.2957304856146,2.75479021698655,42.6666666666667,1.85592145427667,29.4661232845254,1.62242304448723,49,0,NA,NA,1.16808912753693,0.105589483718887,-0.0029460429441565,0.00158459150608863,0.00281267178063649,0.00159196282318237,0.0758428737235648,0.0255346851197495,16.4466666666666,2.25395454947768,120,0,1.98719560302226e-05,7.26725247959192e-06,NA,NA,NA,NA,NA,NA,241,57.8878225536252,713,98.1138794123101,179.502766932497,12.4652144575849,1.03786629487523,0.00939074249888425,3
"ordered_interval",0.7,"Fixed hard dictionary","fixed region dictionary","beta=0.02","full",100,"mcmc_empirical_visited_supports",1.38235776991902e-17,9.0352575288533e-18,6.05893935846359e-18,2.02139131081885e-17,-6.05893935846359e-18,2.02139131081885e-17,0.215368829808047,1.03390612751071e-05,57.5343908879572,0.0117084569112386,20,0,9.6629538029346,0.111509708937281,49,0,NA,NA,2.68382288658955,0.000174649995488493,0,0,-7.40148683083437e-17,7.40148683083437e-17,0.151749600705339,0.0189687000881673,17.6433333333332,1.73845077903026,120,0,0.000399296958160396,5.95039336309833e-06,NA,NA,NA,NA,NA,NA,303.333333333333,25.7509438877706,950.666666666667,40.3085323198176,153.554758377494,13.0201355010066,1.06729443616689,0.018634911986936,3
"weak_signal",0.7,"Fixed hard dictionary","fixed region dictionary","beta=0.02","full",100,"mcmc_empirical_visited_supports",0.28269100277443,0.0293875891853536,0.520876053075366,0.0399827312733151,0.264869416649187,0.0308160411816656,0.0308821704850991,0.00440456468288072,23.0640127030479,0.653214173791247,30,2.88675134594813,18.4448985100817,0.619455084059014,49,0,NA,NA,0.979242667119269,0.0446457863226508,0.0120556386624146,0.00325657462062476,-0.00697433478149582,0.00192603905882782,0.127521932398517,0.0208783821163601,17.7233333333333,2.40933139642051,120,0,2.26849715073326e-05,6.89630312242782e-06,NA,NA,NA,NA,NA,NA,1095.66666666667,171.474325904622,1962,201.390996157557,175.128525540345,19.2315194837855,1.04238754138431,0.00772700706600646,3
"graph_community",0.9,"Fixed hard dictionary","fixed region dictionary","beta=0.02","full",100,"mcmc_empirical_visited_supports",0.319887628635242,0.0371339566639069,0.586238741805111,0.0552572715788019,0.307768198633534,0.0423908607337176,0.0498992045196339,0.0103149084088488,31.8645829595945,1.86199943929205,47.6666666666667,1.33333333333333,32.0269735300962,6.13392747427962,49,0,NA,NA,1.22010783424245,0.0916668791103103,0.00089133684315327,0.00103379257201614,-0.000599886228981773,0.000938388417065765,0.0872177651058539,0.0575262050828126,26.0766666666667,2.41925838039493,120,0,2.250861017609e-05,7.18961103364533e-06,NA,NA,NA,NA,NA,NA,1228.33333333333,163.269034963087,2100.66666666667,189.320128647514,174.926332540067,7.44876871028743,1.03111151739593,0.00748628577765558,3
"multi_representative",0.9,"Fixed hard dictionary","fixed region dictionary","beta=0.02","full",100,"mcmc_empirical_visited_supports",0.338588106514759,0.0267364404596883,0.640653502044032,0.0462445401602711,0.352050897189761,0.0507624031687746,0.0626793809276355,0.00946372271131994,34.8899787759275,3.22761490698894,43.6666666666667,5.33333333333333,30.7890469915893,7.47645070355925,49,0,NA,NA,1.33510163491886,0.110818328156821,-0.00236372785666994,0.00448851520312809,0.00253019225608373,0.0043845568433914,0.0504953541466692,0.0219852181640496,24.1433333333332,4.8260416261961,120,0,2.23772720221819e-05,6.42044886206504e-06,NA,NA,NA,NA,NA,NA,930.666666666667,611.948890385827,1618.66666666667,728.526442744378,181.983261133479,21.3655131037402,1.06475403616032,0.0134285413473858,3
"noisy_grouping",0.9,"Fixed hard dictionary","fixed region dictionary","beta=0.02","full",100,"mcmc_empirical_visited_supports",0.345217545697916,0.0900382932148733,0.554886991255578,0.188839227059702,0.573239087476053,0.164650601986578,0.125404059334272,0.0516490120503728,45.4711867000287,9.83893137174412,40.6666666666667,5.89726867098471,25.3908171542231,7.92682795810298,49,0,NA,NA,1.88386404510784,0.475545552333159,0.00067518940574159,0.00329584431209204,0.000491741044479206,0.00375688966199077,0.0805973105900875,0.0168824017762151,20.4099999999998,0.442417600614203,120,0,0.000118485997633681,9.40990209215764e-05,NA,NA,NA,NA,NA,NA,464,106.616133863501,1143.66666666667,153.836854419797,159.331219672953,11.3340580119535,1.05864819177561,0.016001014343833,3
"one_representative",0.9,"Fixed hard dictionary","fixed region dictionary","beta=0.02","full",100,"mcmc_empirical_visited_supports",0.289339400104763,0.0471645306348583,0.541444570951075,0.0689773572874002,0.276746927870324,0.0525283434148387,0.0424304043747244,0.00923845029864933,30.06608853777,2.37780945463529,47,2,36.0044042593428,6.37298803606494,49,0,NA,NA,1.13921617012774,0.11662720965772,-0.000716931936829572,0.00208561418862241,0.00044618038499326,0.00152130530394648,0.0460340361901539,0.0186519399146768,23.1399999999999,2.40676130931168,120,0,1.9757184081944e-05,8.3374194221893e-06,NA,NA,NA,NA,NA,NA,1208.66666666667,335.311960882864,2049,391.415806187401,183.100358803901,5.85759750047794,1.04082959135079,0.0110439089053601,3
"ordered_interval",0.9,"Fixed hard dictionary","fixed region dictionary","beta=0.02","full",100,"mcmc_empirical_visited_supports",2.954450920023e-18,9.28850835480204e-19,-1.71467778247663e-18,1.51828650024514e-18,1.71467778247663e-18,1.51828650024514e-18,0.215388011686324,1.86358935150657e-15,57.5561131250496,4.16430986944373e-13,20,0,9.87028566195722,2.57009636260017e-14,49,0,NA,NA,2.68414690556658,0,0,0,0,0,0.113812200529004,0,17.3033333333332,2.00449772040541,120,0,0.000410322116638125,1.47993596544271e-16,NA,NA,NA,NA,NA,NA,491.666666666667,126.741644475857,1284.33333333333,158.431197825569,172.310428393406,9.61116793549622,1.05088349986881,0.00987830678750446,3
"weak_signal",0.9,"Fixed hard dictionary","fixed region dictionary","beta=0.02","full",100,"mcmc_empirical_visited_supports",0.274695541928164,0.0156582502497854,0.531007129623624,0.0267198501410219,0.268796835403395,0.0179701135178341,0.0404329921787841,0.00522574505708247,25.7590663495568,1.90514259069448,34.3333333333333,1.85592145427667,14.1339669859207,1.02620318561352,49,0,NA,NA,1.04354522662692,0.0614617197531444,0.020530270846478,0.00448236661262579,-0.0108673295334878,0.00241019341374898,0.100430372572067,0.0135399095689098,28.3833333333332,2.64628250780432,120,0,3.2927651674286e-05,4.61667024038197e-06,NA,NA,NA,NA,NA,NA,4113.33333333333,425.967265304637,5013.33333333333,425.967265304637,180.036777979975,2.61447224398121,1.04990341219829,0.00400516098619526,3
"graph_community",0.7,"ASK-PC pooled union","support-kernel compression","beta=0.02","full",100,"mcmc_empirical_visited_supports",0.145237357700007,0.00644201522976252,0.0736971485218921,0.00513653747866086,0.0678322356665488,0.00404598664063161,0.001,0,6.97252393859652,0.0310964722433148,37,6.42910050732864,13.914422966185,3.31656771782838,1294.66666666667,30.601379780076,NA,NA,0.210587387932635,0.00518449521485253,0.00121234897566051,0.00380383640119355,0.00259110621639302,0.00575547499191193,0.0185062143337061,0.00262666279195183,24.9,2.55571907689404,0,0,0,0,2343.66666666667,3.2829526005987,2326.66666666667,5.92546294487706,1294.66666666667,30.601379780076,826,207.588535328905,1566.33333333333,265.538655901128,197.176687569914,12.1930674443513,1.05439923462968,0.00731701808888028,3
"multi_representative",0.7,"ASK-PC pooled union","support-kernel compression","beta=0.02","full",100,"mcmc_empirical_visited_supports",0.151882508843888,0.00705212395150278,0.0773916283565829,0.00677115522992465,0.0672629942407153,0.00530113029516959,0.00121669218953337,0.000216692189533367,6.68409753369466,0.0431232019641274,41.6666666666667,6.88799277325728,13.0213652510215,2.35448776141192,1287.66666666667,44.382178605582,NA,NA,0.208545706164032,0.00688662501387901,0.00879087912924207,0.00226991097322882,-0.006222780301403,0.00161586294044876,0.0153919066480122,0.000379147807867982,19.7266666666668,3.01450567165581,0,0,0,0,2335.33333333333,4.70224532655529,2317.33333333333,6.17341972581738,1287.66666666667,44.382178605582,743.666666666667,127.63271959459,1466,174.596678089819,167.362938128627,5.24002470015892,1.04318834753332,0.0133062875231701,3
"noisy_grouping",0.7,"ASK-PC pooled union","support-kernel compression","beta=0.02","full",100,"mcmc_empirical_visited_supports",0.116384970023258,0.00465196986903905,0.0451953469992457,0.00275253310192428,0.0378702065479675,0.00254349005222224,0.001,0,6.45038956468681,0.0167623766707642,104.666666666667,2.185812841434,64.2272302471187,14.3990928008121,1239.66666666667,15.3441990486452,NA,NA,0.170103069602859,0.00333782524351437,0.000319660116273305,6.55377849571613e-05,-0.00033795262986458,4.16880315823564e-05,0.0153462617542863,0.000508394757757208,17.3700000000001,2.95523828706483,0,0,0,0,2358,3,2346,3,1239.66666666667,15.3441990486452,208.666666666667,71.3496865990158,801,105.659831534978,144.055369809969,4.60702838515577,1.07714776273292,0.0205432858933001,3
"one_representative",0.7,"ASK-PC pooled union","support-kernel compression","beta=0.02","full",100,"mcmc_empirical_visited_supports",0.112097961583218,0.00208219286347373,0.0402573132920556,0.00252780302743006,0.0353271154461324,0.0020152557188733,0.001,0,6.52294516138157,0.0747630343872012,55.6666666666667,25.3004172121946,21.3352277157809,12.6506767388575,1194,3.78593889720018,NA,NA,0.168001659917278,0.004111598365193,-0.00106605694703799,0.000554807969492469,0.00106178483558532,0.000573729426244054,0.0179834400530007,0.00127970702600307,16.4466666666666,2.25395454947768,0,0,0,0,2347.66666666667,1.76383420737639,2333.66666666667,4.17665469538056,1194,3.78593889720018,241,57.8878225536252,713,98.1138794123101,179.502766932497,12.4652144575849,1.03786629487523,0.00939074249888425,3
"ordered_interval",0.7,"ASK-PC pooled union","support-kernel compression","beta=0.02","full",100,"mcmc_empirical_visited_supports",0.116115711483439,0.00789446109016507,0.043935443242542,0.00444296053537266,0.0385221271661958,0.00379639114556566,0.001,0,6.62409852924365,0.162736904715513,14.3333333333333,2.90593262902712,4.0784353209463,1.46415031210263,1142.66666666667,18.6577359588754,NA,NA,0.175180150811752,0.00393255181455904,0.000372733249736526,0.00133981740508589,-8.91859941412043e-05,0.00118408862830386,0.0360563685945742,0.00836826821122392,17.6433333333332,1.73845077903026,0,0,0,0,2308,4.58257569495584,2301,8.18535277187245,1142.66666666667,18.6577359588754,303.333333333333,25.7509438877706,950.666666666667,40.3085323198176,153.554758377494,13.0201355010066,1.06729443616689,0.018634911986936,3
"weak_signal",0.7,"ASK-PC pooled union","support-kernel compression","beta=0.02","full",100,"mcmc_empirical_visited_supports",0.123632102852585,0.00357795251695419,0.0510995151828308,0.00240921249280878,0.046140245194689,0.00190517190701218,0.001,0,7.00565132905231,0.185145151118091,45.3333333333333,8.76229295206328,21.5932918106496,5.67378039196546,1350,5.5075705472861,NA,NA,0.188208973764275,0.00261559785375995,0.00766466873525973,0.00148704874420782,-0.00453342157914408,0.000650559134845177,0.0170033019183288,0.00030104506631238,17.7233333333333,2.40933139642051,0,0,0,0,2351,3,2340,4,1350,5.5075705472861,1095.66666666667,171.474325904622,1962,201.390996157557,175.128525540345,19.2315194837855,1.04238754138431,0.00772700706600646,3
"graph_community",0.9,"ASK-PC pooled union","support-kernel compression","beta=0.02","full",100,"mcmc_empirical_visited_supports",0.130512900560545,0.00487962552860992,0.0536482677452764,0.00425169156812719,0.0458942001746473,0.00303703370373147,0.001,0,6.49609850422241,0.032042201509247,90.6666666666667,29.1566649517929,55.4830813838292,27.391754960208,1425.66666666667,21.073943890765,NA,NA,0.179900245601201,0.00460466267241385,3.94004851885417e-05,0.00027113043270994,5.92677403680565e-06,0.000281776252295688,0.0166056218758352,0.00111774329416636,26.0766666666667,2.41925838039493,0,0,0,0,2338.33333333333,3.38296385503074,2319.33333333333,3.2829526005987,1425.66666666667,21.073943890765,1228.33333333333,163.269034963087,2100.66666666667,189.320128647514,174.926332540067,7.44876871028743,1.03111151739593,0.00748628577765558,3
"multi_representative",0.9,"ASK-PC pooled union","support-kernel compression","beta=0.02","full",100,"mcmc_empirical_visited_supports",0.129191719423185,0.0171360959198435,0.0547876081263801,0.0156236208154339,0.0488777210542145,0.0148021434190897,0.049522101776973,0.048522101776973,7.06903816909657,0.617265762250249,87.3333333333333,21.3255194022978,22.5837248534306,3.17045786088275,1345.66666666667,91.9317379605348,NA,NA,0.193073422830192,0.0279640121549563,-0.00322454830603898,0.00340396012549454,0.00306979394947186,0.00328098793730953,0.0187478920710277,0.00268387915263619,24.1433333333332,4.8260416261961,0,0,0,0,2336.33333333333,2.96273147243853,2319.33333333333,5.60753461375357,1345.66666666667,91.9317379605348,930.666666666667,611.948890385827,1618.66666666667,728.526442744378,181.983261133479,21.3655131037402,1.06475403616032,0.0134285413473858,3
"noisy_grouping",0.9,"ASK-PC pooled union","support-kernel compression","beta=0.02","full",100,"mcmc_empirical_visited_supports",0.117454440696009,0.00209747529013518,0.045762402364567,0.0024139251161277,0.0384286259991674,0.00154481596411394,0.001,0,6.45358152782991,0.0131525258466758,101.666666666667,14.379769740082,53.7729735870049,23.9358884704181,1359.33333333333,33.2181342709738,NA,NA,0.171284443019901,0.0017779323874861,-0.000125780510732939,0.000158959899593443,0.000176665980445264,0.000160426533467965,0.0173826317536324,0.00211153078829773,20.4099999999998,0.442417600614203,0,0,0,0,2345.66666666667,3.2829526005987,2327.66666666667,2.40370085030933,1359.33333333333,33.2181342709738,464,106.616133863501,1143.66666666667,153.836854419797,159.331219672953,11.3340580119535,1.05864819177561,0.016001014343833,3
"one_representative",0.9,"ASK-PC pooled union","support-kernel compression","beta=0.02","full",100,"mcmc_empirical_visited_supports",0.119573499888443,0.0181638301610273,0.0480295418939235,0.00945643545787367,0.0411441905742544,0.00844241367397008,0.001,0,6.46576722624591,0.0298292318603668,101,13.3166562369588,64.8878212270662,19.2184272351101,1418.33333333333,55.995039462835,NA,NA,0.173287380719521,0.0100829180162596,-0.000447974601362737,0.000632899444890144,0.000398044557494555,0.000418710667350579,0.0156112740146309,0.000682264535328442,23.1399999999999,2.40676130931168,0,0,0,0,2335,2.08166599946613,2315,2.88675134594813,1418.33333333333,55.995039462835,1208.66666666667,335.311960882864,2049,391.415806187401,183.100358803901,5.85759750047794,1.04082959135079,0.0110439089053601,3
"ordered_interval",0.9,"ASK-PC pooled union","support-kernel compression","beta=0.02","full",100,"mcmc_empirical_visited_supports",0.126106474641136,0.00838976625462281,0.0501075511170744,0.0070810090422784,0.0440970396520655,0.00686716601340053,0.001,0,6.44385711161817,0.0300943865620956,43.6666666666667,15.1694136706437,4.56128500570372,1.55579969983896,1175,24,NA,NA,0.17758386882831,0.00736385285426065,0.00225167014531813,0.000167245075489117,-0.00176704921117565,0.000301168490534565,0.0186464819044705,0.00107524412042383,17.3033333333332,2.00449772040541,0,0,0,0,2342.33333333333,1.45296631451356,2333.33333333333,2.84800124843918,1175,24,491.666666666667,126.741644475857,1284.33333333333,158.431197825569,172.310428393406,9.61116793549622,1.05088349986881,0.00987830678750446,3
"weak_signal",0.9,"ASK-PC pooled union","support-kernel compression","beta=0.02","full",100,"mcmc_empirical_visited_supports",0.150836345822692,0.00587408738083202,0.076478569377144,0.00555066867738974,0.0697471266248345,0.00367782546454638,0.00432485031778507,0.00332485031778507,6.62678421470455,0.727031035263269,19.6666666666667,12.6798177344068,7.37604480464485,4.08621380356424,1489,12.6622799421484,NA,NA,0.207305711431073,0.016106644544778,0.0191806060244643,0.00487701194113687,-0.00986853079514781,0.0025908751670019,0.027297342092184,0.0132713094364509,28.3833333333332,2.64628250780432,0.333333333333333,0.333333333333333,8.7721453064423e-09,8.7721453064423e-09,2340.33333333333,5.78311719096582,2327.33333333333,7.53510303697154,1489,12.6622799421484,4113.33333333333,425.967265304637,5013.33333333333,425.967265304637,180.036777979975,2.61447224398121,1.04990341219829,0.00400516098619526,3
"graph_community",0.7,"ASK-PC pooled-pruned 99%","support-kernel compression","beta=0.02","full",100,"mcmc_empirical_visited_supports",0.145237357700007,0.00644201522976252,0.0736971485218921,0.00513653747866086,0.0678322356665488,0.00404598664063161,0.001,0,6.97252393859652,0.0310964722433148,37,6.42910050732864,13.914422966185,3.31656771782838,91.6666666666667,18.2239159104489,NA,NA,0.210587387932635,0.00518449521485253,0.00121234897566051,0.00380383640119355,0.00259110621639302,0.00575547499191193,0.0118337629806173,0.00167468233145805,24.9,2.55571907689404,140,0,1.29713606685418e-06,8.13821587048084e-08,2343.66666666667,3.2829526005987,2326.66666666667,5.92546294487706,1294.66666666667,30.601379780076,826,207.588535328905,1566.33333333333,265.538655901128,197.176687569914,12.1930674443513,1.05439923462968,0.00731701808888028,3
"multi_representative",0.7,"ASK-PC pooled-pruned 99%","support-kernel compression","beta=0.02","full",100,"mcmc_empirical_visited_supports",0.151882508843888,0.00705212395150278,0.0773916283565829,0.00677115522992465,0.0672629942407153,0.00530113029516959,0.00121669218953337,0.000216692189533367,6.68409753369466,0.0431232019641274,41.6666666666667,6.88799277325728,13.0213652510215,2.35448776141192,99.6666666666667,23.6807469852152,NA,NA,0.208545706164032,0.00688662501387901,0.00879087912924207,0.00226991097322882,-0.006222780301403,0.00161586294044876,0.010323544541004,0.000530326396599827,19.7266666666668,3.01450567165581,140,0,1.424130681373e-06,1.71663283046697e-07,2335.33333333333,4.70224532655529,2317.33333333333,6.17341972581738,1287.66666666667,44.382178605582,743.666666666667,127.63271959459,1466,174.596678089819,167.362938128627,5.24002470015892,1.04318834753332,0.0133062875231701,3
"noisy_grouping",0.7,"ASK-PC pooled-pruned 99%","support-kernel compression","beta=0.02","full",100,"mcmc_empirical_visited_supports",0.116384970023258,0.00465196986903905,0.0451953469992457,0.00275253310192428,0.0378702065479675,0.00254349005222224,0.001,0,6.45038956468681,0.0167623766707642,104.666666666667,2.185812841434,64.2272302471187,14.3990928008121,171,7.50555349946513,NA,NA,0.170103069602859,0.00333782524351437,0.000319660116273305,6.55377849571613e-05,-0.00033795262986458,4.16880315823564e-05,0.00825829528965375,0.000737512104382688,17.3700000000001,2.95523828706483,140,0,1.05309968038518e-06,1.43145633453547e-07,2358,3,2346,3,1239.66666666667,15.3441990486452,208.666666666667,71.3496865990158,801,105.659831534978,144.055369809969,4.60702838515577,1.07714776273292,0.0205432858933001,3
"one_representative",0.7,"ASK-PC pooled-pruned 99%","support-kernel compression","beta=0.02","full",100,"mcmc_empirical_visited_supports",0.112097961583218,0.00208219286347373,0.0402573132920556,0.00252780302743006,0.0353271154461324,0.0020152557188733,0.001,0,6.52294516138157,0.0747630343872012,55.6666666666667,25.3004172121946,21.3352277157809,12.6506767388575,123,20.2977831301844,NA,NA,0.168001659917278,0.004111598365193,-0.00106605694703799,0.000554807969492469,0.00106178483558532,0.000573729426244054,0.00990906539627133,0.000673569251555716,16.4466666666666,2.25395454947768,140,0,1.20129966671434e-06,2.58985647634608e-08,2347.66666666667,1.76383420737639,2333.66666666667,4.17665469538056,1194,3.78593889720018,241,57.8878225536252,713,98.1138794123101,179.502766932497,12.4652144575849,1.03786629487523,0.00939074249888425,3
"ordered_interval",0.7,"ASK-PC pooled-pruned 99%","support-kernel compression","beta=0.02","full",100,"mcmc_empirical_visited_supports",0.116115711483439,0.00789446109016507,0.043935443242542,0.00444296053537266,0.0385221271661958,0.00379639114556566,0.001,0,6.62409852924365,0.162736904715513,14.3333333333333,2.90593262902712,4.0784353209463,1.46415031210263,43,25.5147016443462,NA,NA,0.175180150811752,0.00393255181455904,0.000372733249736526,0.00133981740508589,-8.91859941412043e-05,0.00118408862830386,0.0108772489054948,0.00300970150088909,17.6433333333332,1.73845077903026,94,46,5.48290648864449e-07,3.38218559905795e-07,2308,4.58257569495584,2301,8.18535277187245,1142.66666666667,18.6577359588754,303.333333333333,25.7509438877706,950.666666666667,40.3085323198176,153.554758377494,13.0201355010066,1.06729443616689,0.018634911986936,3
"weak_signal",0.7,"ASK-PC pooled-pruned 99%","support-kernel compression","beta=0.02","full",100,"mcmc_empirical_visited_supports",0.123632102852585,0.00357795251695419,0.0510995151828308,0.00240921249280878,0.046140245194689,0.00190517190701218,0.001,0,7.00565132905231,0.185145151118091,45.3333333333333,8.76229295206328,21.5932918106496,5.67378039196546,111.666666666667,38.0803244617363,NA,NA,0.188208973764275,0.00261559785375995,0.00766466873525973,0.00148704874420782,-0.00453342157914408,0.000650559134845177,0.00838787830354127,0.000378002083093071,17.7233333333333,2.40933139642051,140,0,1.17455878434481e-06,2.99654363832802e-07,2351,3,2340,4,1350,5.5075705472861,1095.66666666667,171.474325904622,1962,201.390996157557,175.128525540345,19.2315194837855,1.04238754138431,0.00772700706600646,3
"graph_community",0.9,"ASK-PC pooled-pruned 99%","support-kernel compression","beta=0.02","full",100,"mcmc_empirical_visited_supports",0.130512900560545,0.00487962552860992,0.0536482677452764,0.00425169156812719,0.0458942001746473,0.00303703370373147,0.001,0,6.49609850422241,0.032042201509247,90.6666666666667,29.1566649517929,55.4830813838292,27.391754960208,175.666666666667,30.601379780076,NA,NA,0.179900245601201,0.00460466267241385,3.94004851885417e-05,0.00027113043270994,5.92677403680565e-06,0.000281776252295688,0.00883108867723104,0.00078449220877962,26.0766666666667,2.41925838039493,140,0,1.14174508950016e-06,3.03628846973644e-07,2338.33333333333,3.38296385503074,2319.33333333333,3.2829526005987,1425.66666666667,21.073943890765,1228.33333333333,163.269034963087,2100.66666666667,189.320128647514,174.926332540067,7.44876871028743,1.03111151739593,0.00748628577765558,3
"multi_representative",0.9,"ASK-PC pooled-pruned 99%","support-kernel compression","beta=0.02","full",100,"mcmc_empirical_visited_supports",0.129191719423185,0.0171360959198435,0.0547876081263801,0.0156236208154339,0.0488777210542145,0.0148021434190897,0.049522101776973,0.048522101776973,7.06903816909657,0.617265762250249,87.3333333333333,21.3255194022978,22.5837248534306,3.17045786088275,130.333333333333,27.1804668425283,NA,NA,0.193073422830192,0.0279640121549563,-0.00322454830603898,0.00340396012549454,0.00306979394947186,0.00328098793730953,0.0120423478168309,0.00263909204961097,24.1433333333332,4.8260416261961,140,0,1.29612492233422e-06,1.6374355523949e-07,2336.33333333333,2.96273147243853,2319.33333333333,5.60753461375357,1345.66666666667,91.9317379605348,930.666666666667,611.948890385827,1618.66666666667,728.526442744378,181.983261133479,21.3655131037402,1.06475403616032,0.0134285413473858,3
"noisy_grouping",0.9,"ASK-PC pooled-pruned 99%","support-kernel compression","beta=0.02","full",100,"mcmc_empirical_visited_supports",0.117454440696009,0.00209747529013518,0.045762402364567,0.0024139251161277,0.0384286259991674,0.00154481596411394,0.001,0,6.45358152782991,0.0131525258466758,101.666666666667,14.379769740082,53.7729735870049,23.9358884704181,167.666666666667,30.1459413151717,NA,NA,0.171284443019901,0.0017779323874861,-0.000125780510732939,0.000158959899593443,0.000176665980445264,0.000160426533467965,0.00915995072021291,0.000930706494247825,20.4099999999998,0.442417600614203,140,0,1.01060639924137e-06,9.81816529257568e-08,2345.66666666667,3.2829526005987,2327.66666666667,2.40370085030933,1359.33333333333,33.2181342709738,464,106.616133863501,1143.66666666667,153.836854419797,159.331219672953,11.3340580119535,1.05864819177561,0.016001014343833,3
"one_representative",0.9,"ASK-PC pooled-pruned 99%","support-kernel compression","beta=0.02","full",100,"mcmc_empirical_visited_supports",0.119573499888443,0.0181638301610273,0.0480295418939235,0.00945643545787367,0.0411441905742544,0.00844241367397008,0.001,0,6.46576722624591,0.0298292318603668,101,13.3166562369588,64.8878212270662,19.2184272351101,189.333333333333,18.8178402350299,NA,NA,0.173287380719521,0.0100829180162596,-0.000447974601362737,0.000632899444890144,0.000398044557494555,0.000418710667350579,0.008611987146435,0.00076225254541803,23.1399999999999,2.40676130931168,140,0,1.19086554960697e-06,2.25058193502335e-07,2335,2.08166599946613,2315,2.88675134594813,1418.33333333333,55.995039462835,1208.66666666667,335.311960882864,2049,391.415806187401,183.100358803901,5.85759750047794,1.04082959135079,0.0110439089053601,3
"ordered_interval",0.9,"ASK-PC pooled-pruned 99%","support-kernel compression","beta=0.02","full",100,"mcmc_empirical_visited_supports",0.126106474641136,0.00838976625462281,0.0501075511170744,0.0070810090422784,0.0440970396520655,0.00686716601340053,0.001,0,6.44385711161817,0.0300943865620956,43.6666666666667,15.1694136706437,4.56128500570372,1.55579969983896,100.333333333333,5.69600249687835,NA,NA,0.17758386882831,0.00736385285426065,0.00225167014531813,0.000167245075489117,-0.00176704921117565,0.000301168490534565,0.00940692056109268,0.000555673947288552,17.3033333333332,2.00449772040541,48,46,4.4644832794538e-07,3.77881685212239e-07,2342.33333333333,1.45296631451356,2333.33333333333,2.84800124843918,1175,24,491.666666666667,126.741644475857,1284.33333333333,158.431197825569,172.310428393406,9.61116793549622,1.05088349986881,0.00987830678750446,3
"weak_signal",0.9,"ASK-PC pooled-pruned 99%","support-kernel compression","beta=0.02","full",100,"mcmc_empirical_visited_supports",0.150882477000667,0.00589935980481448,0.0765759257608395,0.00559803943453689,0.0698571033199104,0.00373392772403501,0.00432485031778507,0.00332485031778507,6.62176724640394,0.730831437436015,19,13,7.33014968152144,4.10941232852211,25.3333333333333,18.3333333333333,NA,NA,0.207317026098318,0.0161009790442893,0.0192402729707396,0.00491184922752946,-0.00989449956007884,0.00260620900640998,0.00532400964381359,0.00160817849466881,28.3833333333332,2.64628250780432,48.3333333333333,45.8342424152268,2.64399735485273e-07,2.11381565466668e-07,2340.33333333333,5.78311719096582,2327.33333333333,7.53510303697154,1489,12.6622799421484,4113.33333333333,425.967265304637,5013.33333333333,425.967265304637,180.036777979975,2.61447224398121,1.04990341219829,0.00400516098619526,3
"graph_community",0.7,"Fixed hard dictionary","fixed region dictionary","beta=0.08","full",100,"mcmc_empirical_visited_supports",0.425350932282548,0.2472803747693,1.19600205852261,0.71784658760542,0.907837355832599,0.643113983403325,0.0392338533748949,0.0132864051164538,25.986747738376,1.56635178967188,30.6666666666667,11.6666666666667,14.5815365377278,9.96421442414437,49,0,NA,NA,4.23538267257887,0.664502650095589,0.0259240162494931,0.0156518332939447,-0.016515389919606,0.00987350269889495,0.52777218572502,0.213367395500184,24.9,2.55571907689404,120,0,0.000632233731217162,0.000269007257616325,NA,NA,NA,NA,NA,NA,826,207.588535328905,1566.33333333333,265.538655901128,197.176687569914,12.1930674443513,1.05439923462968,0.00731701808888028,3
"multi_representative",0.7,"Fixed hard dictionary","fixed region dictionary","beta=0.08","full",100,"mcmc_empirical_visited_supports",0.702890114718845,0.120530151674203,2.02582800558289,0.423828859020238,2.38095548356864,1.56290882489097,0.0363732834504469,0.00982779546523588,25.2162463126079,1.49496807569446,37.6666666666667,10.3494497975067,15.4349751067921,6.50047625436306,49,0,NA,NA,4.04065406393031,0.5439804833903,0.0561879025061251,0.0176569362036313,-0.0400405645606931,0.0131218069766042,0.527859218579304,0.118680981807099,19.7266666666668,3.01450567165581,120,0,0.000744803511247987,0.000332537651057903,NA,NA,NA,NA,NA,NA,743.666666666667,127.63271959459,1466,174.596678089819,167.362938128627,5.24002470015892,1.04318834753332,0.0133062875231701,3
"noisy_grouping",0.7,"Fixed hard dictionary","fixed region dictionary","beta=0.08","full",100,"mcmc_empirical_visited_supports",0.205869727751872,0.103308344564573,0.526358709726782,0.26326095496896,0.205223256096214,0.102907506614858,0.023187075861058,0.0159769184323053,21.8403136028399,1.75997438348176,38.6666666666667,10.3333333333333,21.8747455850387,8.81663058237966,49,0,NA,NA,3.23692747439607,0.842949376960939,0.000700791642746094,0.000355081269177501,-0.000637288300692206,0.000333292511514516,1.34146421451313,0.43893309230716,17.3700000000001,2.95523828706483,113,3.78593889720018,0.000508177395181461,0.000506924090020878,NA,NA,NA,NA,NA,NA,208.666666666667,71.3496865990158,801,105.659831534978,144.055369809969,4.60702838515577,1.07714776273292,0.0205432858933001,3
"one_representative",0.7,"Fixed hard dictionary","fixed region dictionary","beta=0.08","full",100,"mcmc_empirical_visited_supports",0.330924255471841,0.0193103034573652,0.909699207812968,0.113506306254543,0.376843639189582,0.0499194949713332,0.0108677411006175,0.00317490489756936,21.6428207290761,0.926735685081674,48.3333333333333,0.333333333333333,27.8338949247295,3.25654630302414,49,0,NA,NA,2.63781305083758,0.184234871464553,-0.0061890262884358,0.00362244712712083,0.0058079741965927,0.00358458332598765,0.545781219780485,0.173309326980506,16.4466666666666,2.25395454947768,120,0,0.000518315398453742,0.000289313243090545,NA,NA,NA,NA,NA,NA,241,57.8878225536252,713,98.1138794123101,179.502766932497,12.4652144575849,1.03786629487523,0.00939074249888425,3
"ordered_interval",0.7,"Fixed hard dictionary","fixed region dictionary","beta=0.08","full",100,"mcmc_empirical_visited_supports",6.36178212251129e-18,5.142649966966e-18,-4.04614613418946e-18,2.39218016610094e-18,4.04614613418946e-18,2.39218016610094e-18,0.0537583288154044,1.69820950737475e-05,19.4717559284594,0.00522944444334447,20,0,5.48724498931601,0.0504761592713743,49,0,NA,NA,4.47929490216402,0.000550406223136008,0,0,0,0,0.629208481813462,0.0786572544388617,17.6433333333332,1.73845077903026,120,0,0.00165221482020546,1.74566584462584e-05,NA,NA,NA,NA,NA,NA,303.333333333333,25.7509438877706,950.666666666667,40.3085323198176,153.554758377494,13.0201355010066,1.06729443616689,0.018634911986936,3
"weak_signal",0.7,"Fixed hard dictionary","fixed region dictionary","beta=0.08","full",100,"mcmc_empirical_visited_supports",0.355951554204712,0.0261978392382424,0.857859264770113,0.0313626279847833,0.475114216526242,0.0569076533521845,0.0063880240415942,0.000930355914956016,15.0124652052811,0.395355132794577,47.6666666666667,1.33333333333333,33.7042445553153,2.86184621793944,49,0,NA,NA,2.0553465394744,0.0521142735478172,0.0256472396813184,0.00305489151665979,-0.0158859692591267,0.000287168756302528,0.163853963381669,0.04378627455541,17.7233333333333,2.40933139642051,120,0,6.35753420441531e-05,2.15250131605885e-05,NA,NA,NA,NA,NA,NA,1095.66666666667,171.474325904622,1962,201.390996157557,175.128525540345,19.2315194837855,1.04238754138431,0.00772700706600646,3
"graph_community",0.9,"Fixed hard dictionary","fixed region dictionary","beta=0.08","full",100,"mcmc_empirical_visited_supports",0.378011614223917,0.0272215837469207,0.9782182317769,0.108964061448514,0.408135335934051,0.0481023040210333,0.0124914354673549,0.00303189545551753,21.2827172705691,0.375025635938522,48.6666666666667,0.333333333333333,27.6738240054435,3.195578189921,49,0,NA,NA,2.67752927965787,0.123719671069271,0.00103916530165134,0.000895638486610469,-0.000627556113080038,0.000894732451372274,0.904703747989183,0.371993846348797,26.0766666666667,2.41925838039493,116.666666666667,3.33333333333333,0.000236972704851901,0.000158218976943673,NA,NA,NA,NA,NA,NA,1228.33333333333,163.269034963087,2100.66666666667,189.320128647514,174.926332540067,7.44876871028743,1.03111151739593,0.00748628577765558,3
"multi_representative",0.9,"Fixed hard dictionary","fixed region dictionary","beta=0.08","full",100,"mcmc_empirical_visited_supports",0.395264130903208,0.0448547057310863,1.10705933618373,0.130317489217437,0.501256585796298,0.121533181377852,0.0161228447091807,0.00214056837219907,22.2336042851011,1.40534651400098,49,0,25.7365616320622,5.89776330784255,49,0,NA,NA,2.88255602593734,0.241490268249397,-0.00741779526303751,0.0086846491892481,0.00704875348816091,0.00825091720681535,1.05336648688402,0.409148565286833,24.1433333333332,4.8260416261961,120,0,0.000190052335960663,4.97431915239335e-05,NA,NA,NA,NA,NA,NA,930.666666666667,611.948890385827,1618.66666666667,728.526442744378,181.983261133479,21.3655131037402,1.06475403616032,0.0134285413473858,3
"noisy_grouping",0.9,"Fixed hard dictionary","fixed region dictionary","beta=0.08","full",100,"mcmc_empirical_visited_supports",0.397654291137384,0.0951062506154256,0.942755552092822,0.390787220172868,0.784133834180843,0.244844142241255,0.0314171672837632,0.0129426147458214,22.8516159878149,1.39528622477072,40,7.50555349946513,17.4933348193164,9.11977507769439,49,0,NA,NA,3.62987815512034,0.695010397646145,0.00144076111237945,0.00403998333306782,2.10482770009654e-05,0.0042918669569251,0.621952247196918,0.215702824273347,20.4099999999998,0.442417600614203,120,0,0.000533925188074049,0.000282968961722112,NA,NA,NA,NA,NA,NA,464,106.616133863501,1143.66666666667,153.836854419797,159.331219672953,11.3340580119535,1.05864819177561,0.016001014343833,3
"one_representative",0.9,"Fixed hard dictionary","fixed region dictionary","beta=0.08","full",100,"mcmc_empirical_visited_supports",0.343245248734249,0.0634555904990345,0.896253899330504,0.124281205358254,0.365785966750882,0.0768760624317893,0.00989809918570689,0.00256475313180251,20.6159811045291,1.04771606875,48.6666666666667,0.333333333333333,28.0148609440535,5.28825179938755,49,0,NA,NA,2.54224233808426,0.204649883462114,-0.00110796280972947,0.00243012085570789,0.000813444686511565,0.00177317472615413,1.3500408627063,0.75658178954296,23.1399999999999,2.40676130931168,120,0,0.000111749022773703,4.45751309107923e-05,NA,NA,NA,NA,NA,NA,1208.66666666667,335.311960882864,2049,391.415806187401,183.100358803901,5.85759750047794,1.04082959135079,0.0110439089053601,3
"ordered_interval",0.9,"Fixed hard dictionary","fixed region dictionary","beta=0.08","full",100,"mcmc_empirical_visited_supports",1.09323719058955e-17,8.4410282219674e-18,-3.03584318178057e-17,2.36727863119719e-17,3.03584318178057e-17,2.36727863119719e-17,0.0537750098370129,5.06214136592076e-08,19.4800013069652,1.17791763259221e-05,20,0,5.52580312204054,3.587414644607e-07,49,0,NA,NA,4.47963709685906,9.13010202303847e-10,0,0,0,0,0.471893979224471,0,17.3033333333332,2.00449772040541,120,0,0.00167737881369116,3.54852059651737e-10,NA,NA,NA,NA,NA,NA,491.666666666667,126.741644475857,1284.33333333333,158.431197825569,172.310428393406,9.61116793549622,1.05088349986881,0.00987830678750446,3
"weak_signal",0.9,"Fixed hard dictionary","fixed region dictionary","beta=0.08","full",100,"mcmc_empirical_visited_supports",0.408293354652487,0.0108085477700321,1.0175674128357,0.0301209861625624,0.686729401594403,0.0642207561589877,0.00981793454456116,0.00136793532608949,14.3526940468672,1.55442437089789,48.6666666666667,0.333333333333333,32.8576053175563,0.45064314435363,49,0,NA,NA,2.16229094066243,0.145560445878808,0.0620936669917493,0.0167279669232411,-0.0305112823746495,0.00794122840803252,0.44658002787764,0.229005644188946,28.3833333333332,2.64628250780432,120,0,0.000117865709755878,3.71791778351466e-05,NA,NA,NA,NA,NA,NA,4113.33333333333,425.967265304637,5013.33333333333,425.967265304637,180.036777979975,2.61447224398121,1.04990341219829,0.00400516098619526,3
"graph_community",0.7,"ASK-PC pooled union","support-kernel compression","beta=0.08","full",100,"mcmc_empirical_visited_supports",0.156655511476243,0.00680810584231499,0.0872025880847072,0.00513428135472165,0.0818428538173923,0.00466057797048847,0.001,0,6.41087511508316,0.00192170877828346,12,2,5.14982747369717,0.500569087962181,1294.66666666667,30.601379780076,NA,NA,0.598442767304053,0.00502522203254932,0.000639771500974497,0.00481792980407082,0.00435384015639281,0.00757569427287971,0.0289392778060191,0.0136722029323192,24.9,2.55571907689404,0,0,0,0,2343.66666666667,3.2829526005987,2326.66666666667,5.92546294487706,1294.66666666667,30.601379780076,826,207.588535328905,1566.33333333333,265.538655901128,197.176687569914,12.1930674443513,1.05439923462968,0.00731701808888028,3
"multi_representative",0.7,"ASK-PC pooled union","support-kernel compression","beta=0.08","full",100,"mcmc_empirical_visited_supports",0.157578853921052,0.00648064007566787,0.0821933150631061,0.00699088612220827,0.0715955236191739,0.00543492070879686,0.001,0,6.40895340630488,0,16,6.50640709864771,5.1941627287751,0.612240882091832,1287.66666666667,44.382178605582,NA,NA,0.593277334706786,0.0068661461849377,0.00949156180104196,0.00253499410036563,-0.00675065925073841,0.00179486758768319,0.0156537863259566,0.000431074402447739,19.7266666666668,3.01450567165581,0,0,0,0,2335.33333333333,4.70224532655529,2317.33333333333,6.17341972581738,1287.66666666667,44.382178605582,743.666666666667,127.63271959459,1466,174.596678089819,167.362938128627,5.24002470015892,1.04318834753332,0.0133062875231701,3
"noisy_grouping",0.7,"ASK-PC pooled union","support-kernel compression","beta=0.08","full",100,"mcmc_empirical_visited_supports",0.116937696149526,0.0046933020355517,0.0455463625877142,0.00280321759468565,0.0381554975815041,0.00258211576007624,0.001,0,6.40895340630488,0,87.6666666666667,2.33333333333333,51.2431567826005,16.4791219533746,1239.66666666667,15.3441990486452,NA,NA,0.554476345005536,0.00322219205951788,0.000329169953730372,6.95512443759759e-05,-0.000344972483075005,4.44880109289734e-05,0.0173741517696951,0.000300034065651413,17.3700000000001,2.95523828706483,0,0,0,0,2358,3,2346,3,1239.66666666667,15.3441990486452,208.666666666667,71.3496865990158,801,105.659831534978,144.055369809969,4.60702838515577,1.07714776273292,0.0205432858933001,3
"one_representative",0.7,"ASK-PC pooled union","support-kernel compression","beta=0.08","full",100,"mcmc_empirical_visited_supports",0.116100996862151,0.00565483952990474,0.0425886401491743,0.0040799315488245,0.0373706573056856,0.00337834839428019,0.001,0,6.41275402451084,0.00380061820595667,39.6666666666667,25.6666666666667,14.6330473065795,10.4322028422406,1194,3.78593889720018,NA,NA,0.553462557933951,0.00498193829801315,-0.00127694322176586,0.000802140168047213,0.00126972399505743,0.000808780220920314,0.017098750484046,0.00128993483947715,16.4466666666666,2.25395454947768,0,0,0,0,2347.66666666667,1.76383420737639,2333.66666666667,4.17665469538056,1194,3.78593889720018,241,57.8878225536252,713,98.1138794123101,179.502766932497,12.4652144575849,1.03786629487523,0.00939074249888425,3
"ordered_interval",0.7,"ASK-PC pooled union","support-kernel compression","beta=0.08","full",100,"mcmc_empirical_visited_supports",0.126610518748144,0.00511600786064113,0.0492843172674133,0.00494591131868189,0.0439262053063346,0.00480666595919303,0.001,0,6.40895348487708,7.85722032622023e-08,7.66666666666667,3.2829526005987,2.71318080895278,0.897614101006089,1142.66666666667,18.6577359588754,NA,NA,0.561125675100578,0.00465502641893341,0.000698331184075659,0.00140214381129555,-0.000408234890587979,0.00123208706895107,0.0142403329308644,0.00232663271651433,17.6433333333332,1.73845077903026,0.333333333333333,0.333333333333333,8.0114700799309e-09,8.0114700799309e-09,2308,4.58257569495584,2301,8.18535277187245,1142.66666666667,18.6577359588754,303.333333333333,25.7509438877706,950.666666666667,40.3085323198176,153.554758377494,13.0201355010066,1.06729443616689,0.018634911986936,3
"weak_signal",0.7,"ASK-PC pooled union","support-kernel compression","beta=0.08","full",100,"mcmc_empirical_visited_supports",0.140740514018822,0.00163716027612055,0.0664812327017012,0.00481856023047883,0.0625406935692713,0.00628219979881273,0.001,0,6.51912128432208,0.102471260170641,17,2.64575131106459,6.60261360746195,0.784312350653953,1350,5.5075705472861,NA,NA,0.586138846190756,0.0129316735970405,0.00977312652598419,0.00146563506645798,-0.00605986040017566,0.000222203427421465,0.0163762782190513,0.000979645643511936,17.7233333333333,2.40933139642051,0,0,0,0,2351,3,2340,4,1350,5.5075705472861,1095.66666666667,171.474325904622,1962,201.390996157557,175.128525540345,19.2315194837855,1.04238754138431,0.00772700706600646,3
"graph_community",0.9,"ASK-PC pooled union","support-kernel compression","beta=0.08","full",100,"mcmc_empirical_visited_supports",0.132235911899168,0.0047988623517249,0.0549051269281128,0.0044182270201805,0.0469320383143966,0.00318559923091063,0.001,0,6.40895340630488,0,72.6666666666667,25.3399114266627,43.3656436390735,27.1885168225228,1425.66666666667,21.073943890765,NA,NA,0.564401563670806,0.00454304671798337,-1.80176258623988e-05,0.000193466419752999,4.16819231536803e-05,0.0002393767076079,0.0167358028053062,0.000725157677583211,26.0766666666667,2.41925838039493,0,0,0,0,2338.33333333333,3.38296385503074,2319.33333333333,3.2829526005987,1425.66666666667,21.073943890765,1228.33333333333,163.269034963087,2100.66666666667,189.320128647514,174.926332540067,7.44876871028743,1.03111151739593,0.00748628577765558,3
"multi_representative",0.9,"ASK-PC pooled union","support-kernel compression","beta=0.08","full",100,"mcmc_empirical_visited_supports",0.139320196858614,0.0269209140339868,0.0699218456862911,0.0304370809511422,0.0600769046460909,0.0257857086651541,0.001,0,6.40895340630488,0,64.6666666666667,26.3586376312923,13.0334423518739,3.78489574124376,1345.66666666667,91.9317379605348,NA,NA,0.580180333467354,0.0307882585044384,-0.00382260405343889,0.00399153880604102,0.00363789399156199,0.00384324307811884,0.0171744268526709,9.88822029518528e-05,24.1433333333332,4.8260416261961,0,0,0,0,2336.33333333333,2.96273147243853,2319.33333333333,5.60753461375357,1345.66666666667,91.9317379605348,930.666666666667,611.948890385827,1618.66666666667,728.526442744378,181.983261133479,21.3655131037402,1.06475403616032,0.0134285413473858,3
"noisy_grouping",0.9,"ASK-PC pooled union","support-kernel compression","beta=0.08","full",100,"mcmc_empirical_visited_supports",0.118208022474716,0.00170471405521337,0.046358102721973,0.0022488496180231,0.0389186537289074,0.00137256865107152,0.001,0,6.40895340630488,0,88.6666666666667,5.89726867098471,42.2863285351412,20.0365256323598,1359.33333333333,33.2181342709738,NA,NA,0.555821813940875,0.00178747564943108,-0.000139917355885218,0.000170414334689139,0.000195871383538234,0.000176795167376941,0.0263697617767827,0.00883547416159676,20.4099999999998,0.442417600614203,0,0,0,0,2345.66666666667,3.2829526005987,2327.66666666667,2.40370085030933,1359.33333333333,33.2181342709738,464,106.616133863501,1143.66666666667,153.836854419797,159.331219672953,11.3340580119535,1.05864819177561,0.016001014343833,3
"one_representative",0.9,"ASK-PC pooled union","support-kernel compression","beta=0.08","full",100,"mcmc_empirical_visited_supports",0.120630301943358,0.0181747807700479,0.0487513626207313,0.00947207246762558,0.0417423505454738,0.00847787150718534,0.001,0,6.40895340630488,0,80,16.5025250593154,53.2328427083337,23.2349651714502,1418.33333333333,55.995039462835,NA,NA,0.557753387585693,0.0099035470057488,-0.000405089975180407,0.000594729647839823,0.000374173230741699,0.000397330211178503,0.0169117623492639,0.000675828951011714,23.1399999999999,2.40676130931168,0,0,0,0,2335,2.08166599946613,2315,2.88675134594813,1418.33333333333,55.995039462835,1208.66666666667,335.311960882864,2049,391.415806187401,183.100358803901,5.85759750047794,1.04082959135079,0.0110439089053601,3
"ordered_interval",0.9,"ASK-PC pooled union","support-kernel compression","beta=0.08","full",100,"mcmc_empirical_visited_supports",0.126587151797734,0.008790981599825,0.0506516459361111,0.00743002472018793,0.0445875092181431,0.00717351622452255,0.001,0,6.40895340630488,0,43,20.4205778566621,3.76668595351186,0.734873049013451,1175,24,NA,NA,0.562084101082031,0.00726403928095187,0.00238051061081583,0.000176034310441813,-0.00185498956212937,0.000282803038121258,0.0163857981069067,0.000700968777650768,17.3033333333332,2.00449772040541,0,0,0,0,2342.33333333333,1.45296631451356,2333.33333333333,2.84800124843918,1175,24,491.666666666667,126.741644475857,1284.33333333333,158.431197825569,172.310428393406,9.61116793549622,1.05088349986881,0.00987830678750446,3
"weak_signal",0.9,"ASK-PC pooled union","support-kernel compression","beta=0.08","full",100,"mcmc_empirical_visited_supports",0.204540028576031,0.00783551715232962,0.141796245258072,0.0086629302132164,0.13257406483841,0.0126486532361533,0.001,0,4.41572124751143,0.99950438248699,5.33333333333333,4.33333333333333,3.44890414399494,2.44096554397809,1489,12.6622799421484,NA,NA,0.494342018982603,0.0719144519815245,0.0347079919848031,0.010789342874038,-0.0178282495291648,0.00562879906587818,0.0384747832925884,0.0268615892824011,28.3833333333332,2.64628250780432,0,0,0,0,2340.33333333333,5.78311719096582,2327.33333333333,7.53510303697154,1489,12.6622799421484,4113.33333333333,425.967265304637,5013.33333333333,425.967265304637,180.036777979975,2.61447224398121,1.04990341219829,0.00400516098619526,3
"graph_community",0.7,"ASK-PC pooled-pruned 99%","support-kernel compression","beta=0.08","full",100,"mcmc_empirical_visited_supports",0.156655511476243,0.00680810584231499,0.0872025880847072,0.00513428135472165,0.0818428538173923,0.00466057797048847,0.001,0,6.41087511508316,0.00192170877828346,12,2,5.14982747369717,0.500569087962181,13.3333333333333,2.185812841434,NA,NA,0.598442767304053,0.00502522203254932,0.000639771500974497,0.00481792980407082,0.00435384015639281,0.00757569427287971,0.00607033227532109,0.000851520094944829,24.9,2.55571907689404,2,0,5.92121141007597e-08,3.0079823031421e-08,2343.66666666667,3.2829526005987,2326.66666666667,5.92546294487706,1294.66666666667,30.601379780076,826,207.588535328905,1566.33333333333,265.538655901128,197.176687569914,12.1930674443513,1.05439923462968,0.00731701808888028,3
"multi_representative",0.7,"ASK-PC pooled-pruned 99%","support-kernel compression","beta=0.08","full",100,"mcmc_empirical_visited_supports",0.157578853921052,0.00648064007566787,0.0821933150631061,0.00699088612220827,0.0715955236191739,0.00543492070879686,0.001,0,6.40895340630488,0,16,6.50640709864771,5.1941627287751,0.612240882091832,25.6666666666667,11.3480296870328,NA,NA,0.593277334706786,0.0068661461849377,0.00949156180104196,0.00253499410036563,-0.00675065925073841,0.00179486758768319,0.00732968243838448,0.00133891435709022,19.7266666666668,3.01450567165581,2,0,7.95038032445444e-08,1.80344559501952e-08,2335.33333333333,4.70224532655529,2317.33333333333,6.17341972581738,1287.66666666667,44.382178605582,743.666666666667,127.63271959459,1466,174.596678089819,167.362938128627,5.24002470015892,1.04318834753332,0.0133062875231701,3
"noisy_grouping",0.7,"ASK-PC pooled-pruned 99%","support-kernel compression","beta=0.08","full",100,"mcmc_empirical_visited_supports",0.116937696149526,0.0046933020355517,0.0455463625877142,0.00280321759468565,0.0381554975815041,0.00258211576007624,0.001,0,6.40895340630488,0,87.6666666666667,2.33333333333333,51.2431567826005,16.4791219533746,88.6666666666667,2.33333333333333,NA,NA,0.554476345005536,0.00322219205951788,0.000329169953730372,6.95512443759759e-05,-0.000344972483075005,4.44880109289734e-05,0.0041013179039581,0.000230289376079949,17.3700000000001,2.95523828706483,94,46,5.34713479198127e-07,1.94477526523182e-07,2358,3,2346,3,1239.66666666667,15.3441990486452,208.666666666667,71.3496865990158,801,105.659831534978,144.055369809969,4.60702838515577,1.07714776273292,0.0205432858933001,3
"one_representative",0.7,"ASK-PC pooled-pruned 99%","support-kernel compression","beta=0.08","full",100,"mcmc_empirical_visited_supports",0.116100996862151,0.00565483952990474,0.0425886401491743,0.0040799315488245,0.0373706573056856,0.00337834839428019,0.001,0,6.41275402451084,0.00380061820595667,39.6666666666667,25.6666666666667,14.6330473065795,10.4322028422406,59.3333333333333,16.3740987877535,NA,NA,0.553462557933951,0.00498193829801315,-0.00127694322176586,0.000802140168047213,0.00126972399505743,0.000808780220920314,0.00746831376582111,0.00257063837144358,16.4466666666666,2.25395454947768,48,46,3.34912725182453e-07,2.24583670733964e-07,2347.66666666667,1.76383420737639,2333.66666666667,4.17665469538056,1194,3.78593889720018,241,57.8878225536252,713,98.1138794123101,179.502766932497,12.4652144575849,1.03786629487523,0.00939074249888425,3
"ordered_interval",0.7,"ASK-PC pooled-pruned 99%","support-kernel compression","beta=0.08","full",100,"mcmc_empirical_visited_supports",0.126615056974383,0.00511148808475596,0.0492856561442525,0.00494459327180551,0.0439232204317002,0.00480950625209376,0.001,0,6.40895340630488,0,6.66666666666667,3.66666666666667,2.68907665082649,0.917423153222625,17.3333333333333,13.3333333333333,NA,NA,0.561146942431778,0.0046342807760618,0.000632852881515082,0.00134093233271284,-0.000355037340444989,0.00118674175848665,0.00324190645677863,0.00206669109814284,17.6433333333332,1.73845077903026,2,0,3.37238209580093e-08,2.67211395640612e-08,2308,4.58257569495584,2301,8.18535277187245,1142.66666666667,18.6577359588754,303.333333333333,25.7509438877706,950.666666666667,40.3085323198176,153.554758377494,13.0201355010066,1.06729443616689,0.018634911986936,3
"weak_signal",0.7,"ASK-PC pooled-pruned 99%","support-kernel compression","beta=0.08","full",100,"mcmc_empirical_visited_supports",0.140740514018822,0.00163716027612055,0.0664812327017012,0.00481856023047883,0.0625406935692713,0.00628219979881273,0.001,0,6.51912128432208,0.102471260170641,17,2.64575131106459,6.60261360746195,0.784312350653953,30.6666666666667,15.1913718201411,NA,NA,0.586138846190756,0.0129316735970405,0.00977312652598419,0.00146563506645798,-0.00605986040017566,0.000222203427421465,0.00600190900323019,0.00104307324203478,17.7233333333333,2.40933139642051,94,46,3.29031073239191e-07,1.32858645152397e-07,2351,3,2340,4,1350,5.5075705472861,1095.66666666667,171.474325904622,1962,201.390996157557,175.128525540345,19.2315194837855,1.04238754138431,0.00772700706600646,3
"graph_community",0.9,"ASK-PC pooled-pruned 99%","support-kernel compression","beta=0.08","full",100,"mcmc_empirical_visited_supports",0.132235911899168,0.0047988623517249,0.0549051269281128,0.0044182270201805,0.0469320383143966,0.00318559923091063,0.001,0,6.40895340630488,0,72.6666666666667,25.3399114266627,43.3656436390735,27.1885168225228,89.6666666666667,9.35117342607036,NA,NA,0.564401563670806,0.00454304671798337,-1.80176258623988e-05,0.000193466419752999,4.16819231536803e-05,0.0002393767076079,0.00573725459623568,0.00015516519494446,26.0766666666667,2.41925838039493,48,46,4.14046451828002e-07,2.88329257610698e-07,2338.33333333333,3.38296385503074,2319.33333333333,3.2829526005987,1425.66666666667,21.073943890765,1228.33333333333,163.269034963087,2100.66666666667,189.320128647514,174.926332540067,7.44876871028743,1.03111151739593,0.00748628577765558,3
"multi_representative",0.9,"ASK-PC pooled-pruned 99%","support-kernel compression","beta=0.08","full",100,"mcmc_empirical_visited_supports",0.139320196858614,0.0269209140339868,0.0699218456862911,0.0304370809511422,0.0600769046460909,0.0257857086651541,0.001,0,6.40895340630488,0,64.6666666666667,26.3586376312923,13.0334423518739,3.78489574124376,65.3333333333333,26.1809939544786,NA,NA,0.580180333467354,0.0307882585044384,-0.00382260405343889,0.00399153880604102,0.00363789399156199,0.00384324307811884,0.00424626643195669,0.000286740845894237,24.1433333333332,4.8260416261961,48,46,3.98296123601167e-07,3.02696446571773e-07,2336.33333333333,2.96273147243853,2319.33333333333,5.60753461375357,1345.66666666667,91.9317379605348,930.666666666667,611.948890385827,1618.66666666667,728.526442744378,181.983261133479,21.3655131037402,1.06475403616032,0.0134285413473858,3
"noisy_grouping",0.9,"ASK-PC pooled-pruned 99%","support-kernel compression","beta=0.08","full",100,"mcmc_empirical_visited_supports",0.118208022474716,0.00170471405521337,0.046358102721973,0.0022488496180231,0.0389186537289074,0.00137256865107152,0.001,0,6.40895340630488,0,88.6666666666667,5.89726867098471,42.2863285351412,20.0365256323598,89.3333333333333,5.69600249687835,NA,NA,0.555821813940875,0.00178747564943108,-0.000139917355885218,0.000170414334689139,0.000195871383538234,0.000176795167376941,0.00488083651890464,0.000774815577160724,20.4099999999998,0.442417600614203,94,46,5.24059705853119e-07,2.13826347709242e-07,2345.66666666667,3.2829526005987,2327.66666666667,2.40370085030933,1359.33333333333,33.2181342709738,464,106.616133863501,1143.66666666667,153.836854419797,159.331219672953,11.3340580119535,1.05864819177561,0.016001014343833,3
"one_representative",0.9,"ASK-PC pooled-pruned 99%","support-kernel compression","beta=0.08","full",100,"mcmc_empirical_visited_supports",0.120630301943358,0.0181747807700479,0.0487513626207313,0.00947207246762558,0.0417423505454738,0.00847787150718534,0.001,0,6.40895340630488,0,80,16.5025250593154,53.2328427083337,23.2349651714502,91.6666666666667,5.84047182264508,NA,NA,0.557753387585693,0.0099035470057488,-0.000405089975180407,0.000594729647839823,0.000374173230741699,0.000397330211178503,0.00522763648509298,0.000647646537652932,23.1399999999999,2.40676130931168,94,46,5.41080122965868e-07,2.00916642185185e-07,2335,2.08166599946613,2315,2.88675134594813,1418.33333333333,55.995039462835,1208.66666666667,335.311960882864,2049,391.415806187401,183.100358803901,5.85759750047794,1.04082959135079,0.0110439089053601,3
"ordered_interval",0.9,"ASK-PC pooled-pruned 99%","support-kernel compression","beta=0.08","full",100,"mcmc_empirical_visited_supports",0.126587151797734,0.008790981599825,0.0506516459361111,0.00743002472018793,0.0445875092181431,0.00717351622452255,0.001,0,6.40895340630488,0,43,20.4205778566621,3.76668595351186,0.734873049013451,57.6666666666667,17.1399468429099,NA,NA,0.562084101082031,0.00726403928095187,0.00238051061081583,0.000176034310441813,-0.00185498956212937,0.000282803038121258,0.00664463961719725,0.000901017655075018,17.3033333333332,2.00449772040541,2,0,8.0802533034922e-08,1.45721210742386e-08,2342.33333333333,1.45296631451356,2333.33333333333,2.84800124843918,1175,24,491.666666666667,126.741644475857,1284.33333333333,158.431197825569,172.310428393406,9.61116793549622,1.05088349986881,0.00987830678750446,3
"weak_signal",0.9,"ASK-PC pooled-pruned 99%","support-kernel compression","beta=0.08","full",100,"mcmc_empirical_visited_supports",0.204540028576031,0.00783551715232962,0.141796245258072,0.0086629302132164,0.13257406483841,0.0126486532361533,0.001,0,4.41572124751143,0.99950438248699,5.33333333333333,4.33333333333333,3.44890414399494,2.44096554397809,6.33333333333333,4.33333333333333,NA,NA,0.494342018982603,0.0719144519815245,0.0347079919848031,0.010789342874038,-0.0178282495291648,0.00562879906587818,0.00336609975873057,0.00336609975873057,28.3833333333332,2.64628250780432,1.33333333333333,0.333333333333333,4.27380258220348e-08,4.26147484034942e-08,2340.33333333333,5.78311719096582,2327.33333333333,7.53510303697154,1489,12.6622799421484,4113.33333333333,425.967265304637,5013.33333333333,425.967265304637,180.036777979975,2.61447224398121,1.04990341219829,0.00400516098619526,3
"graph_community",0.7,"Posterior clustering","posterior clustering","clusters=12, beta=0.005","full",100,"mcmc_empirical_visited_supports",0.0428206158470482,0.000671571489990411,0.00486658976005207,0.000120048145801747,0.00479794432737987,0.000106497484710675,0.775090026771694,0.0111020494689034,17.2481624183829,0.0183685319589005,16.6666666666667,0.881917103688197,3.06765818141375,0.108441092550893,17,0.577350269189626,NA,NA,0.0899877686154449,0.000115908453055239,0.000656285314565372,0.000360760108166218,-0.000914307572644324,0.000622217944254626,0.0277942961618291,0.00121637234673545,24.9,2.55571907689404,120,0,2.3942734356038e-05,1.38473216786524e-06,NA,NA,NA,NA,NA,NA,826,207.588535328905,1566.33333333333,265.538655901128,197.176687569914,12.1930674443513,1.05439923462968,0.00731701808888028,3
"multi_representative",0.7,"Posterior clustering","posterior clustering","clusters=12, beta=0.005","full",100,"mcmc_empirical_visited_supports",0.0442341803682775,0.00226652711386383,0.00510324624554236,0.000893405534505349,0.00499027676947132,0.000806131689313993,0.767937588657249,0.058789933337238,17.1219883858474,0.145446832068351,16.3333333333333,0.666666666666667,3.20385423010242,0.712798556325895,16.3333333333333,0.666666666666667,NA,NA,0.0895942152523498,0.000328238948031228,0.00200031301846574,0.000385035852793146,-0.00138775608244498,0.000354506012018174,0.0280918000919742,0.00049070223059186,19.7266666666668,3.01450567165581,120,0,2.19047768095088e-05,7.76758656034415e-06,NA,NA,NA,NA,NA,NA,743.666666666667,127.63271959459,1466,174.596678089819,167.362938128627,5.24002470015892,1.04318834753332,0.0133062875231701,3
"noisy_grouping",0.7,"Posterior clustering","posterior clustering","clusters=12, beta=0.005","full",100,"mcmc_empirical_visited_supports",0.0541774292357688,0.00153999899531964,0.00811940078303645,0.00043507538714046,0.0077173946493706,0.000391062135468173,0.653553431693608,0.0146847873432968,16.2295695999304,0.13967117417566,21.3333333333333,0.666666666666667,5.25307959449634,0.31191145852483,21.3333333333333,0.666666666666667,NA,NA,0.0876119652968319,0.000333806148695005,0.000122492843746288,4.29913678913397e-05,-0.000140034154708424,3.8102951488068e-05,0.0345358404879222,0.00405402364748669,17.3700000000001,2.95523828706483,120,0,4.03260665119837e-05,6.43290538274131e-06,NA,NA,NA,NA,NA,NA,208.666666666667,71.3496865990158,801,105.659831534978,144.055369809969,4.60702838515577,1.07714776273292,0.0205432858933001,3
"one_representative",0.7,"Posterior clustering","posterior clustering","clusters=12, beta=0.005","full",100,"mcmc_empirical_visited_supports",0.0571219711071893,0.00114272943302174,0.00925368983267487,0.000194844244904221,0.00875004152759381,0.000195957018759201,0.600792867714009,0.0130011817361006,16.0879530452626,0.105141140238562,19.6666666666667,0.333333333333333,6.01094307471413,0.256884305699561,19.6666666666667,0.333333333333333,NA,NA,0.0879016843403809,0.000437868444956675,-0.00015737232061371,0.000123670500467205,4.67209498565457e-05,0.000201654155540996,0.0404650071183087,0.000678910376980046,16.4466666666666,2.25395454947768,120,0,5.22783870133177e-05,2.8928895100167e-06,NA,NA,NA,NA,NA,NA,241,57.8878225536252,713,98.1138794123101,179.502766932497,12.4652144575849,1.03786629487523,0.00939074249888425,3
"ordered_interval",0.7,"Posterior clustering","posterior clustering","clusters=12, beta=0.005","full",100,"mcmc_empirical_visited_supports",0.0605804195448707,0.00199814705326979,0.0111452842747676,0.00100777259537566,0.0104190172414182,0.000883784989896695,0.577946651218598,0.0306906105831283,14.7869802636823,0.406214620890748,21.3333333333333,0.333333333333333,6.54664311736137,0.515903375562743,21.3333333333333,0.333333333333333,NA,NA,0.0832077121318251,0.0011047911189822,-1.94290322696284e-05,0.000163698851086237,5.49932185419283e-05,0.000114711698128012,0.0198327287548374,0.00214947917683089,17.6433333333332,1.73845077903026,120,0,1.80655299111821e-05,5.80261637167237e-07,NA,NA,NA,NA,NA,NA,303.333333333333,25.7509438877706,950.666666666667,40.3085323198176,153.554758377494,13.0201355010066,1.06729443616689,0.018634911986936,3
"weak_signal",0.7,"Posterior clustering","posterior clustering","clusters=12, beta=0.005","full",100,"mcmc_empirical_visited_supports",0.0532827049161488,0.000854900335314048,0.00743072199785617,0.000305223907795441,0.00725977504516447,0.000269220443709291,0.72929375956697,0.0168172404033588,16.0091076013296,0.100225883927889,18,0,3.6150147127615,0.186675761251368,18,0,NA,NA,0.0861938564194845,0.000249501525576731,0.00316162465220837,0.000765278064996517,-0.00177582125428259,0.000468114723798924,0.0223750184914545,0.00302705274627765,17.7233333333333,2.40933139642051,120,0,9.88702213492361e-06,4.34656689248382e-07,NA,NA,NA,NA,NA,NA,1095.66666666667,171.474325904622,1962,201.390996157557,175.128525540345,19.2315194837855,1.04238754138431,0.00772700706600646,3
"graph_community",0.9,"Posterior clustering","posterior clustering","clusters=12, beta=0.005","full",100,"mcmc_empirical_visited_supports",0.0445916971363387,0.00160200064182053,0.00528363863742817,0.00057084625457346,0.00517961889176005,0.000517229542643911,0.749269415547408,0.0362027374188477,17.1357412934499,0.0464139729279289,16.3333333333333,1.45296631451356,3.2915064172827,0.496555948000467,16.3333333333333,1.45296631451356,NA,NA,0.0897957810374666,0.000260412633456739,0.000585343749623194,0.000311377697313537,-0.00041172090148045,0.00017992374770545,0.024059557023982,0.00698335629598887,26.0766666666667,2.41925838039493,120,0,2.37296274314773e-05,8.76717856968406e-06,NA,NA,NA,NA,NA,NA,1228.33333333333,163.269034963087,2100.66666666667,189.320128647514,174.926332540067,7.44876871028743,1.03111151739593,0.00748628577765558,3
"multi_representative",0.9,"Posterior clustering","posterior clustering","clusters=12, beta=0.005","full",100,"mcmc_empirical_visited_supports",0.0472342111275953,0.00898679638342256,0.00712747921833204,0.00244542440192102,0.00677146889090009,0.00223547320364715,0.687144125981034,0.101843180812109,16.6127697455578,0.661477294009514,18.3333333333333,0.333333333333333,4.6940210487229,1.48439130517875,18.3333333333333,0.333333333333333,NA,NA,0.0887742218122764,0.00124548716908858,-2.6679859497225e-05,0.000326988155262454,-8.90576356721666e-05,0.000357054790397841,0.0321602729922984,0.00164759314863802,24.1433333333332,4.8260416261961,120,0,3.457987052737e-05,9.92990211885372e-06,NA,NA,NA,NA,NA,NA,930.666666666667,611.948890385827,1618.66666666667,728.526442744378,181.983261133479,21.3655131037402,1.06475403616032,0.0134285413473858,3
"noisy_grouping",0.9,"Posterior clustering","posterior clustering","clusters=12, beta=0.005","full",100,"mcmc_empirical_visited_supports",0.0526200917926477,0.000168142848140097,0.00766717289875301,5.11598929004445e-05,0.00732364092477107,3.68284396997737e-05,0.673231596850508,0.00325363587487749,16.3383409985986,0.0990423076962336,19.3333333333333,0.333333333333333,4.77668256622943,0.0878536755789199,19.6666666666667,0.333333333333333,NA,NA,0.0877954716830349,0.000434970666472763,0.000219371606536696,0.000210738624621584,-0.000151984126963341,8.41731967817636e-05,0.0315754485628359,0.00149082019983018,20.4099999999998,0.442417600614203,120,0,3.36285815239016e-05,1.26077091255916e-06,NA,NA,NA,NA,NA,NA,464,106.616133863501,1143.66666666667,153.836854419797,159.331219672953,11.3340580119535,1.05864819177561,0.016001014343833,3
"one_representative",0.9,"Posterior clustering","posterior clustering","clusters=12, beta=0.005","full",100,"mcmc_empirical_visited_supports",0.0455698293353578,0.00434151897207421,0.00588544752733703,0.00156163708782829,0.00572107910002838,0.00142057964123478,0.751287871101729,0.0600781310545131,16.6820226534387,0.59311824827498,15.6666666666667,0.666666666666667,3.28775009488959,0.700551414147908,15.6666666666667,0.666666666666667,NA,NA,0.0881469458461318,0.00160405670548258,7.1517486440964e-05,0.000523699811620057,-0.000188319718389619,0.000627235377877324,0.0243568052586766,0.00341644049624668,23.1399999999999,2.40676130931168,120,0,1.50850884248303e-05,1.89092727535311e-06,NA,NA,NA,NA,NA,NA,1208.66666666667,335.311960882864,2049,391.415806187401,183.100358803901,5.85759750047794,1.04082959135079,0.0110439089053601,3
"ordered_interval",0.9,"Posterior clustering","posterior clustering","clusters=12, beta=0.005","full",100,"mcmc_empirical_visited_supports",0.0585353432239185,0.00195505383138257,0.00946657376724015,0.000689672584593768,0.00903611121999393,0.000596837178567729,0.650622442796344,0.0233268798118648,15.3122177150402,0.23251494849011,20.6666666666667,0.333333333333333,5.0909032850921,0.49122963242091,20.6666666666667,0.333333333333333,NA,NA,0.0844096915659491,0.000571810854180371,-5.17655738462667e-05,0.000289772251648589,-6.25347036078417e-05,0.000298624013886281,0.0197687009915754,0.00144160031412745,17.3033333333332,2.00449772040541,120,0,1.33187101126799e-05,1.31651240114536e-06,NA,NA,NA,NA,NA,NA,491.666666666667,126.741644475857,1284.33333333333,158.431197825569,172.310428393406,9.61116793549622,1.05088349986881,0.00987830678750446,3
"weak_signal",0.9,"Posterior clustering","posterior clustering","clusters=12, beta=0.005","full",100,"mcmc_empirical_visited_supports",0.0474474808212529,0.00474787021288323,0.00588572098944091,0.00112809863580059,0.00583473714638728,0.00108819606968599,0.792603699827097,0.0365767951904328,16.3674127411418,0.441535031399335,18,0.577350269189626,2.58072915104227,0.297979208692446,18,0.577350269189626,NA,NA,0.0867893661157358,0.00120403403412713,0.0049026384023972,0.00103338836652759,-0.00258107383835811,0.000546282910656358,0.0221653133918321,0.00822241230224223,28.3833333333332,2.64628250780432,120,0,5.18483779321973e-06,1.71576427554539e-06,NA,NA,NA,NA,NA,NA,4113.33333333333,425.967265304637,5013.33333333333,425.967265304637,180.036777979975,2.61447224398121,1.04990341219829,0.00400516098619526,3
"graph_community",0.7,"Posterior clustering","posterior clustering","clusters=12, beta=0.02","full",100,"mcmc_empirical_visited_supports",0.12422609602737,0.00397710031058362,0.0389604056963676,0.00168041075403342,0.0376937299220776,0.00190275479865568,0.506494937787906,0.0117227094019787,14.4226338721649,0.147189426007712,16,0.577350269189626,6.65898396888097,0.0881787371886908,17,0.577350269189626,NA,NA,0.325517293023664,0.00130946433185697,0.00213390381438801,0.00116250441776315,-0.00276368188529904,0.00173674345875793,0.0850216499052444,0.00447052415696293,24.9,2.55571907689404,120,0,2.59899286644087e-05,3.4219163761711e-06,NA,NA,NA,NA,NA,NA,826,207.588535328905,1566.33333333333,265.538655901128,197.176687569914,12.1930674443513,1.05439923462968,0.00731701808888028,3
"multi_representative",0.7,"Posterior clustering","posterior clustering","clusters=12, beta=0.02","full",100,"mcmc_empirical_visited_supports",0.127885935258441,0.0015732495742352,0.0406156979218608,0.00160090652856751,0.0385498254489424,0.000844674823172898,0.489424479855284,0.0552299320106109,14.1579080370463,0.219991710307342,15.6666666666667,0.881917103688197,6.73709924979558,0.898536350671194,16.3333333333333,0.666666666666667,NA,NA,0.321882940004322,0.00291791541406337,0.00641853073474382,0.000887426647023598,-0.00444355162919185,0.000866231457764857,0.0894981351663621,0.00710036330181867,19.7266666666668,3.01450567165581,120,0,2.7238133249267e-05,9.7304830455212e-06,NA,NA,NA,NA,NA,NA,743.666666666667,127.63271959459,1466,174.596678089819,167.362938128627,5.24002470015892,1.04318834753332,0.0133062875231701,3
"noisy_grouping",0.7,"Posterior clustering","posterior clustering","clusters=12, beta=0.02","full",100,"mcmc_empirical_visited_supports",0.130276109794878,0.00201151391147104,0.0525537359671855,0.00108979885620336,0.0453434732681632,0.000664036065241846,0.297419098671409,0.0206204763614963,12.1899126790613,0.206018098037817,16,2,10.7255996919127,0.713248068267753,21.3333333333333,0.666666666666667,NA,NA,0.293983953988457,0.00316510462083878,0.000348326382926034,9.42107803951085e-05,-0.000379921625570286,8.43754532906784e-05,0.115169574237211,0.0172102045107159,17.3700000000001,2.95523828706483,120,0,2.91296470144956e-05,4.71286514971748e-06,NA,NA,NA,NA,NA,NA,208.666666666667,71.3496865990158,801,105.659831534978,144.055369809969,4.60702838515577,1.07714776273292,0.0205432858933001,3
"one_representative",0.7,"Posterior clustering","posterior clustering","clusters=12, beta=0.02","full",100,"mcmc_empirical_visited_supports",0.133274968219265,0.0037588920614866,0.0552264722642539,0.00181523875504376,0.0477394494909745,0.00156160128853709,0.253897786295805,0.0129036283030143,11.9518569436682,0.236472329139935,15.3333333333333,0.333333333333333,10.8004498965311,0.322291794812833,19.6666666666667,0.333333333333333,NA,NA,0.291884923924799,0.00306250563033691,-0.000514710611988563,0.000124304367435939,0.000215889185439651,0.000348498201989398,0.129179039506923,0.00282034814837954,16.4466666666666,2.25395454947768,120,0,2.63456323150909e-05,7.80987266596234e-07,NA,NA,NA,NA,NA,NA,241,57.8878225536252,713,98.1138794123101,179.502766932497,12.4652144575849,1.03786629487523,0.00939074249888425,3
"ordered_interval",0.7,"Posterior clustering","posterior clustering","clusters=12, beta=0.02","full",100,"mcmc_empirical_visited_supports",0.129936546315959,0.00195839795091181,0.0614685286470445,0.00245176100282407,0.050841039482789,0.0012349208739441,0.148785882768393,0.0423459344081605,10.5090998994904,0.563001157672236,21.3333333333333,0.333333333333333,14.2639761677709,0.701288444046975,21.3333333333333,0.333333333333333,NA,NA,0.268995163674499,0.00886054274235265,-0.000153360010930395,0.000793760057443479,0.000376037225023662,0.000759920587531008,0.0522479152053909,0.000719871947513646,17.6433333333332,1.73845077903026,120,0,6.86947213816384e-05,1.2867702959283e-05,NA,NA,NA,NA,NA,NA,303.333333333333,25.7509438877706,950.666666666667,40.3085323198176,153.554758377494,13.0201355010066,1.06729443616689,0.018634911986936,3
"weak_signal",0.7,"Posterior clustering","posterior clustering","clusters=12, beta=0.02","full",100,"mcmc_empirical_visited_supports",0.143490303063269,0.00208797747941497,0.05945755230724,0.000447347544589132,0.0547686499033278,0.00013754038363457,0.33542978022402,0.0249425827737704,11.7500529683154,0.133175971833251,17.6666666666667,0.333333333333333,9.95442855566295,0.259592337896599,18,0,NA,NA,0.292161266323879,0.00224252820155316,0.0100460780243719,0.00211118576652958,-0.00574098579704667,0.00136753020137688,0.0651255365704928,0.0130576109516973,17.7233333333333,2.40933139642051,120,0,1.94870155229935e-05,5.32038353793657e-06,NA,NA,NA,NA,NA,NA,1095.66666666667,171.474325904622,1962,201.390996157557,175.128525540345,19.2315194837855,1.04238754138431,0.00772700706600646,3
"graph_community",0.9,"Posterior clustering","posterior clustering","clusters=12, beta=0.02","full",100,"mcmc_empirical_visited_supports",0.130966061627962,0.00290946687794428,0.0423221711940457,0.00208390470545664,0.0409110120414849,0.00137976962789832,0.503250437806597,0.0324910846703233,14.0793659426952,0.258897943430478,16,1.15470053837925,7.06750915059697,0.611114546388536,16.3333333333333,1.45296631451356,NA,NA,0.321961470535456,0.00318058110996637,0.00201001078138215,0.000891382297660001,-0.0014516732496798,0.000521135681642089,0.0674279313848888,0.0302118306419075,26.0766666666667,2.41925838039493,120,0,2.65156831402158e-05,1.00471025299205e-05,NA,NA,NA,NA,NA,NA,1228.33333333333,163.269034963087,2100.66666666667,189.320128647514,174.926332540067,7.44876871028743,1.03111151739593,0.00748628577765558,3
"multi_representative",0.9,"Posterior clustering","posterior clustering","clusters=12, beta=0.02","full",100,"mcmc_empirical_visited_supports",0.120715058543366,0.0119477389265365,0.0459399750546103,0.00996762794596685,0.0413272439143674,0.00691953623166568,0.407478711925721,0.152102769972282,13.2614124917685,1.37618487186168,16.6666666666667,0.881917103688197,8.611423050677,2.35836728574054,18.3333333333333,0.333333333333333,NA,NA,0.309117395674523,0.0179126023005948,8.88023327627587e-05,0.000850801640957591,-0.000530011969914757,0.000889175303494707,0.103158149323817,0.0143525865906331,24.1433333333332,4.8260416261961,120,0,2.44344886294138e-05,5.9432887338218e-06,NA,NA,NA,NA,NA,NA,930.666666666667,611.948890385827,1618.66666666667,728.526442744378,181.983261133479,21.3655131037402,1.06475403616032,0.0134285413473858,3
"noisy_grouping",0.9,"Posterior clustering","posterior clustering","clusters=12, beta=0.02","full",100,"mcmc_empirical_visited_supports",0.131375102625248,0.00359181056163365,0.0510250373752567,0.000362110755942421,0.0449346227612888,0.000693221517518051,0.33851143427304,0.0201380169780868,12.541246512148,0.186871173579088,18,2,9.82426961946628,0.066304485461018,19.6666666666667,0.333333333333333,NA,NA,0.299565157496235,0.00349649585053778,0.000517550870077654,0.000490598444661374,-0.000300235741862294,0.000175680097729458,0.0923121645861239,0.0146159018141518,20.4099999999998,0.442417600614203,120,0,2.97644714075858e-05,7.327117979933e-06,NA,NA,NA,NA,NA,NA,464,106.616133863501,1143.66666666667,153.836854419797,159.331219672953,11.3340580119535,1.05864819177561,0.016001014343833,3
"one_representative",0.9,"Posterior clustering","posterior clustering","clusters=12, beta=0.02","full",100,"mcmc_empirical_visited_supports",0.12492905015464,0.00184046932434896,0.0443848264450417,0.00612112751462304,0.0414675522316083,0.00384674258026124,0.445666338221641,0.104592936923835,13.5319652613446,1.01362833618503,15.3333333333333,0.333333333333333,7.73628464056728,1.62089373631184,15.6666666666667,0.666666666666667,NA,NA,0.313018302135069,0.0143459806174834,0.000687934084562915,0.00146132124010746,-0.00101134274544716,0.00192865944689056,0.0724632069865962,0.0144509022123508,23.1399999999999,2.40676130931168,120,0,1.77447054426905e-05,2.44715586560815e-06,NA,NA,NA,NA,NA,NA,1208.66666666667,335.311960882864,2049,391.415806187401,183.100358803901,5.85759750047794,1.04082959135079,0.0110439089053601,3
"ordered_interval",0.9,"Posterior clustering","posterior clustering","clusters=12, beta=0.02","full",100,"mcmc_empirical_visited_supports",0.138100142222928,0.00216036748784078,0.0610234783553064,0.0022641622632169,0.0523571214863003,0.0010893683215338,0.215096073618675,0.0280835156194609,10.9474843575521,0.427430790478561,20.6666666666667,0.333333333333333,12.4671144985054,0.75182875239659,20.6666666666667,0.333333333333333,NA,NA,0.277453608233939,0.00631379768207108,0.000327109079258333,0.000711068985280043,-0.000455279527088238,0.000727374746561248,0.0538152363648836,0.0029689127578549,17.3033333333332,2.00449772040541,120,0,7.74707586733334e-05,2.27331283252336e-05,NA,NA,NA,NA,NA,NA,491.666666666667,126.741644475857,1284.33333333333,158.431197825569,172.310428393406,9.61116793549622,1.05088349986881,0.00987830678750446,3
"weak_signal",0.9,"Posterior clustering","posterior clustering","clusters=12, beta=0.02","full",100,"mcmc_empirical_visited_supports",0.139728865013521,0.00847888612977383,0.0560174889810762,0.00871198721315673,0.0531600125918365,0.00729911812481849,0.40608613731128,0.0891086543451149,12.1978206281313,1.1663364403933,17.3333333333333,0.333333333333333,6.05967545222899,0.559017055132339,18,0.577350269189626,NA,NA,0.298181009370823,0.0147411684536964,0.0164310706124259,0.0039371436642277,-0.00863520318161283,0.00206031085897686,0.0554245972733792,0.0183524509379137,28.3833333333332,2.64628250780432,120,0,2.73243492511973e-05,6.84594014469787e-06,NA,NA,NA,NA,NA,NA,4113.33333333333,425.967265304637,5013.33333333333,425.967265304637,180.036777979975,2.61447224398121,1.04990341219829,0.00400516098619526,3
"graph_community",0.7,"Posterior clustering","posterior clustering","clusters=12, beta=0.08","full",100,"mcmc_empirical_visited_supports",0.253681887578917,0.0130457588584251,0.212563708494203,0.014012817952201,0.173263693547935,0.0122585679256802,0.0393020493110408,0.0115128363138196,10.0511056575888,0.417536072170989,13,0,8.06691932601991,1.3172291057297,17,0.577350269189626,NA,NA,1.01458904521665,0.0194967960645072,0.00396835047783865,0.00212474283448861,-0.00391930857880636,0.00207749253054495,0.167347050708267,0.0186598083673889,24.9,2.55571907689404,120,0,3.0279818340843e-05,1.07737625945433e-05,NA,NA,NA,NA,NA,NA,826,207.588535328905,1566.33333333333,265.538655901128,197.176687569914,12.1930674443513,1.05439923462968,0.00731701808888028,3
"multi_representative",0.7,"Posterior clustering","posterior clustering","clusters=12, beta=0.08","full",100,"mcmc_empirical_visited_supports",0.250632194436933,0.0147108936140108,0.204636275470521,0.0128487580138371,0.160561822065649,0.0133243829194357,0.0500045378413176,0.0209440756701917,10.0096895958156,0.107486537993577,12.6666666666667,0.333333333333333,8.90351804740976,1.07943976888362,16.3333333333333,0.666666666666667,NA,NA,1.00323900379383,0.00828056502976587,0.0126363530572828,0.0017351299019446,-0.00875805338530386,0.001530110606973,0.174937142918217,0.0772632128816366,19.7266666666668,3.01450567165581,120,0,2.11968989611844e-05,8.35452750165562e-06,NA,NA,NA,NA,NA,NA,743.666666666667,127.63271959459,1466,174.596678089819,167.362938128627,5.24002470015892,1.04318834753332,0.0133062875231701,3
"noisy_grouping",0.7,"Posterior clustering","posterior clustering","clusters=12, beta=0.08","full",100,"mcmc_empirical_visited_supports",0.191188719933011,0.00661189043986868,0.148098776560568,0.00690382254316384,0.105289121407833,0.00553865021221894,0.001,0,9.2348517735955,0.0421695909206353,12.3333333333333,0.333333333333333,8.11864363640515,0.342884355969124,21.3333333333333,0.666666666666667,NA,NA,0.884794496075144,0.0094028435858838,0.0005307834274119,0.000111725643501262,-0.000575656745464448,9.9664126808616e-05,0.123865109882481,0.078072971358223,17.3700000000001,2.95523828706483,120,0,0.000132570257760885,3.18436885347022e-05,NA,NA,NA,NA,NA,NA,208.666666666667,71.3496865990158,801,105.659831534978,144.055369809969,4.60702838515577,1.07714776273292,0.0205432858933001,3
"one_representative",0.7,"Posterior clustering","posterior clustering","clusters=12, beta=0.08","full",100,"mcmc_empirical_visited_supports",0.187784407199066,0.00774263814382636,0.135111698697505,0.00699079255091118,0.102755773563799,0.00560664489715814,0.001,0,9.30357739197304,0.108620295580598,12,0,7.62108177538684,0.309597762467265,19.6666666666667,0.333333333333333,NA,NA,0.877368664542158,0.012208778085185,-0.00202081667564354,0.000631698570784609,0.00148115009792408,0.000354232854279401,0.0488977638040873,0.000692202115580026,16.4466666666666,2.25395454947768,120,0,8.23515364735868e-05,1.24742234784456e-05,NA,NA,NA,NA,NA,NA,241,57.8878225536252,713,98.1138794123101,179.502766932497,12.4652144575849,1.03786629487523,0.00939074249888425,3
"ordered_interval",0.7,"Posterior clustering","posterior clustering","clusters=12, beta=0.08","full",100,"mcmc_empirical_visited_supports",0.199111307673137,0.00394840246109692,0.153848686702813,0.0181328724225469,0.121640416162004,0.0166804813587306,0.001,0,7.2278599388675,0.209943270740993,9.66666666666667,1.20185042515466,2.20126573213037,0.43174627214076,21.3333333333333,0.333333333333333,NA,NA,0.731332464472102,0.0335194642980982,-0.00158802587637334,0.00329812621461523,0.00284966801314407,0.00385846573514929,0.236292019138646,0.0362144308302093,17.6433333333332,1.73845077903026,120,0,5.66358654789932e-05,2.62781163716813e-05,NA,NA,NA,NA,NA,NA,303.333333333333,25.7509438877706,950.666666666667,40.3085323198176,153.554758377494,13.0201355010066,1.06729443616689,0.018634911986936,3
"weak_signal",0.7,"Posterior clustering","posterior clustering","clusters=12, beta=0.08","full",100,"mcmc_empirical_visited_supports",0.239755997342866,0.012781064933071,0.21296936938875,0.0126876454328753,0.169936040413718,0.00975010739003284,0.001,0,7.42150446790164,0.195961343730304,14,0.577350269189626,7.61262500565891,1.17671570376261,18,0,NA,NA,0.804687368591951,0.00937588590165939,0.0215012912118971,0.00415066737855406,-0.0123380705916505,0.00260631662588688,0.264444886093467,0.0245328304564271,17.7233333333333,2.40933139642051,120,0,3.91125174403391e-05,1.4184705236623e-05,NA,NA,NA,NA,NA,NA,1095.66666666667,171.474325904622,1962,201.390996157557,175.128525540345,19.2315194837855,1.04238754138431,0.00772700706600646,3
"graph_community",0.9,"Posterior clustering","posterior clustering","clusters=12, beta=0.08","full",100,"mcmc_empirical_visited_supports",0.26468135309591,0.00451211952416428,0.228151889423322,0.00367587552154271,0.18567112076942,0.00862111132079131,0.0701460129115267,0.0228137351677174,9.43229467902715,0.256252314155952,13.3333333333333,0.333333333333333,9.59534987556074,1.13611244918915,16.3333333333333,1.45296631451356,NA,NA,0.980489645317183,0.0215073430521812,0.0033837166655825,0.00174175445116438,-0.00247141496513637,0.00105787186485468,0.187614366050818,0.0547280296653639,26.0766666666667,2.41925838039493,120,0,1.8833885933156e-05,5.52794605582816e-06,NA,NA,NA,NA,NA,NA,1228.33333333333,163.269034963087,2100.66666666667,189.320128647514,174.926332540067,7.44876871028743,1.03111151739593,0.00748628577765558,3
"multi_representative",0.9,"Posterior clustering","posterior clustering","clusters=12, beta=0.08","full",100,"mcmc_empirical_visited_supports",0.2218091355901,0.0292439022706592,0.179271074787143,0.0328952909318651,0.150255204927592,0.0399170965038967,0.0654169992520487,0.0644169992520487,9.74277761359865,0.706651993838579,13,0.577350269189626,9.4874649986886,1.0441717542706,18.3333333333333,0.333333333333333,NA,NA,0.956455031054156,0.0852077448239846,-0.00201328599694069,0.00181121743884864,0.00180231025273196,0.00191975111954394,0.114952180480904,0.0649978155189911,24.1433333333332,4.8260416261961,120,0,3.65524797258192e-05,1.7933266496222e-05,NA,NA,NA,NA,NA,NA,930.666666666667,611.948890385827,1618.66666666667,728.526442744378,181.983261133479,21.3655131037402,1.06475403616032,0.0134285413473858,3
"noisy_grouping",0.9,"Posterior clustering","posterior clustering","clusters=12, beta=0.08","full",100,"mcmc_empirical_visited_supports",0.207365002003306,0.0139868550214955,0.174615563691115,0.0157883868710521,0.124616035934148,0.0128030364842704,0.0070231160111843,0.00377588102198864,9.08300103520012,0.132892557116539,13,0.577350269189626,8.23534844169568,0.415301564958057,19.6666666666667,0.333333333333333,NA,NA,0.89914971406956,0.00566779367590446,7.37837640519453e-05,0.00027996347237876,0.000127424703613081,0.000122595742229325,0.197060284517799,0.0743237893161374,20.4099999999998,0.442417600614203,120,0,4.73114061465922e-05,1.87916700067473e-05,NA,NA,NA,NA,NA,NA,464,106.616133863501,1143.66666666667,153.836854419797,159.331219672953,11.3340580119535,1.05864819177561,0.016001014343833,3
"one_representative",0.9,"Posterior clustering","posterior clustering","clusters=12, beta=0.08","full",100,"mcmc_empirical_visited_supports",0.239404464670085,0.0354902319395767,0.206895881278121,0.023899112214889,0.168561692704742,0.0241273066564575,0.0592653639524719,0.0307273657139936,9.41109007219217,0.448280270136343,13,0.577350269189626,10.2143245384669,0.80617198148449,15.6666666666667,0.666666666666667,NA,NA,0.957465448701096,0.0595601730877801,0.00182639720845357,0.00218732672018521,-0.00242843586324655,0.00334072386556633,0.238098035542713,0.010983011764457,23.1399999999999,2.40676130931168,120,0,1.50566606168153e-05,4.23270946567175e-06,NA,NA,NA,NA,NA,NA,1208.66666666667,335.311960882864,2049,391.415806187401,183.100358803901,5.85759750047794,1.04082959135079,0.0110439089053601,3
"ordered_interval",0.9,"Posterior clustering","posterior clustering","clusters=12, beta=0.08","full",100,"mcmc_empirical_visited_supports",0.22197408016884,0.0192103830623769,0.170608205720834,0.0210794722610815,0.129871835034746,0.0191236646737299,0.001,0,6.87094109416554,0.151787856841277,6,2.08166599946613,1.48538665889053,0.393020569166657,20.6666666666667,0.333333333333333,NA,NA,0.719951149774879,0.0329390221958251,-0.000782980478626647,0.0014991759702887,0.000324205289111701,0.00136254864577865,0.243349858818926,0.0197339258741271,17.3033333333332,2.00449772040541,120,0,6.45918424545533e-05,4.12542664454948e-06,NA,NA,NA,NA,NA,NA,491.666666666667,126.741644475857,1284.33333333333,158.431197825569,172.310428393406,9.61116793549622,1.05088349986881,0.00987830678750446,3
"weak_signal",0.9,"Posterior clustering","posterior clustering","clusters=12, beta=0.08","full",100,"mcmc_empirical_visited_supports",0.290147794392441,0.0102972978501108,0.305418876950935,0.0212113792439939,0.284224112464057,0.0342155057631888,0.0363405764972502,0.0351985586617648,6.03498882518018,1.30132658428389,10.3333333333333,2.96273147243853,3.63468931979237,0.428258409697187,18,0.577350269189626,NA,NA,0.786941086390689,0.0888580279214878,0.0502122479972812,0.0154191403363925,-0.0258278635014553,0.00771486119785078,0.184054948067695,0.0294045945589516,28.3833333333332,2.64628250780432,120,0,3.42385751020228e-05,1.74659577514387e-05,NA,NA,NA,NA,NA,NA,4113.33333333333,425.967265304637,5013.33333333333,425.967265304637,180.036777979975,2.61447224398121,1.04990341219829,0.00400516098619526,3
"graph_community",0.7,"Posterior clustering","posterior clustering","clusters=16, beta=0.005","full",100,"mcmc_empirical_visited_supports",0.0424868565488524,0.00203749363232223,0.00490029230209655,0.000528300880872373,0.00481676537429584,0.000476021720682464,0.76926122469399,0.0331910089837196,17.2835765186505,0.125156185475204,22,0.577350269189626,3.30186105328714,0.407359597161531,22,0.577350269189626,NA,NA,0.090139353764446,0.000327391847572683,0.000685692898393153,0.000738178953568044,-0.00132278574767016,0.00110121808458188,0.0348984100335366,0.0037402997839812,24.9,2.55571907689404,120,0,2.84812388323211e-05,5.93541871391025e-06,NA,NA,NA,NA,NA,NA,826,207.588535328905,1566.33333333333,265.538655901128,197.176687569914,12.1930674443513,1.05439923462968,0.00731701808888028,3
"multi_representative",0.7,"Posterior clustering","posterior clustering","clusters=16, beta=0.005","full",100,"mcmc_empirical_visited_supports",0.0465880142056237,0.00258688804816226,0.00604386709929372,0.000919177294686434,0.00586664980785349,0.000836667497412726,0.718347759149967,0.0428722579645922,16.9780249581155,0.202855263309009,21.3333333333333,0.881917103688197,4.06021334162837,0.696040384413744,21.3333333333333,0.881917103688197,NA,NA,0.0895599021851966,0.000258822233165127,0.0018510228256321,0.000517677477906707,-0.0013151985936765,0.000411602277647473,0.0266589617871511,0.00260330325505892,19.7266666666668,3.01450567165581,120,0,2.92904344504584e-05,5.2206264228681e-06,NA,NA,NA,NA,NA,NA,743.666666666667,127.63271959459,1466,174.596678089819,167.362938128627,5.24002470015892,1.04318834753332,0.0133062875231701,3
"noisy_grouping",0.7,"Posterior clustering","posterior clustering","clusters=16, beta=0.005","full",100,"mcmc_empirical_visited_supports",0.0557115341813509,0.00234694617121548,0.00867975546574393,0.000796756713243545,0.00822855931191957,0.000713114768271996,0.639005450531371,0.0316634401853291,16.1589356794388,0.104502802992459,26,2.51661147842358,6.09228148122194,0.903391979799478,26,2.51661147842358,NA,NA,0.0876905509421878,0.000133628233221705,0.000102643299988584,4.37545779751827e-05,-0.000126388045412096,3.97141877615966e-05,0.0407796666017666,0.00450169927163097,17.3700000000001,2.95523828706483,120,0,4.86949971687384e-05,1.22223157590051e-05,NA,NA,NA,NA,NA,NA,208.666666666667,71.3496865990158,801,105.659831534978,144.055369809969,4.60702838515577,1.07714776273292,0.0205432858933001,3
"one_representative",0.7,"Posterior clustering","posterior clustering","clusters=16, beta=0.005","full",100,"mcmc_empirical_visited_supports",0.0582003261027095,0.00138253901257342,0.00966208784303737,0.000246901407211428,0.00913579857874581,0.000240929308761414,0.591743741129801,0.0075715060389238,16.057153449721,0.172192933084486,24.6666666666667,1.33333333333333,6.76467812719542,0.0392265782516642,24.6666666666667,1.33333333333333,NA,NA,0.0880361739633506,0.000613610700285194,-0.00013974601821265,9.84711440490802e-05,3.74174667889803e-05,0.000178990052056843,0.0403378180923026,0.00257783512750809,16.4466666666666,2.25395454947768,120,0,5.98887515720949e-05,6.21725025724798e-06,NA,NA,NA,NA,NA,NA,241,57.8878225536252,713,98.1138794123101,179.502766932497,12.4652144575849,1.03786629487523,0.00939074249888425,3
"ordered_interval",0.7,"Posterior clustering","posterior clustering","clusters=16, beta=0.005","full",100,"mcmc_empirical_visited_supports",0.0615308910495155,0.00200385456214144,0.011936452947133,0.00102544666528773,0.0110880785416611,0.000872074429345967,0.546433294754817,0.0373738223743635,14.6567257431658,0.393400244421075,28.6666666666667,1.76383420737639,8.17324077081521,0.82075881571319,28.6666666666667,1.76383420737639,NA,NA,0.0831297067027955,0.00103511066901661,8.3969070411601e-05,0.000203564520109009,-0.000105145818132775,0.000177994981612211,0.0232047724373193,0.00121931552891777,17.6433333333332,1.73845077903026,120,0,2.36837178733731e-05,1.76377565833046e-06,NA,NA,NA,NA,NA,NA,303.333333333333,25.7509438877706,950.666666666667,40.3085323198176,153.554758377494,13.0201355010066,1.06729443616689,0.018634911986936,3
"weak_signal",0.7,"Posterior clustering","posterior clustering","clusters=16, beta=0.005","full",100,"mcmc_empirical_visited_supports",0.0573221583538362,0.00135237753696009,0.0100180020511314,8.31906451567028e-05,0.00961608354234606,9.40426915108641e-05,0.626781713497314,0.0135133087183974,15.2918831662792,0.16842006545992,25.6666666666667,0.881917103688197,5.70584643790945,0.319860461405885,25.6666666666667,0.881917103688197,NA,NA,0.0847390731096532,0.000720748710734637,0.0025475321676689,0.000280577275845024,-0.00142044377618096,0.000254063904380915,0.0214418328672055,0.00226834212628216,17.7233333333333,2.40933139642051,120,0,1.92916440438645e-05,4.23942280652627e-06,NA,NA,NA,NA,NA,NA,1095.66666666667,171.474325904622,1962,201.390996157557,175.128525540345,19.2315194837855,1.04238754138431,0.00772700706600646,3
"graph_community",0.9,"Posterior clustering","posterior clustering","clusters=16, beta=0.005","full",100,"mcmc_empirical_visited_supports",0.0464062491341455,0.00184829545034705,0.00602808314920772,0.000576415315444971,0.00585675664958043,0.000530131213652966,0.719941744226361,0.0285974818157056,16.8443087063015,0.14912813747255,21.6666666666667,1.20185042515466,3.75419174182131,0.417289597224504,21.6666666666667,1.20185042515466,NA,NA,0.088938794102044,0.000405759466901557,0.000656891621964918,0.000504967247648234,-0.00040641629352911,0.000320173886622984,0.0291993517380952,0.00421419250688557,26.0766666666667,2.41925838039493,120,0,2.498852043957e-05,5.07186431106032e-06,NA,NA,NA,NA,NA,NA,1228.33333333333,163.269034963087,2100.66666666667,189.320128647514,174.926332540067,7.44876871028743,1.03111151739593,0.00748628577765558,3
"multi_representative",0.9,"Posterior clustering","posterior clustering","clusters=16, beta=0.005","full",100,"mcmc_empirical_visited_supports",0.0492748663013837,0.00862123216543618,0.00745591526768866,0.00238005681017467,0.00709609440842863,0.00218092135147336,0.679537462643929,0.0907937012066939,16.5190539528417,0.696495222395808,21.6666666666667,0.881917103688197,4.97611511896926,1.4090423376827,21.6666666666667,0.881917103688197,NA,NA,0.0885515150879878,0.00144520792682051,0.0001374011005378,0.000283207725219658,-0.000334114151309202,0.000315821329023036,0.0341823600908765,0.00148434213301029,24.1433333333332,4.8260416261961,120,0,3.63069389928555e-05,7.60973087238593e-06,NA,NA,NA,NA,NA,NA,930.666666666667,611.948890385827,1618.66666666667,728.526442744378,181.983261133479,21.3655131037402,1.06475403616032,0.0134285413473858,3
"noisy_grouping",0.9,"Posterior clustering","posterior clustering","clusters=16, beta=0.005","full",100,"mcmc_empirical_visited_supports",0.0537602050022238,0.000564415627868644,0.00780149858164248,0.00051141444255275,0.0074584200631068,0.000437695065144335,0.679833400572709,0.0277702857609928,16.2543152243564,0.101239604659804,24,1.52752523165195,5.07070476205137,0.593983427588093,24,1.52752523165195,NA,NA,0.0874645389292154,0.000257999613877293,0.000182998484431411,0.000213724954580736,-0.00011903443093364,9.92112620602445e-05,0.0314186048699273,0.00266531494636586,20.4099999999998,0.442417600614203,120,0,3.32119771384818e-05,7.67135183737394e-06,NA,NA,NA,NA,NA,NA,464,106.616133863501,1143.66666666667,153.836854419797,159.331219672953,11.3340580119535,1.05864819177561,0.016001014343833,3
"one_representative",0.9,"Posterior clustering","posterior clustering","clusters=16, beta=0.005","full",100,"mcmc_empirical_visited_supports",0.0480296658447918,0.00396055846080016,0.00675000776587471,0.00153889869280956,0.00647620231117962,0.00135684002483025,0.692350416886985,0.061473094796277,16.6688557014153,0.534973144266617,20.6666666666667,0.666666666666667,4.40222537697613,1.00945880873621,20.6666666666667,0.666666666666667,NA,NA,0.088660406737417,0.00135042717867325,4.81433763659393e-05,0.000609716244931059,-0.000121348835277073,0.000641011290745904,0.0233717307479853,0.00295911906952602,23.1399999999999,2.40676130931168,120,0,2.59607536991039e-05,1.87178011609783e-06,NA,NA,NA,NA,NA,NA,1208.66666666667,335.311960882864,2049,391.415806187401,183.100358803901,5.85759750047794,1.04082959135079,0.0110439089053601,3
"ordered_interval",0.9,"Posterior clustering","posterior clustering","clusters=16, beta=0.005","full",100,"mcmc_empirical_visited_supports",0.0602388337322947,0.00188417505641341,0.00996600019910714,0.000598387022942048,0.00950753043828514,0.000510800400272508,0.635984525356873,0.020732919295975,15.1909798035468,0.194310279432567,28,1.15470053837925,5.90174395549183,0.58173496765178,28,1.15470053837925,NA,NA,0.084155197792212,0.000475002891449428,0.000138998344416885,0.000265756408040386,-0.000218949909684222,0.000285374765304867,0.0210452323014608,0.0023446626075971,17.3033333333332,2.00449772040541,120,0,1.53448505679638e-05,1.89287069654884e-06,NA,NA,NA,NA,NA,NA,491.666666666667,126.741644475857,1284.33333333333,158.431197825569,172.310428393406,9.61116793549622,1.05088349986881,0.00987830678750446,3
"weak_signal",0.9,"Posterior clustering","posterior clustering","clusters=16, beta=0.005","full",100,"mcmc_empirical_visited_supports",0.0528382046543742,0.00356216947243984,0.00734107440214606,0.00110067482073746,0.00720061476588065,0.00104744479668556,0.738499562132734,0.0297660062339683,15.9545216256651,0.440559969192314,24,0.577350269189626,3.42649912842477,0.334009961700668,24,0.577350269189626,NA,NA,0.0858923471828196,0.00120803728369602,0.00305265512341853,0.000713180533014811,-0.00161142438952888,0.00047336641055264,0.0239165654347951,0.00260959795468876,28.3833333333332,2.64628250780432,120,0,8.7896820840048e-06,6.71494413876409e-07,NA,NA,NA,NA,NA,NA,4113.33333333333,425.967265304637,5013.33333333333,425.967265304637,180.036777979975,2.61447224398121,1.04990341219829,0.00400516098619526,3
"graph_community",0.7,"Posterior clustering","posterior clustering","clusters=16, beta=0.02","full",100,"mcmc_empirical_visited_supports",0.121079803078122,0.00372307524157393,0.0390252412930533,0.0027037279174822,0.0376821366611344,0.00268144870956704,0.501243663138937,0.0322820509132484,14.3874289000818,0.292940205145157,19.3333333333333,0.881917103688197,7.20668476597058,0.556780858007517,22,0.577350269189626,NA,NA,0.324804592089,0.00333513590532158,0.00178783646516068,0.00185200872298038,-0.00307224992927902,0.00234200917326524,0.117886954494,0.0156518914288954,24.9,2.55571907689404,120,0,2.67703486825736e-05,6.59047010447798e-06,NA,NA,NA,NA,NA,NA,826,207.588535328905,1566.33333333333,265.538655901128,197.176687569914,12.1930674443513,1.05439923462968,0.00731701808888028,3
"multi_representative",0.7,"Posterior clustering","posterior clustering","clusters=16, beta=0.02","full",100,"mcmc_empirical_visited_supports",0.127531210123192,0.00202986137980992,0.0428698667250347,0.00163118597921391,0.0401749188205033,0.000752372334538262,0.446635179637732,0.0521281616602252,13.8774196545102,0.257354063175097,21,0.577350269189626,8.98386526455487,1.23014866984773,21.3333333333333,0.881917103688197,NA,NA,0.318240320651598,0.00364752113154988,0.00553168149575696,0.00159598998526261,-0.00388632067826733,0.0012219197220035,0.0728048331556236,0.014607422938269,19.7266666666668,3.01450567165581,120,0,3.2965837200416e-05,5.96018832187182e-07,NA,NA,NA,NA,NA,NA,743.666666666667,127.63271959459,1466,174.596678089819,167.362938128627,5.24002470015892,1.04318834753332,0.0133062875231701,3
"noisy_grouping",0.7,"Posterior clustering","posterior clustering","clusters=16, beta=0.02","full",100,"mcmc_empirical_visited_supports",0.12932835547499,0.00143289257185668,0.0528779945225777,0.00127479919674881,0.0453484525274188,0.000660763548559558,0.285361928712886,0.0269975899170465,12.0971494955058,0.23777826426022,19,2.51661147842358,12.4344999883733,1.10697248088017,26,2.51661147842358,NA,NA,0.292309009479303,0.00361212838838528,0.000257217608831203,6.94763478962489e-05,-0.000312626150777688,4.51728616418047e-05,0.131149970620403,0.010919466535745,17.3700000000001,2.95523828706483,120,0,3.33435919709727e-05,7.66936097371971e-06,NA,NA,NA,NA,NA,NA,208.666666666667,71.3496865990158,801,105.659831534978,144.055369809969,4.60702838515577,1.07714776273292,0.0205432858933001,3
"one_representative",0.7,"Posterior clustering","posterior clustering","clusters=16, beta=0.02","full",100,"mcmc_empirical_visited_supports",0.132362115867153,0.00313839361686219,0.0555684684018651,0.00224955697538155,0.0478420282120635,0.00185972966921327,0.245977610287492,0.0157472615991087,11.8669983927198,0.301760869150231,18.3333333333333,0.666666666666667,12.6346587578369,0.615032631735998,24.6666666666667,1.33333333333333,NA,NA,0.290374418242296,0.00385368719592259,-0.000292669375092425,0.000258847030762952,-2.23210376628657e-05,0.000564937513246203,0.140606901556767,0.00646571550005458,16.4466666666666,2.25395454947768,120,0,3.18771377070629e-05,5.63196410884077e-06,NA,NA,NA,NA,NA,NA,241,57.8878225536252,713,98.1138794123101,179.502766932497,12.4652144575849,1.03786629487523,0.00939074249888425,3
"ordered_interval",0.7,"Posterior clustering","posterior clustering","clusters=16, beta=0.02","full",100,"mcmc_empirical_visited_supports",0.128499442580751,0.00335944419526928,0.0616196202919518,0.00257114500262124,0.0506039830032076,0.00158072396576767,0.1283587843346,0.0389704212493013,10.4862764732307,0.535849706496348,28.6666666666667,1.76383420737639,18.4892773335243,0.539586903080224,28.6666666666667,1.76383420737639,NA,NA,0.268428817240396,0.00831524450206771,6.40234126269383e-05,0.000806661209144964,0.000104306417786506,0.000667531184190864,0.0513047710552856,0.000505709573351588,17.6433333333332,1.73845077903026,120,0,7.03565327607921e-05,6.79871624090638e-06,NA,NA,NA,NA,NA,NA,303.333333333333,25.7509438877706,950.666666666667,40.3085323198176,153.554758377494,13.0201355010066,1.06729443616689,0.018634911986936,3
"weak_signal",0.7,"Posterior clustering","posterior clustering","clusters=16, beta=0.02","full",100,"mcmc_empirical_visited_supports",0.1409596924804,0.00252397647695329,0.0657059406153652,0.00373799058091275,0.0587475581521586,0.00349406981635646,0.208423986781605,0.0010047615717499,10.6552430618429,0.534198278143648,25.3333333333333,0.666666666666667,14.858973151649,1.1524613365389,25.6666666666667,0.881917103688197,NA,NA,0.276118250706424,0.00687568698325485,0.00911745750177022,0.00159694958955838,-0.0051467652352799,0.000939510021488984,0.0689674473695652,0.0111351490185769,17.7233333333333,2.40933139642051,120,0,3.26673813112836e-05,8.81897674453219e-06,NA,NA,NA,NA,NA,NA,1095.66666666667,171.474325904622,1962,201.390996157557,175.128525540345,19.2315194837855,1.04238754138431,0.00772700706600646,3
"graph_community",0.9,"Posterior clustering","posterior clustering","clusters=16, beta=0.02","full",100,"mcmc_empirical_visited_supports",0.130687154653494,0.00408082091956437,0.0454956947549743,0.0030274390219978,0.0423972413376307,0.00262796953662359,0.409631509512279,0.0208698254353859,13.4760644267745,0.305763027538027,20.3333333333333,0.333333333333333,8.42867922045938,0.92383029112502,21.6666666666667,1.20185042515466,NA,NA,0.312898463137421,0.00320158843806232,0.00214680697064503,0.0014220086168352,-0.00138313119467163,0.000922982017644252,0.0958523521129731,0.0197467265997602,26.0766666666667,2.41925838039493,120,0,3.4634764210173e-05,6.2543796716793e-06,NA,NA,NA,NA,NA,NA,1228.33333333333,163.269034963087,2100.66666666667,189.320128647514,174.926332540067,7.44876871028743,1.03111151739593,0.00748628577765558,3
"multi_representative",0.9,"Posterior clustering","posterior clustering","clusters=16, beta=0.02","full",100,"mcmc_empirical_visited_supports",0.123073925211832,0.00996276359180972,0.0473484404169726,0.00945155749273482,0.0423114486057104,0.00639691916450928,0.394846556768145,0.148795350440093,13.0548601877755,1.34803231537632,20,0.577350269189626,9.83007735515665,2.67919959038022,21.6666666666667,0.881917103688197,NA,NA,0.306262060757361,0.0178592398762504,0.000527762776968865,0.000690820972943301,-0.0013179349566641,0.00106149949524366,0.111727640618989,0.00568384336586863,24.1433333333332,4.8260416261961,120,0,2.90750862388019e-05,4.0784443366189e-06,NA,NA,NA,NA,NA,NA,930.666666666667,611.948890385827,1618.66666666667,728.526442744378,181.983261133479,21.3655131037402,1.06475403616032,0.0134285413473858,3
"noisy_grouping",0.9,"Posterior clustering","posterior clustering","clusters=16, beta=0.02","full",100,"mcmc_empirical_visited_supports",0.130824150956277,0.00323903999852248,0.0519625746800327,0.000505933752761367,0.0453853029040945,0.000407764663843837,0.327200937312067,0.0323049241454388,12.3288893004765,0.18424572632037,19,1.15470053837925,11.6370169485476,0.673016335479563,24,1.52752523165195,NA,NA,0.296089654444242,0.00324539681455169,0.000375167309983364,0.000445660527429229,-0.000216413841166367,0.000202658937413375,0.106563579451733,0.0101185237948246,20.4099999999998,0.442417600614203,120,0,2.72449872540011e-05,6.56267020693121e-06,NA,NA,NA,NA,NA,NA,464,106.616133863501,1143.66666666667,153.836854419797,159.331219672953,11.3340580119535,1.05864819177561,0.016001014343833,3
"one_representative",0.9,"Posterior clustering","posterior clustering","clusters=16, beta=0.02","full",100,"mcmc_empirical_visited_supports",0.129336829654154,0.00282062448865214,0.0466448651801356,0.00497270750501334,0.0430101182421822,0.00265216005160236,0.42956744568685,0.0879923666627388,13.3495424127819,0.848429615247377,20,0,9.99408323065336,2.12340884851145,20.6666666666667,0.666666666666667,NA,NA,0.311375125729743,0.012213262853543,0.000198231812441165,0.00169153207487577,-0.000386509084265408,0.00178357500152292,0.0578009912810705,0.0151560418110804,23.1399999999999,2.40676130931168,120,0,2.52255779918202e-05,2.72707282099408e-06,NA,NA,NA,NA,NA,NA,1208.66666666667,335.311960882864,2049,391.415806187401,183.100358803901,5.85759750047794,1.04082959135079,0.0110439089053601,3
"ordered_interval",0.9,"Posterior clustering","posterior clustering","clusters=16, beta=0.02","full",100,"mcmc_empirical_visited_supports",0.136343500952808,0.00186298988547012,0.0607773161559181,0.0017084731914279,0.0519180133384959,0.000748142332876278,0.195470027091238,0.0230465069613672,10.9377616318218,0.331802266651761,28,1.15470053837925,16.4341647576499,1.23468350449007,28,1.15470053837925,NA,NA,0.276738602585883,0.00497550495293143,0.000811593249337995,0.000714578911425913,-0.000847585254346213,0.000742959277332501,0.051729993741328,0.00246181686638582,17.3033333333332,2.00449772040541,120,0,6.77189960333984e-05,2.21444261759784e-05,NA,NA,NA,NA,NA,NA,491.666666666667,126.741644475857,1284.33333333333,158.431197825569,172.310428393406,9.61116793549622,1.05088349986881,0.00987830678750446,3
"weak_signal",0.9,"Posterior clustering","posterior clustering","clusters=16, beta=0.02","full",100,"mcmc_empirical_visited_supports",0.141136124406374,0.00767981404485313,0.0606150160134788,0.00795096920407292,0.055623968719074,0.00611975075185567,0.32723679051021,0.0666985742615795,11.4640289789082,1.13094428979466,24,0.577350269189626,8.53848067257835,0.420390388780384,24,0.577350269189626,NA,NA,0.287753523254354,0.0147221582481041,0.011599741769459,0.00216791592028838,-0.00606026067413801,0.00128863983749222,0.0537289040028348,0.0114275588673725,28.3833333333332,2.64628250780432,120,0,4.43864521604276e-05,1.77340510243102e-05,NA,NA,NA,NA,NA,NA,4113.33333333333,425.967265304637,5013.33333333333,425.967265304637,180.036777979975,2.61447224398121,1.04990341219829,0.00400516098619526,3
"graph_community",0.7,"Posterior clustering","posterior clustering","clusters=16, beta=0.08","full",100,"mcmc_empirical_visited_supports",0.23973972777585,0.0116376777738933,0.205501488240902,0.0151949658718999,0.167032365868315,0.0161009906890065,0.0361861926089341,0.0113646246091777,10.1998004064772,0.508196037622743,16.3333333333333,0.666666666666667,9.96539017224905,1.42329485803733,22,0.577350269189626,NA,NA,1.01920567387988,0.0290825775517835,0.00370932399932629,0.0037252343172417,-0.00490005240386478,0.00373671512326096,0.18793945685774,0.0565974667802386,24.9,2.55571907689404,120,0,2.17412798381167e-05,3.38368050247152e-06,NA,NA,NA,NA,NA,NA,826,207.588535328905,1566.33333333333,265.538655901128,197.176687569914,12.1930674443513,1.05439923462968,0.00731701808888028,3
"multi_representative",0.7,"Posterior clustering","posterior clustering","clusters=16, beta=0.08","full",100,"mcmc_empirical_visited_supports",0.236784758990511,0.0189027561884799,0.196831566293704,0.0184681940437356,0.15421053708139,0.0164804432164185,0.0356536640375859,0.0209156041716838,9.89202632814306,0.166855863651311,17.3333333333333,0.333333333333333,11.2443324746202,0.664783248779924,21.3333333333333,0.881917103688197,NA,NA,0.985777217250714,0.00649449852010005,0.00941612925781284,0.00257379361208476,-0.00657035369607795,0.0017838353241623,0.236645229016122,0.0256103646970424,19.7266666666668,3.01450567165581,120,0,2.5825121385159e-05,9.12001277359895e-06,NA,NA,NA,NA,NA,NA,743.666666666667,127.63271959459,1466,174.596678089819,167.362938128627,5.24002470015892,1.04318834753332,0.0133062875231701,3
"noisy_grouping",0.7,"Posterior clustering","posterior clustering","clusters=16, beta=0.08","full",100,"mcmc_empirical_visited_supports",0.186005287446795,0.00706168202340181,0.142577947174077,0.0080769185793729,0.101192513391774,0.00625728497500379,0.001,0,9.28577282331115,0.0326011454532753,15,0.577350269189626,9.81927436906943,0.424361826138688,26,2.51661147842358,NA,NA,0.883157351798656,0.00989583357010517,0.000406713360225538,9.21951377883834e-05,-0.000478709441456005,4.81817780773889e-05,0.135836706957523,0.0796681477370711,17.3700000000001,2.95523828706483,120,0,0.000120699344398882,3.28810711796743e-05,NA,NA,NA,NA,NA,NA,208.666666666667,71.3496865990158,801,105.659831534978,144.055369809969,4.60702838515577,1.07714776273292,0.0205432858933001,3
"one_representative",0.7,"Posterior clustering","posterior clustering","clusters=16, beta=0.08","full",100,"mcmc_empirical_visited_supports",0.183321555941642,0.00086907166773036,0.13084159529255,0.00580376842275038,0.0989373386555504,0.00288770275967437,0.001,0,9.34531170467069,0.130851605146534,16,0,9.25059315755325,1.28904760413856,24.6666666666667,1.33333333333333,NA,NA,0.876262770812774,0.0159594283367725,-0.00171783359991536,0.000578603729637938,0.00113001725034427,0.000439087104574831,0.112854322453633,0.049891990529403,16.4466666666666,2.25395454947768,120,0,7.64538427965681e-05,2.31019357011067e-05,NA,NA,NA,NA,NA,NA,241,57.8878225536252,713,98.1138794123101,179.502766932497,12.4652144575849,1.03786629487523,0.00939074249888425,3
"ordered_interval",0.7,"Posterior clustering","posterior clustering","clusters=16, beta=0.08","full",100,"mcmc_empirical_visited_supports",0.196278166827841,0.00233182507922775,0.148308933608809,0.013826332750653,0.11742339075186,0.0133965868398349,0.001,0,7.25632685350837,0.221633989167112,11.3333333333333,1.85592145427667,2.27274669563529,0.414218436280335,28.6666666666667,1.76383420737639,NA,NA,0.728031704668634,0.0307867746673429,-0.00132271570020566,0.00324293594722014,0.0025194279268214,0.00369686958316161,0.239746778534302,0.0165508608978095,17.6433333333332,1.73845077903026,120,0,7.05341707755158e-05,2.13534314330641e-05,NA,NA,NA,NA,NA,NA,303.333333333333,25.7509438877706,950.666666666667,40.3085323198176,153.554758377494,13.0201355010066,1.06729443616689,0.018634911986936,3
"weak_signal",0.7,"Posterior clustering","posterior clustering","clusters=16, beta=0.08","full",100,"mcmc_empirical_visited_supports",0.230735378497839,0.00417153967538382,0.200952715626386,0.0214363436836372,0.174773245549613,0.0266615665980066,0.001,0,6.8043730471293,0.866059494119675,17.6666666666667,1.20185042515466,8.78933780168999,2.6371311381964,25.6666666666667,0.881917103688197,NA,NA,0.743229518423408,0.0502283494371127,0.0241333401032166,0.00614762464903018,-0.0134062458388353,0.0030165458399871,0.216093527271914,0.0179451742079214,17.7233333333333,2.40933139642051,120,0,4.64504855739826e-05,1.98289346695534e-05,NA,NA,NA,NA,NA,NA,1095.66666666667,171.474325904622,1962,201.390996157557,175.128525540345,19.2315194837855,1.04238754138431,0.00772700706600646,3
"graph_community",0.9,"Posterior clustering","posterior clustering","clusters=16, beta=0.08","full",100,"mcmc_empirical_visited_supports",0.243694694087843,0.00349598830039302,0.208269421367064,0.00101069487295357,0.161058305442857,0.000948105432615701,0.0154125081148908,0.00672452214856681,9.26795260562716,0.313669989342523,16.3333333333333,0.881917103688197,9.86034334984574,1.80241549019497,21.6666666666667,1.20185042515466,NA,NA,0.947448444541445,0.0241390808925948,0.00412526709826337,0.00292057033468652,-0.00273775618552708,0.00203114233488028,0.238523747326481,0.00443023832804563,26.0766666666667,2.41925838039493,120,0,1.74343593618194e-05,3.58652510579504e-06,NA,NA,NA,NA,NA,NA,1228.33333333333,163.269034963087,2100.66666666667,189.320128647514,174.926332540067,7.44876871028743,1.03111151739593,0.00748628577765558,3
"multi_representative",0.9,"Posterior clustering","posterior clustering","clusters=16, beta=0.08","full",100,"mcmc_empirical_visited_supports",0.216096777464795,0.030388623102509,0.170777762954095,0.0342283989373855,0.140261372959571,0.0376790027271257,0.064884771844061,0.063884771844061,9.71846146471462,0.614508159396922,15.6666666666667,0.881917103688197,11.2313691641442,1.0879719295262,21.6666666666667,0.881917103688197,NA,NA,0.945845728463065,0.0808098998858589,8.46220072977007e-07,0.00106473190904977,-0.0021046112658681,0.00216874509771917,0.191523827671485,0.0551065141808226,24.1433333333332,4.8260416261961,120,0,3.10771475851383e-05,1.30078333844027e-05,NA,NA,NA,NA,NA,NA,930.666666666667,611.948890385827,1618.66666666667,728.526442744378,181.983261133479,21.3655131037402,1.06475403616032,0.0134285413473858,3
"noisy_grouping",0.9,"Posterior clustering","posterior clustering","clusters=16, beta=0.08","full",100,"mcmc_empirical_visited_supports",0.200108130307024,0.0128907187523088,0.165663279927991,0.0145084233025069,0.117194915757646,0.0110948682293929,0.00330128488791738,0.00170431420999396,9.06322633552013,0.177503310407354,16.6666666666667,0.333333333333333,10.429485321143,0.565662830010926,24,1.52752523165195,NA,NA,0.888379748943075,0.00753646822769111,0.000103719401641482,0.000410159875086671,9.90879419070133e-05,0.00019039581078829,0.111631731369261,0.0527653090535549,20.4099999999998,0.442417600614203,120,0,5.50037647633802e-05,1.05181483183703e-05,NA,NA,NA,NA,NA,NA,464,106.616133863501,1143.66666666667,153.836854419797,159.331219672953,11.3340580119535,1.05864819177561,0.016001014343833,3
"one_representative",0.9,"Posterior clustering","posterior clustering","clusters=16, beta=0.08","full",100,"mcmc_empirical_visited_supports",0.237183086778188,0.030892231714758,0.204050065897005,0.0243824035551842,0.160093937143185,0.0265659308923146,0.0513452324442523,0.0288482292936655,9.30354858066803,0.298217611093565,16.6666666666667,0.333333333333333,13.905275469168,0.771052751711226,20.6666666666667,0.666666666666667,NA,NA,0.945704662356438,0.0467622544668446,-0.000169340279560468,0.00201851987671466,-2.98965030867137e-05,0.00218953054423324,0.211153510499014,0.0136998647018231,23.1399999999999,2.40676130931168,120,0,9.87279615871639e-06,3.04659802195051e-06,NA,NA,NA,NA,NA,NA,1208.66666666667,335.311960882864,2049,391.415806187401,183.100358803901,5.85759750047794,1.04082959135079,0.0110439089053601,3
"ordered_interval",0.9,"Posterior clustering","posterior clustering","clusters=16, beta=0.08","full",100,"mcmc_empirical_visited_supports",0.22073686197532,0.0184663849619426,0.168166088521981,0.0194791551203132,0.128272758650643,0.0180597505791358,0.001,0,6.90153147536596,0.170185150474111,9.66666666666667,4.25571511160124,1.63810122780758,0.513853653654892,28,1.15470053837925,NA,NA,0.719884126251463,0.032801767023667,-0.000608898264221167,0.00145483889614981,0.000191217600745253,0.00132801568101547,0.22536555194076,0.015161997458734,17.3033333333332,2.00449772040541,120,0,7.58026865211869e-05,1.07136739932851e-05,NA,NA,NA,NA,NA,NA,491.666666666667,126.741644475857,1284.33333333333,158.431197825569,172.310428393406,9.61116793549622,1.05088349986881,0.00987830678750446,3
"weak_signal",0.9,"Posterior clustering","posterior clustering","clusters=16, beta=0.08","full",100,"mcmc_empirical_visited_supports",0.270345750581277,0.00992939945408017,0.253067152831511,0.0155516177456404,0.213813464900159,0.00655461379716597,0.0114288605407876,0.0104288605407876,6.34335429660915,1.06875588792872,13.6666666666667,4.25571511160124,4.56505883905733,0.705431225166716,24,0.577350269189626,NA,NA,0.759039239156339,0.0838485301050705,0.0342041390083995,0.00653923069830122,-0.0179529790120321,0.00346990349417387,0.216678359598751,0.03718952514524,28.3833333333332,2.64628250780432,120,0,3.00203991478639e-05,1.29064135634284e-05,NA,NA,NA,NA,NA,NA,4113.33333333333,425.967265304637,5013.33333333333,425.967265304637,180.036777979975,2.61447224398121,1.04990341219829,0.00400516098619526,3
"graph_community",0.7,"Posterior clustering","posterior clustering","clusters=8, beta=0.005","full",100,"mcmc_empirical_visited_supports",0.037378247638779,0.00130719940693923,0.00415102725772483,0.000458803919364141,0.00408848781155905,0.000409146032054502,0.782665439147038,0.0382183051793103,17.5501522558847,0.0686068834397965,13,0,2.79728481245651,0.376027053839385,13,0,NA,NA,0.0908913597251294,0.000288590091308732,-0.000452727578721465,0.000446697937145871,-0.000116370898167665,0.000518930318747297,0.0300246358056881,0.00308539976922034,24.9,2.55571907689404,120,0,2.68606758919524e-05,4.90200974272854e-06,NA,NA,NA,NA,NA,NA,826,207.588535328905,1566.33333333333,265.538655901128,197.176687569914,12.1930674443513,1.05439923462968,0.00731701808888028,3
"multi_representative",0.7,"Posterior clustering","posterior clustering","clusters=8, beta=0.005","full",100,"mcmc_empirical_visited_supports",0.0419554712275024,0.00179112131802429,0.00443316677070091,0.000454866128052815,0.00437311474900254,0.000420378139137169,0.801427959691274,0.0260656232048756,17.1776303705896,0.154039253137439,11.6666666666667,0.881917103688197,2.52348054931617,0.157376601606911,11.6666666666667,0.881917103688197,NA,NA,0.0893995551595862,0.000377225822817406,0.00173941005176285,0.000153245660182762,-0.00120326904045472,0.000202014747556989,0.0238091800297052,0.00538567551355266,19.7266666666668,3.01450567165581,120,0,1.35587145015335e-05,1.85587784390145e-06,NA,NA,NA,NA,NA,NA,743.666666666667,127.63271959459,1466,174.596678089819,167.362938128627,5.24002470015892,1.04318834753332,0.0133062875231701,3
"noisy_grouping",0.7,"Posterior clustering","posterior clustering","clusters=8, beta=0.005","full",100,"mcmc_empirical_visited_supports",0.0527637440780364,0.00168952463268127,0.00776218792739965,0.000756756329781352,0.00738960336685757,0.000682578635219135,0.667228930005966,0.0299234960540855,16.2919157813607,0.159295153026214,15,1,4.48214398378355,0.495033985325673,15,1,NA,NA,0.0877339923628949,0.000148397247025115,0.000116542541406621,1.38689840341456e-05,-0.000137541224808801,2.25061829729577e-05,0.0368964508664411,0.00667869967218626,17.3700000000001,2.95523828706483,120,0,3.9187670659339e-05,1.0472579240832e-05,NA,NA,NA,NA,NA,NA,208.666666666667,71.3496865990158,801,105.659831534978,144.055369809969,4.60702838515577,1.07714776273292,0.0205432858933001,3
"one_representative",0.7,"Posterior clustering","posterior clustering","clusters=8, beta=0.005","full",100,"mcmc_empirical_visited_supports",0.055171135171208,0.000949526357020417,0.00847754266250259,0.000139822460015733,0.00809007208232013,0.000132653436154294,0.634726752937262,0.0131915032354818,16.1470254472949,0.129952794071334,13.6666666666667,0.881917103688197,4.59465321183535,0.111892006101255,13.6666666666667,0.881917103688197,NA,NA,0.0876883798091263,0.000587209092585992,-3.8224889346091e-05,0.000295558216282097,8.72144462479667e-05,0.000206823650194955,0.0410033457765096,0.00546028856948067,16.4466666666666,2.25395454947768,120,0,4.07955097521349e-05,4.50288958244296e-06,NA,NA,NA,NA,NA,NA,241,57.8878225536252,713,98.1138794123101,179.502766932497,12.4652144575849,1.03786629487523,0.00939074249888425,3
"ordered_interval",0.7,"Posterior clustering","posterior clustering","clusters=8, beta=0.005","full",100,"mcmc_empirical_visited_supports",0.0588531213418174,0.00167898339704682,0.0098144677333471,0.000946332915576443,0.00929307894712546,0.000813045195994869,0.637226674611336,0.0348219939226032,15.0881862605499,0.383358504537867,14.3333333333333,1.20185042515466,4.51418397276697,0.444049098551952,14.3333333333333,1.20185042515466,NA,NA,0.0837585698143969,0.00107501714005411,0.000117542220641272,0.000221017695199066,-0.000100977736637642,0.000159907227697293,0.0190364570474489,0.00266580509021682,17.6433333333332,1.73845077903026,120,0,1.27121963847121e-05,4.85408790113265e-07,NA,NA,NA,NA,NA,NA,303.333333333333,25.7509438877706,950.666666666667,40.3085323198176,153.554758377494,13.0201355010066,1.06729443616689,0.018634911986936,3
"weak_signal",0.7,"Posterior clustering","posterior clustering","clusters=8, beta=0.005","full",100,"mcmc_empirical_visited_supports",0.0528356196742213,0.00149421428431765,0.00748886395281982,0.000459494093009288,0.00731749941824675,0.000397854240463877,0.728281265038897,0.0175971458115203,15.977563697107,0.187696694117002,14.6666666666667,0.333333333333333,3.49749089237857,0.243609565152617,14.6666666666667,0.333333333333333,NA,NA,0.0861293656605969,0.000568761599540822,0.00237073181796355,0.000383889413365394,-0.00131736445983684,0.000322097202429912,0.0196992926048574,0.000418280680873223,17.7233333333333,2.40933139642051,120,0,1.09316132763752e-05,1.36338997766524e-06,NA,NA,NA,NA,NA,NA,1095.66666666667,171.474325904622,1962,201.390996157557,175.128525540345,19.2315194837855,1.04238754138431,0.00772700706600646,3
"graph_community",0.9,"Posterior clustering","posterior clustering","clusters=8, beta=0.005","full",100,"mcmc_empirical_visited_supports",0.0422259009338607,0.000842995938473152,0.00524407555539456,0.000159488324356773,0.00513372251673255,0.000136139825153216,0.753803109627506,0.0146718241719743,16.9699412444149,0.0902177596761659,12,0.577350269189626,2.87224064704053,0.235077552088083,12,0.577350269189626,NA,NA,0.0890452047747902,0.000486545949180202,0.000319963248464579,0.000324672893468897,-0.00022288325525636,0.000198922045628299,0.0239529115715975,0.0049328288998151,26.0766666666667,2.41925838039493,120,0,1.68569016197144e-05,6.70342300623766e-06,NA,NA,NA,NA,NA,NA,1228.33333333333,163.269034963087,2100.66666666667,189.320128647514,174.926332540067,7.44876871028743,1.03111151739593,0.00748628577765558,3
"multi_representative",0.9,"Posterior clustering","posterior clustering","clusters=8, beta=0.005","full",100,"mcmc_empirical_visited_supports",0.0458779149428635,0.00834524668352435,0.0066079932257573,0.00218649012465473,0.00630903075224428,0.00201616881598485,0.705791023675007,0.082048970955234,16.6253924695462,0.74569157627252,12.6666666666667,0.881917103688197,3.71422329947172,0.862620067680967,12.6666666666667,0.881917103688197,NA,NA,0.0884890660307527,0.00182510176156285,-8.71856572870467e-06,0.000398814101724136,-0.000138808287383441,0.000411680705649776,0.0279118659214993,0.00186891429965712,24.1433333333332,4.8260416261961,120,0,2.66332643503268e-05,4.64368604199172e-06,NA,NA,NA,NA,NA,NA,930.666666666667,611.948890385827,1618.66666666667,728.526442744378,181.983261133479,21.3655131037402,1.06475403616032,0.0134285413473858,3
"noisy_grouping",0.9,"Posterior clustering","posterior clustering","clusters=8, beta=0.005","full",100,"mcmc_empirical_visited_supports",0.0511017484865771,0.000735835361019162,0.00699382069814452,0.000505178314766437,0.00671645474534608,0.00043414390862707,0.700026071318001,0.028364729654278,16.4226064095679,0.17894637107665,14,1,3.89648840990841,0.424169991328109,14,1,NA,NA,0.0877596140495209,0.000673114356294602,0.000222141072661719,0.000338930421229956,-0.000136249838275537,0.000170919059046396,0.0261328483270767,0.00317444229115376,20.4099999999998,0.442417600614203,120,0,2.50640772414915e-05,8.62806244012456e-06,NA,NA,NA,NA,NA,NA,464,106.616133863501,1143.66666666667,153.836854419797,159.331219672953,11.3340580119535,1.05864819177561,0.016001014343833,3
"one_representative",0.9,"Posterior clustering","posterior clustering","clusters=8, beta=0.005","full",100,"mcmc_empirical_visited_supports",0.0438684323115099,0.00483086798594203,0.00589380113952991,0.00203801550822477,0.00564153827776467,0.00179336047983717,0.74516740896075,0.0876238499346607,16.5475754771618,0.785236038834651,11.6666666666667,0.881917103688197,3.10461962946627,0.907906486392453,11.6666666666667,0.881917103688197,NA,NA,0.0875763722871219,0.0021579531860862,0.000471669132087478,0.000733400774537773,-0.000486805699750754,0.000810110441518325,0.0217692267663704,0.00515175397910006,23.1399999999999,2.40676130931168,120,0,1.39014235987916e-05,4.52637088179954e-06,NA,NA,NA,NA,NA,NA,1208.66666666667,335.311960882864,2049,391.415806187401,183.100358803901,5.85759750047794,1.04082959135079,0.0110439089053601,3
"ordered_interval",0.9,"Posterior clustering","posterior clustering","clusters=8, beta=0.005","full",100,"mcmc_empirical_visited_supports",0.0572673942181246,0.00151553441571315,0.00872034479353748,0.000790422204961726,0.00836520193041471,0.0006891575517808,0.684319878705996,0.0307674240272838,15.4639426029355,0.298215513090074,14,0,4.05047906839056,0.3770882742915,14,0,NA,NA,0.0846505547676729,0.000798995991600214,0.000238671356592353,0.00025233136484152,-0.000292957920367283,0.000273904384568753,0.0151256108102357,0.00101283017425654,17.3033333333332,2.00449772040541,120,0,9.679575548908e-06,1.28717601916013e-06,NA,NA,NA,NA,NA,NA,491.666666666667,126.741644475857,1284.33333333333,158.431197825569,172.310428393406,9.61116793549622,1.05088349986881,0.00987830678750446,3
"weak_signal",0.9,"Posterior clustering","posterior clustering","clusters=8, beta=0.005","full",100,"mcmc_empirical_visited_supports",0.044534768882421,0.00711451632586491,0.00520816584673792,0.0012162836668118,0.00520207687001541,0.0011813603033266,0.830300594679531,0.0399666825949688,16.6110361793113,0.444341200820617,13.3333333333333,0.881917103688197,2.25834213732124,0.315087476613334,13.3333333333333,0.881917103688197,NA,NA,0.087470665030339,0.00115804689779974,0.0039019346834112,0.00137318227974355,-0.00204803987511726,0.000741947758966001,0.0192116085449725,0.00395879714279062,28.3833333333332,2.64628250780432,120,0,4.28625125907522e-06,1.44638651953957e-06,NA,NA,NA,NA,NA,NA,4113.33333333333,425.967265304637,5013.33333333333,425.967265304637,180.036777979975,2.61447224398121,1.04990341219829,0.00400516098619526,3
"graph_community",0.7,"Posterior clustering","posterior clustering","clusters=8, beta=0.02","full",100,"mcmc_empirical_visited_supports",0.11175799982281,0.00496771364549536,0.0336375871312187,0.002180891561029,0.0333588349474218,0.00233631234912095,0.558031023725247,0.0252095073638034,15.0832773846896,0.210773308308297,11.3333333333333,0.881917103688197,5.0348470406911,0.501774851728094,13,0,NA,NA,0.33369625529132,0.00205678529199479,-0.00138763857306926,0.00140636547001166,-0.000485231377987357,0.00168579296505855,0.0925664907647798,0.0172082042311214,24.9,2.55571907689404,120,0,2.58186593441271e-05,5.33374906614393e-06,NA,NA,NA,NA,NA,NA,826,207.588535328905,1566.33333333333,265.538655901128,197.176687569914,12.1930674443513,1.05439923462968,0.00731701808888028,3
"multi_representative",0.7,"Posterior clustering","posterior clustering","clusters=8, beta=0.02","full",100,"mcmc_empirical_visited_supports",0.124550436501351,0.00153868864725811,0.0381176818554627,0.000720331541471387,0.0365350192055731,0.00056241616407701,0.515050079786697,0.0367001399566482,14.4324985776539,0.123274132080283,11.3333333333333,0.666666666666667,5.3935993284117,0.442330118012671,11.6666666666667,0.881917103688197,NA,NA,0.325089251945072,0.00187592570628516,0.00552703348088738,0.000168666327083127,-0.00377531016155593,0.000341038896568793,0.0711796052696652,0.0265576640793824,19.7266666666668,3.01450567165581,120,0,1.86528002045031e-05,3.82069834495591e-06,NA,NA,NA,NA,NA,NA,743.666666666667,127.63271959459,1466,174.596678089819,167.362938128627,5.24002470015892,1.04318834753332,0.0133062875231701,3
"noisy_grouping",0.7,"Posterior clustering","posterior clustering","clusters=8, beta=0.02","full",100,"mcmc_empirical_visited_supports",0.129245126126891,0.00226229684950961,0.0514836009472505,0.00182353381454235,0.0445296744236143,0.000927156030531848,0.314787790867629,0.0382164343271923,12.3173082103197,0.359435707514908,12,2,7.77415870117457,0.331029441191935,15,1,NA,NA,0.295780798310868,0.00542245809990715,0.000304629676493991,3.56712390666111e-05,-0.000351426968508391,2.4806642428204e-05,0.125691767874447,0.0212133112098198,17.3700000000001,2.95523828706483,120,0,2.9039599777736e-05,7.8070075967358e-06,NA,NA,NA,NA,NA,NA,208.666666666667,71.3496865990158,801,105.659831534978,144.055369809969,4.60702838515577,1.07714776273292,0.0205432858933001,3
"one_representative",0.7,"Posterior clustering","posterior clustering","clusters=8, beta=0.02","full",100,"mcmc_empirical_visited_supports",0.134699147730042,0.00228370986076293,0.054832489360931,0.00148929742284656,0.0482471659362442,0.00119700548396519,0.276351793354758,0.017126164399881,12.0701009052164,0.291675215233484,11,0.577350269189626,7.83859403272643,0.318274213103113,13.6666666666667,0.881917103688197,NA,NA,0.294177137617629,0.0046114830729747,-0.000552179003676803,0.000429911395652242,0.000624250519890567,0.000286678207879651,0.141589178521495,0.0263337192153073,16.4466666666666,2.25395454947768,120,0,2.00617738535895e-05,1.9348770184633e-06,NA,NA,NA,NA,NA,NA,241,57.8878225536252,713,98.1138794123101,179.502766932497,12.4652144575849,1.03786629487523,0.00939074249888425,3
"ordered_interval",0.7,"Posterior clustering","posterior clustering","clusters=8, beta=0.02","full",100,"mcmc_empirical_visited_supports",0.135824071711055,0.00606423505555183,0.0632268663110515,0.00237690078565451,0.0534953583195524,0.00199688688691737,0.193995335885986,0.0454955390965786,10.4533673861448,0.487590896640662,14.3333333333333,1.20185042515466,8.34732352075912,0.791029900518555,14.3333333333333,1.20185042515466,NA,NA,0.270181739696197,0.00799358055113254,-7.02022910778296e-05,0.00103361586512155,0.000383033869325441,0.00101631866278403,0.0518203998345971,0.00372251450995812,17.6433333333332,1.73845077903026,120,0,7.10883007432051e-05,1.58538928972805e-05,NA,NA,NA,NA,NA,NA,303.333333333333,25.7509438877706,950.666666666667,40.3085323198176,153.554758377494,13.0201355010066,1.06729443616689,0.018634911986936,3
"weak_signal",0.7,"Posterior clustering","posterior clustering","clusters=8, beta=0.02","full",100,"mcmc_empirical_visited_supports",0.145938896080409,0.00324513769071002,0.0610206697117151,0.00214202102843541,0.0559332912561869,0.000937670546508,0.323014160096164,0.0294219742829656,11.4700798957216,0.428264023383098,14.6666666666667,0.333333333333333,8.15872793804844,0.41155319591076,14.6666666666667,0.333333333333333,NA,NA,0.288325805312566,0.00644538614846636,0.00822025407554346,0.000999056918557196,-0.004746611425175,0.000758946954774552,0.0563995947255501,0.00754554868027611,17.7233333333333,2.40933139642051,120,0,4.30687520355244e-05,1.26203236733061e-05,NA,NA,NA,NA,NA,NA,1095.66666666667,171.474325904622,1962,201.390996157557,175.128525540345,19.2315194837855,1.04238754138431,0.00772700706600646,3
"graph_community",0.9,"Posterior clustering","posterior clustering","clusters=8, beta=0.02","full",100,"mcmc_empirical_visited_supports",0.122373358949313,0.00577701614001251,0.0414624648477272,0.000840595734553319,0.0395976325970923,0.000880725816179799,0.444404923553773,0.0207969281111509,14.0120281241991,0.0208683963473328,11.6666666666667,0.333333333333333,5.93230930970371,0.209315696081267,12,0.577350269189626,NA,NA,0.319923889466374,0.000601321026476493,0.0013519959570778,0.000953796439795536,-0.000949867653434079,0.00060106807701351,0.0758928821256739,0.0189867818612155,26.0766666666667,2.41925838039493,120,0,2.13065202397204e-05,4.12526490446115e-06,NA,NA,NA,NA,NA,NA,1228.33333333333,163.269034963087,2100.66666666667,189.320128647514,174.926332540067,7.44876871028743,1.03111151739593,0.00748628577765558,3
"multi_representative",0.9,"Posterior clustering","posterior clustering","clusters=8, beta=0.02","full",100,"mcmc_empirical_visited_supports",0.118746482542582,0.0123422873496003,0.044609655448242,0.0101602721403571,0.0401853413717392,0.00724010860963545,0.422758065297582,0.153774348252857,13.3797287302399,1.43997769854668,12,1,6.55973009426617,1.59941879710896,12.6666666666667,0.881917103688197,NA,NA,0.310398732888562,0.0189873675689669,0.000859644830191707,0.00131533176763645,-0.00163728428326904,0.00174758812686945,0.0843804173570679,0.00807249326351847,24.1433333333332,4.8260416261961,120,0,2.16512193135417e-05,2.65223057580287e-06,NA,NA,NA,NA,NA,NA,930.666666666667,611.948890385827,1618.66666666667,728.526442744378,181.983261133479,21.3655131037402,1.06475403616032,0.0134285413473858,3
"noisy_grouping",0.9,"Posterior clustering","posterior clustering","clusters=8, beta=0.02","full",100,"mcmc_empirical_visited_supports",0.131813370965187,0.00215354498666792,0.0496909553658563,0.00140339891758358,0.0440415403627382,0.0003037129938517,0.353113063111049,0.0323083334448061,12.6883821358799,0.326900986674078,13.3333333333333,0.666666666666667,7.41776022099855,0.451160664260853,14,1,NA,NA,0.301458294946674,0.00520270841974881,0.000692999978927134,0.000904326023250799,-0.000486400285092319,0.000430135468659536,0.0817972101566075,0.0133979791931332,20.4099999999998,0.442417600614203,120,0,3.5378519530412e-05,9.5332491971364e-06,NA,NA,NA,NA,NA,NA,464,106.616133863501,1143.66666666667,153.836854419797,159.331219672953,11.3340580119535,1.05864819177561,0.016001014343833,3
"one_representative",0.9,"Posterior clustering","posterior clustering","clusters=8, beta=0.02","full",100,"mcmc_empirical_visited_supports",0.118868401810056,0.00354732832320811,0.0424058099419804,0.00632495126883236,0.0384171220279848,0.00265782954643858,0.426830867066969,0.152262467227482,13.332935642902,1.46238280025631,11.6666666666667,0.881917103688197,5.10888989334743,0.360553452787673,11.6666666666667,0.881917103688197,NA,NA,0.307438432548718,0.0229899564674982,0.00193875427863658,0.00266351484265862,-0.00209965161919993,0.00298472195499074,0.0644798195698104,0.0265669934892501,23.1399999999999,2.40676130931168,120,0,4.66170579032458e-05,3.3690017747658e-05,NA,NA,NA,NA,NA,NA,1208.66666666667,335.311960882864,2049,391.415806187401,183.100358803901,5.85759750047794,1.04082959135079,0.0110439089053601,3
"ordered_interval",0.9,"Posterior clustering","posterior clustering","clusters=8, beta=0.02","full",100,"mcmc_empirical_visited_supports",0.142262378920318,0.0010180822006953,0.0618885636620815,0.00239003777554097,0.0536103285550495,0.000754029830390589,0.247361001148184,0.0445229287831679,10.8714981144837,0.540775253614286,14,0,8.51012554442487,0.132278657326491,14,0,NA,NA,0.277177513205314,0.00841643153498244,0.000850764795270168,0.000680023642051333,-0.000872090790703679,0.000716306981962956,0.0489233733227902,0.00315187829560749,17.3033333333332,2.00449772040541,120,0,9.45600354706293e-05,2.38014286111753e-05,NA,NA,NA,NA,NA,NA,491.666666666667,126.741644475857,1284.33333333333,158.431197825569,172.310428393406,9.61116793549622,1.05088349986881,0.00987830678750446,3
"weak_signal",0.9,"Posterior clustering","posterior clustering","clusters=8, beta=0.02","full",100,"mcmc_empirical_visited_supports",0.142447000608527,0.0141328284866893,0.0557143563696512,0.00934663784325256,0.0540234870822722,0.00748891354287195,0.474865403760714,0.0959075075672672,12.434193284027,1.21033329406316,13.3333333333333,0.881917103688197,5.03171993270631,0.700521320547946,13.3333333333333,0.881917103688197,NA,NA,0.302804292024522,0.0150299638114328,0.0146997749784805,0.00443189221400093,-0.00766039202233623,0.0023811539989836,0.0450216793571909,0.0082282202325613,28.3833333333332,2.64628250780432,120,0,3.51709937568094e-05,8.92298360894835e-06,NA,NA,NA,NA,NA,NA,4113.33333333333,425.967265304637,5013.33333333333,425.967265304637,180.036777979975,2.61447224398121,1.04990341219829,0.00400516098619526,3
"graph_community",0.7,"Posterior clustering","posterior clustering","clusters=8, beta=0.08","full",100,"mcmc_empirical_visited_supports",0.250749520676337,0.011562810938737,0.212481570462341,0.0124905247970235,0.182004703287974,0.012122349785532,0.0815304968383327,0.00772630223931454,10.7057794839342,0.425408245364275,9.33333333333333,0.333333333333333,6.41781154465316,1.04113508274141,13,0,NA,NA,1.06711527946385,0.0221121604144382,-0.00429903904525885,0.00334345349423925,0.000800314317303134,0.00357090531800493,0.208981054215577,0.0641896092965209,24.9,2.55571907689404,120,0,1.9648760307911e-05,4.54985865576806e-06,NA,NA,NA,NA,NA,NA,826,207.588535328905,1566.33333333333,265.538655901128,197.176687569914,12.1930674443513,1.05439923462968,0.00731701808888028,3
"multi_representative",0.7,"Posterior clustering","posterior clustering","clusters=8, beta=0.08","full",100,"mcmc_empirical_visited_supports",0.257607902471634,0.0137517611616751,0.211352896405717,0.0140044432584421,0.168855664600587,0.0153119232349864,0.065523447561919,0.0147538742634514,10.1306106084509,0.272840502813651,9.66666666666667,0.333333333333333,6.64098701912419,0.400380944778147,11.6666666666667,0.881917103688197,NA,NA,1.01991219884571,0.0101672310309623,0.0112232819043963,0.00114590986913756,-0.00759747941581053,0.000389979365934281,0.165708351937244,0.0531044758708899,19.7266666666668,3.01450567165581,120,0,1.83135639731565e-05,4.06772600607513e-06,NA,NA,NA,NA,NA,NA,743.666666666667,127.63271959459,1466,174.596678089819,167.362938128627,5.24002470015892,1.04318834753332,0.0133062875231701,3
"noisy_grouping",0.7,"Posterior clustering","posterior clustering","clusters=8, beta=0.08","full",100,"mcmc_empirical_visited_supports",0.198619169554423,0.0122139692442849,0.158941155781995,0.0151184654685412,0.11206469025649,0.010842557184301,0.0013216357519522,0.000321635751952197,9.09871935945476,0.0323809199838953,8.33333333333333,0.666666666666667,4.45576446787138,0.431872233044376,15,1,NA,NA,0.885354384187455,0.0157801030044065,0.000548119002379351,8.83126530953553e-05,-0.000596965068228483,8.12567271394802e-06,0.135510240821706,0.0901275830715331,17.3700000000001,2.95523828706483,120,0,0.000156379974522447,2.91252996692539e-05,NA,NA,NA,NA,NA,NA,208.666666666667,71.3496865990158,801,105.659831534978,144.055369809969,4.60702838515577,1.07714776273292,0.0205432858933001,3
"one_representative",0.7,"Posterior clustering","posterior clustering","clusters=8, beta=0.08","full",100,"mcmc_empirical_visited_supports",0.196544957789514,0.00730200851656089,0.144403565030827,0.00998802003365681,0.111151185153676,0.00926342936307769,0.001,0,9.2206077203361,0.0819537119803421,8,0,5.75702345466963,0.408598929534706,13.6666666666667,0.881917103688197,NA,NA,0.880306707521688,0.0150561592450311,-0.00253786374312688,0.000856492338448484,0.00240285531708836,0.000830703220450496,0.0380217414610767,0.00902492840382916,16.4466666666666,2.25395454947768,120,0,4.36281103931198e-05,2.57074081026445e-05,NA,NA,NA,NA,NA,NA,241,57.8878225536252,713,98.1138794123101,179.502766932497,12.4652144575849,1.03786629487523,0.00939074249888425,3
"ordered_interval",0.7,"Posterior clustering","posterior clustering","clusters=8, beta=0.08","full",100,"mcmc_empirical_visited_supports",0.199774579552449,0.00486267836110263,0.154531120686155,0.0171235189582585,0.122543341695876,0.0167823280738116,0.001,0,7.20915606802612,0.214668867596436,6,1.52752523165195,1.95155348085563,0.385552287794218,14.3333333333333,1.20185042515466,NA,NA,0.73063788492327,0.0327743757243738,-0.00172458677579024,0.00331464034838308,0.00298334380420165,0.00386575038017137,0.215809001075619,0.0284001196680515,17.6433333333332,1.73845077903026,120,0,3.24638567691012e-05,1.0907050128243e-05,NA,NA,NA,NA,NA,NA,303.333333333333,25.7509438877706,950.666666666667,40.3085323198176,153.554758377494,13.0201355010066,1.06729443616689,0.018634911986936,3
"weak_signal",0.7,"Posterior clustering","posterior clustering","clusters=8, beta=0.08","full",100,"mcmc_empirical_visited_supports",0.239236302264479,0.00379092988049088,0.204088153548518,0.00828909373235002,0.161574407829461,0.0105750640406829,0.001,0,7.28774959228784,0.280000614617762,11,0,5.22788838451988,0.936293824517511,14.6666666666667,0.333333333333333,NA,NA,0.785483628362862,0.0285779514990259,0.0165628815746533,0.00375352760548042,-0.00979069603505051,0.0018588487719122,0.211804621806055,0.0267274195175792,17.7233333333333,2.40933139642051,120,0,3.82076595063877e-05,6.48698480302286e-06,NA,NA,NA,NA,NA,NA,1095.66666666667,171.474325904622,1962,201.390996157557,175.128525540345,19.2315194837855,1.04238754138431,0.00772700706600646,3
"graph_community",0.9,"Posterior clustering","posterior clustering","clusters=8, beta=0.08","full",100,"mcmc_empirical_visited_supports",0.258063644997301,0.0054164959153977,0.219339197333797,0.00473048410811771,0.183468880639477,0.00122063813150057,0.0286104703088697,0.0136860352976133,9.61479721266394,0.127201962164864,10,0.577350269189626,7.95702749380838,0.461529916604948,12,0.577350269189626,NA,NA,0.986452378390943,0.00540213085379724,0.00265480963184461,0.00188417802937742,-0.00188696189948567,0.00131563936057682,0.246702618070965,0.0180383852531276,26.0766666666667,2.41925838039493,114.666666666667,5.33333333333333,3.91274703304134e-06,1.5223744993154e-06,NA,NA,NA,NA,NA,NA,1228.33333333333,163.269034963087,2100.66666666667,189.320128647514,174.926332540067,7.44876871028743,1.03111151739593,0.00748628577765558,3
"multi_representative",0.9,"Posterior clustering","posterior clustering","clusters=8, beta=0.08","full",100,"mcmc_empirical_visited_supports",0.223101723935677,0.0277571631524988,0.181678720016482,0.0326618397716608,0.15102396902111,0.0361643807481483,0.0812434262353417,0.0794802439428088,9.83475183745744,0.792364657214041,9,0.577350269189626,6.95625917643554,0.503162261301926,12.6666666666667,0.881917103688197,NA,NA,0.966524474308354,0.0896562935610851,0.00192191967161951,0.00305919395991114,-0.00454254964675083,0.00494968212144362,0.210515838722446,0.0830098443039973,24.1433333333332,4.8260416261961,120,0,1.56412494122238e-05,3.05703453755966e-06,NA,NA,NA,NA,NA,NA,930.666666666667,611.948890385827,1618.66666666667,728.526442744378,181.983261133479,21.3655131037402,1.06475403616032,0.0134285413473858,3
"noisy_grouping",0.9,"Posterior clustering","posterior clustering","clusters=8, beta=0.08","full",100,"mcmc_empirical_visited_supports",0.215014053057597,0.0131113893634156,0.181823469613385,0.0116491754568853,0.1297776444385,0.011836943431949,0.0107026937500338,0.00594610745076491,9.04639108909136,0.22534726405301,9.33333333333333,0.666666666666667,5.75848940160162,1.26546615570288,14,1,NA,NA,0.903828649512267,0.0229961187243063,0.000502327450024063,0.000989903934760319,-0.000323006352517771,0.000373829616870832,0.255581608424324,0.0154400045639949,20.4099999999998,0.442417600614203,120,0,3.86277174757217e-05,1.70385571057041e-05,NA,NA,NA,NA,NA,NA,464,106.616133863501,1143.66666666667,153.836854419797,159.331219672953,11.3340580119535,1.05864819177561,0.016001014343833,3
"one_representative",0.9,"Posterior clustering","posterior clustering","clusters=8, beta=0.08","full",100,"mcmc_empirical_visited_supports",0.236610737232915,0.0413069702449322,0.189709172781008,0.0436701792309555,0.157983772913333,0.040510572366441,0.0730966025563838,0.0374681546485642,9.63282224071049,0.441218981007431,9,0.577350269189626,7.38695088319922,1.13898692445069,11.6666666666667,0.881917103688197,NA,NA,0.958361766337911,0.078695868879146,0.00429321949953606,0.00477203932989296,-0.00472213614157599,0.0058806387843754,0.180861004988335,0.0475398741921225,23.1399999999999,2.40676130931168,118.666666666667,1.33333333333333,3.86405398700162e-06,1.54404375936463e-06,NA,NA,NA,NA,NA,NA,1208.66666666667,335.311960882864,2049,391.415806187401,183.100358803901,5.85759750047794,1.04082959135079,0.0110439089053601,3
"ordered_interval",0.9,"Posterior clustering","posterior clustering","clusters=8, beta=0.08","full",100,"mcmc_empirical_visited_supports",0.223643218703216,0.0208243494496274,0.173197928836422,0.0235982816318784,0.131741178735209,0.0209506680049156,0.001,0,6.83489135239793,0.120388421260098,6,2.08166599946613,1.37359679532363,0.301455002872434,14,0,NA,NA,0.719715714431811,0.0330070552123391,-0.00076170220389001,0.00147925509932746,0.000311341299686905,0.00134983482668698,0.196797817978333,0.0116180485421122,17.3033333333332,2.00449772040541,120,0,4.41728007051593e-05,2.70032382169434e-06,NA,NA,NA,NA,NA,NA,491.666666666667,126.741644475857,1284.33333333333,158.431197825569,172.310428393406,9.61116793549622,1.05088349986881,0.00987830678750446,3
"weak_signal",0.9,"Posterior clustering","posterior clustering","clusters=8, beta=0.08","full",100,"mcmc_empirical_visited_supports",0.294573823111884,0.00725646626889199,0.297368261253243,0.00472698603868585,0.261962017298143,0.0117208394687759,0.0502768311894722,0.042090858166726,6.28319375260327,1.02964829684634,8,1.52752523165195,3.09405207258168,0.203478395376117,13.3333333333333,0.881917103688197,NA,NA,0.798898735033543,0.0849067042080706,0.0422569275184622,0.00970795082735293,-0.0218775026505451,0.00491878982239403,0.190317101696473,0.0231904702160889,28.3833333333332,2.64628250780432,120,0,2.80030408567426e-05,1.37994552105718e-05,NA,NA,NA,NA,NA,NA,4113.33333333333,425.967265304637,5013.33333333333,425.967265304637,180.036777979975,2.61447224398121,1.04990341219829,0.00400516098619526,3
"graph_community",0.7,"Credible support set","credible support summary","coverage=0.9, beta=0.02","full",100,"mcmc_empirical_visited_supports",0.103866206130937,0.000451617487140257,0.427194283895849,0.000782667952935149,0.105766801583727,0.000305102253801362,0.00560766274522019,4.14643887791891e-05,37.6195816809226,3.98967361718578,94,10.2143689640297,65.341218068928,26.7620105663832,505,159.784229509673,504,159.784229509673,1.17556368814211,0.0792207114778841,0.00168019172530968,0.000460503824148302,-0.00107318993504727,0.000644870070589323,0.0698430024356975,0.0392963284091019,24.9,2.55571907689404,53.6666666666667,0.881917103688197,1.37591269259533e-06,5.99114700729631e-07,NA,NA,NA,NA,NA,NA,826,207.588535328905,1566.33333333333,265.538655901128,197.176687569914,12.1930674443513,1.05439923462968,0.00731701808888028,3
"multi_representative",0.7,"Credible support set","credible support summary","coverage=0.9, beta=0.02","full",100,"mcmc_empirical_visited_supports",0.103956626886115,0.000205402603786322,0.426618358275573,0.00119232481003243,0.105214692249717,0.000237523634712446,0.00562386968396478,5.56580371313391e-05,33.3618210538263,1.47011423546814,99,8.50490054811538,39.4024596018494,8.03993723478692,426,84.1843215806839,425,84.1843215806839,1.09022459242729,0.0302355726602104,0.00655124329573596,0.00178963496630283,-0.00469046174437141,0.00150151208048784,0.217492354726012,0.177158071561741,19.7266666666668,3.01450567165581,46.3333333333333,5.69600249687835,1.61241300296784e-06,2.60649314881931e-07,NA,NA,NA,NA,NA,NA,743.666666666667,127.63271959459,1466,174.596678089819,167.362938128627,5.24002470015892,1.04318834753332,0.0133062875231701,3
"noisy_grouping",0.7,"Credible support set","credible support summary","coverage=0.9, beta=0.02","full",100,"mcmc_empirical_visited_supports",0.0989311662065032,0.000535418375694055,0.423078833677865,0.0011229893839146,0.101908391281082,0.000403806259034443,0.00551831683009588,1.67613042911226e-05,29.2422543236337,0.118003938115853,71.6666666666667,3.38296385503074,5.52088646282073,0.629921308048425,88,18.6815416922694,87,18.6815416922694,1.0062289238394,0.00331377481653598,0.000200788923578887,6.24665412653256e-05,-0.000267550841119476,7.40387440187454e-06,0.0505082228463257,0.0347370484644597,17.3700000000001,2.95523828706483,52.6666666666667,0.881917103688197,1.63593375305619e-06,1.30555493849701e-07,NA,NA,NA,NA,NA,NA,208.666666666667,71.3496865990158,801,105.659831534978,144.055369809969,4.60702838515577,1.07714776273292,0.0205432858933001,3
"one_representative",0.7,"Credible support set","credible support summary","coverage=0.9, beta=0.02","full",100,"mcmc_empirical_visited_supports",0.09989953829409,0.000820294580273053,0.423367769531545,0.00148682785200507,0.102897599780426,0.000818954678640179,0.00557071303228159,2.04699903321629e-05,31.0260647245996,0.954084990659256,69.6666666666667,1.33333333333333,11.9413269766809,3.58396745766353,124,26.7644042215278,123,26.7644042215278,1.0415078508235,0.0203118055253005,-0.000801241517281632,0.000527659544357973,0.000714614653776499,0.000427676913371878,0.158087366864058,0.029630598507278,16.4466666666666,2.25395454947768,53,0.577350269189626,1.3038275183952e-06,3.83124164534378e-07,NA,NA,NA,NA,NA,NA,241,57.8878225536252,713,98.1138794123101,179.502766932497,12.4652144575849,1.03786629487523,0.00939074249888425,3
"ordered_interval",0.7,"Credible support set","credible support summary","coverage=0.9, beta=0.02","full",100,"mcmc_empirical_visited_supports",0.100940235102297,0.000857060775176487,0.427003742933316,0.000341467265692083,0.105118690662726,0.000556754540550347,0.00552930419292858,9.85469015359388e-06,29.8810186116339,1.5069873844911,76.6666666666667,4.70224532655529,11.9850529148602,0.616784222414767,142.666666666667,15.5920207513687,141.666666666667,15.5920207513687,1.02214308831919,0.0297757830041526,0.000491689834235235,0.000926464162823383,-0.000431539938038721,0.000696736885693179,0.0380731098488523,0.00894547325989241,17.6433333333332,1.73845077903026,54,1,1.69903553604023e-06,1.21220459988018e-07,NA,NA,NA,NA,NA,NA,303.333333333333,25.7509438877706,950.666666666667,40.3085323198176,153.554758377494,13.0201355010066,1.06729443616689,0.018634911986936,3
"weak_signal",0.7,"Credible support set","credible support summary","coverage=0.9, beta=0.02","full",100,"mcmc_empirical_visited_supports",0.105121441381645,0.0014194598129161,0.431237012288727,0.00140948922336653,0.106795628733336,0.00163029593246458,0.00544983135723665,6.85803352875488e-05,21.9133601854939,1.194336006564,93,2.3094010767585,66.022399786669,15.5864114618136,631,109.436435127125,630,109.436435127125,0.865385049564067,0.024890318018243,0.00620407822291883,0.00164657311122193,-0.00369139878027965,0.000893975845913429,0.250456682615723,0.208389535464042,17.7233333333333,2.40933139642051,48,6.02771377334171,1.35115932657174e-06,1.9703215474312e-07,NA,NA,NA,NA,NA,NA,1095.66666666667,171.474325904622,1962,201.390996157557,175.128525540345,19.2315194837855,1.04238754138431,0.00772700706600646,3
"graph_community",0.9,"Credible support set","credible support summary","coverage=0.9, beta=0.02","full",100,"mcmc_empirical_visited_supports",0.102425540503284,0.0003239920895629,0.426661212485652,0.000178703349621628,0.103682095006779,0.000190889131466583,0.00554779320412536,3.15316835111935e-06,30.0211802050875,0.225828844635322,93.6666666666667,2.72845092395748,74.8016577983673,12.928110537677,751.333333333333,114.665213169082,750.333333333333,114.665213169082,1.02280507178299,0.00483656795113334,0.00131193910868599,0.000658743086537032,-0.000907093131665036,0.000393338413551516,0.0232799441666241,0.0064686234222329,26.0766666666667,2.41925838039493,54.3333333333333,1.20185042515466,1.83462967114541e-06,1.1580219833279e-07,NA,NA,NA,NA,NA,NA,1228.33333333333,163.269034963087,2100.66666666667,189.320128647514,174.926332540067,7.44876871028743,1.03111151739593,0.00748628577765558,3
"multi_representative",0.9,"Credible support set","credible support summary","coverage=0.9, beta=0.02","full",100,"mcmc_empirical_visited_supports",0.103765707903801,0.00353412268742109,0.427208379132966,0.00147090096829882,0.104508325218553,0.00159148932971034,0.00554876476284421,6.13326979581841e-06,30.9820596832439,1.53265293911415,97,8.73689494805411,80.6966331617286,69.3062900890863,601,447.158063030662,600,447.158063030662,1.04347048098761,0.0310835644591692,-0.00032547300830377,0.0011907240298263,-9.87124362200994e-05,0.00123459866445474,0.0306937885219243,0.0203219069960604,24.1433333333332,4.8260416261961,53,2,1.9268937197688e-06,3.25867753587316e-08,NA,NA,NA,NA,NA,NA,930.666666666667,611.948890385827,1618.66666666667,728.526442744378,181.983261133479,21.3655131037402,1.06475403616032,0.0134285413473858,3
"noisy_grouping",0.9,"Credible support set","credible support summary","coverage=0.9, beta=0.02","full",100,"mcmc_empirical_visited_supports",0.100326969604602,0.0004510935286488,0.425745697055439,0.000532080122162564,0.103011939206055,0.000274740641413551,0.00553263668389933,8.90792239737968e-06,29.833534476199,0.55735977227897,98,5.29150262212918,18.2902940621341,7.54786514485665,219.666666666667,68.6885078532873,218.666666666667,68.6885078532873,1.01966873343173,0.0110447172026042,0.00104212399355637,0.00139101387037156,-0.000567134443299811,0.000858821634674901,0.0583045182915819,0.0299038170140002,20.4099999999998,0.442417600614203,52,1,1.87588360126926e-06,3.43597614300247e-08,NA,NA,NA,NA,NA,NA,464,106.616133863501,1143.66666666667,153.836854419797,159.331219672953,11.3340580119535,1.05864819177561,0.016001014343833,3
"one_representative",0.9,"Credible support set","credible support summary","coverage=0.9, beta=0.02","full",100,"mcmc_empirical_visited_supports",0.101680073758561,0.00107648649476393,0.426126822517658,0.000531921665569829,0.103327538197768,0.000538804661137897,0.00555269620725616,1.81084370484362e-06,29.7997501316661,0.580639475144277,95,14.525839046334,89.8003063733861,37.8553741399175,755.333333333333,245.261991438634,754.333333333333,245.261991438634,1.01786494791139,0.0116181223909891,0.000381114543022587,0.00195709210107037,-0.000573332842270938,0.00195298640456171,0.021453369717804,0.00780910952977471,23.1399999999999,2.40676130931168,53.6666666666667,0.881917103688197,1.66706724683922e-06,1.92964125419119e-07,NA,NA,NA,NA,NA,NA,1208.66666666667,335.311960882864,2049,391.415806187401,183.100358803901,5.85759750047794,1.04082959135079,0.0110439089053601,3
"ordered_interval",0.9,"Credible support set","credible support summary","coverage=0.9, beta=0.02","full",100,"mcmc_empirical_visited_supports",0.10073094765063,0.000970041493881216,0.426400304156692,0.000677867418361257,0.103944306063554,0.000378261357150604,0.00551757336278742,1.99615204989111e-05,27.614751724441,0.797148920557986,100,2,19.7342335717248,6.86083792975207,230.333333333333,70.4493513888603,229.333333333333,70.4493513888603,0.975822962585204,0.0156149300430569,0.00311520999041082,0.00125813798067319,-0.00259827172786224,0.00117557595708519,0.0708754737169381,0.0293710576749107,17.3033333333332,2.00449772040541,54.3333333333333,0.881917103688197,1.26258825013566e-06,1.2917857547094e-07,NA,NA,NA,NA,NA,NA,491.666666666667,126.741644475857,1284.33333333333,158.431197825569,172.310428393406,9.61116793549622,1.05088349986881,0.00987830678750446,3
"weak_signal",0.9,"Credible support set","credible support summary","coverage=0.9, beta=0.02","full",100,"mcmc_empirical_visited_supports",0.10971697267566,0.00120010456707571,0.431718860531432,0.000475301584626925,0.108345075487352,0.00051524100842611,0.00549401956326417,1.35956746954309e-05,20.7510445103645,1.9336837248351,135.666666666667,9.6148034012373,787.628506658681,261.406710101645,3215.33333333333,425.967265304637,3214.33333333333,425.967265304637,0.840176336769757,0.0381474994249338,0.0112080785855506,0.00250308056708217,-0.00581043856175256,0.00138666222439522,0.0227435137203895,0.00429481523516818,28.3833333333332,2.64628250780432,55.3333333333333,0.333333333333333,1.36820687868244e-06,1.28416113747831e-07,NA,NA,NA,NA,NA,NA,4113.33333333333,425.967265304637,5013.33333333333,425.967265304637,180.036777979975,2.61447224398121,1.04990341219829,0.00400516098619526,3
"graph_community",0.7,"Group lasso","predictive selection","group lasso, lambda.min","full",100,"mcmc_empirical_visited_supports",NA,NA,NA,NA,NA,NA,NA,NA,14.6666666666667,1.20185042515466,NA,NA,NA,NA,NA,NA,14.6666666666667,1.20185042515466,NA,NA,0.0739027418522319,0.0812866103132276,-0.406502747358753,0.172435910343296,NA,NA,24.9,2.55571907689404,NA,NA,NA,NA,NA,NA,NA,NA,NA,NA,826,207.588535328905,1566.33333333333,265.538655901128,197.176687569914,12.1930674443513,1.05439923462968,0.00731701808888028,3
"multi_representative",0.7,"Group lasso","predictive selection","group lasso, lambda.min","full",100,"mcmc_empirical_visited_supports",NA,NA,NA,NA,NA,NA,NA,NA,13.3333333333333,1.33333333333333,NA,NA,NA,NA,NA,NA,13.3333333333333,1.33333333333333,NA,NA,0.101541893585781,0.00632319078203688,-0.351667773739731,0.119858463457528,NA,NA,19.7266666666668,3.01450567165581,NA,NA,NA,NA,NA,NA,NA,NA,NA,NA,743.666666666667,127.63271959459,1466,174.596678089819,167.362938128627,5.24002470015892,1.04318834753332,0.0133062875231701,3
"noisy_grouping",0.7,"Group lasso","predictive selection","group lasso, lambda.min","full",100,"mcmc_empirical_visited_supports",NA,NA,NA,NA,NA,NA,NA,NA,9.66666666666667,1.45296631451356,NA,NA,NA,NA,NA,NA,9.66666666666667,1.45296631451356,NA,NA,0.215330847516249,0.0216280719927656,-0.24161615563683,0.00993198121888476,NA,NA,17.3700000000001,2.95523828706483,NA,NA,NA,NA,NA,NA,NA,NA,NA,NA,208.666666666667,71.3496865990158,801,105.659831534978,144.055369809969,4.60702838515577,1.07714776273292,0.0205432858933001,3
"one_representative",0.7,"Group lasso","predictive selection","group lasso, lambda.min","full",100,"mcmc_empirical_visited_supports",NA,NA,NA,NA,NA,NA,NA,NA,14.3333333333333,1.20185042515466,NA,NA,NA,NA,NA,NA,14.3333333333333,1.20185042515466,NA,NA,0.188417731989956,0.0115744089362516,-0.349887758933151,0.0766216719152905,NA,NA,16.4466666666666,2.25395454947768,NA,NA,NA,NA,NA,NA,NA,NA,NA,NA,241,57.8878225536252,713,98.1138794123101,179.502766932497,12.4652144575849,1.03786629487523,0.00939074249888425,3
"ordered_interval",0.7,"Group lasso","predictive selection","group lasso, lambda.min","full",100,"mcmc_empirical_visited_supports",NA,NA,NA,NA,NA,NA,NA,NA,6.33333333333333,1.66666666666667,NA,NA,NA,NA,NA,NA,6.33333333333333,1.66666666666667,NA,NA,0.0737469166243794,0.0202458218118877,-0.115556934220176,0.0622362927491475,NA,NA,17.6433333333332,1.73845077903026,NA,NA,NA,NA,NA,NA,NA,NA,NA,NA,303.333333333333,25.7509438877706,950.666666666667,40.3085323198176,153.554758377494,13.0201355010066,1.06729443616689,0.018634911986936,3
"weak_signal",0.7,"Group lasso","predictive selection","group lasso, lambda.min","full",100,"mcmc_empirical_visited_supports",NA,NA,NA,NA,NA,NA,NA,NA,10.3333333333333,1.76383420737639,NA,NA,NA,NA,NA,NA,10.3333333333333,1.76383420737639,NA,NA,0.0548542083374199,0.0162916085212722,-0.133848319310029,0.0372275540065884,NA,NA,17.7233333333333,2.40933139642051,NA,NA,NA,NA,NA,NA,NA,NA,NA,NA,1095.66666666667,171.474325904622,1962,201.390996157557,175.128525540345,19.2315194837855,1.04238754138431,0.00772700706600646,3
"graph_community",0.9,"Group lasso","predictive selection","group lasso, lambda.min","full",100,"mcmc_empirical_visited_supports",NA,NA,NA,NA,NA,NA,NA,NA,12,2.3094010767585,NA,NA,NA,NA,NA,NA,12,2.3094010767585,NA,NA,0.249014916245551,0.0183517014379102,-0.458096341173083,0.162729593460114,NA,NA,26.0766666666667,2.41925838039493,NA,NA,NA,NA,NA,NA,NA,NA,NA,NA,1228.33333333333,163.269034963087,2100.66666666667,189.320128647514,174.926332540067,7.44876871028743,1.03111151739593,0.00748628577765558,3
"multi_representative",0.9,"Group lasso","predictive selection","group lasso, lambda.min","full",100,"mcmc_empirical_visited_supports",NA,NA,NA,NA,NA,NA,NA,NA,14,2.3094010767585,NA,NA,NA,NA,NA,NA,14,2.3094010767585,NA,NA,0.104273695741823,0.109221348265906,-0.394741920666757,0.064323262196132,NA,NA,24.1433333333332,4.8260416261961,NA,NA,NA,NA,NA,NA,NA,NA,NA,NA,930.666666666667,611.948890385827,1618.66666666667,728.526442744378,181.983261133479,21.3655131037402,1.06475403616032,0.0134285413473858,3
"noisy_grouping",0.9,"Group lasso","predictive selection","group lasso, lambda.min","full",100,"mcmc_empirical_visited_supports",NA,NA,NA,NA,NA,NA,NA,NA,10.6666666666667,1.85592145427667,NA,NA,NA,NA,NA,NA,10.6666666666667,1.85592145427667,NA,NA,0.203140285107932,0.0148550292649409,-0.252766559818041,0.0409807890152523,NA,NA,20.4099999999998,0.442417600614203,NA,NA,NA,NA,NA,NA,NA,NA,NA,NA,464,106.616133863501,1143.66666666667,153.836854419797,159.331219672953,11.3340580119535,1.05864819177561,0.016001014343833,3
"one_representative",0.9,"Group lasso","predictive selection","group lasso, lambda.min","full",100,"mcmc_empirical_visited_supports",NA,NA,NA,NA,NA,NA,NA,NA,15,0.577350269189626,NA,NA,NA,NA,NA,NA,15,0.577350269189626,NA,NA,0.132452801239409,0.0939272291712341,-0.203964219039633,0.0411390805704382,NA,NA,23.1399999999999,2.40676130931168,NA,NA,NA,NA,NA,NA,NA,NA,NA,NA,1208.66666666667,335.311960882864,2049,391.415806187401,183.100358803901,5.85759750047794,1.04082959135079,0.0110439089053601,3
"ordered_interval",0.9,"Group lasso","predictive selection","group lasso, lambda.min","full",100,"mcmc_empirical_visited_supports",NA,NA,NA,NA,NA,NA,NA,NA,7.66666666666667,3.71184290855335,NA,NA,NA,NA,NA,NA,7.66666666666667,3.71184290855335,NA,NA,0.0849675345799289,0.0351459907906589,-0.156455120362053,0.0803069704179082,NA,NA,17.3033333333332,2.00449772040541,NA,NA,NA,NA,NA,NA,NA,NA,NA,NA,491.666666666667,126.741644475857,1284.33333333333,158.431197825569,172.310428393406,9.61116793549622,1.05088349986881,0.00987830678750446,3
"weak_signal",0.9,"Group lasso","predictive selection","group lasso, lambda.min","full",100,"mcmc_empirical_visited_supports",NA,NA,NA,NA,NA,NA,NA,NA,8.33333333333333,0.333333333333333,NA,NA,NA,NA,NA,NA,8.33333333333333,0.333333333333333,NA,NA,0.0963550078874925,0.0656076857585197,-0.115277339578274,0.0143550537484086,NA,NA,28.3833333333332,2.64628250780432,NA,NA,NA,NA,NA,NA,NA,NA,NA,NA,4113.33333333333,425.967265304637,5013.33333333333,425.967265304637,180.036777979975,2.61447224398121,1.04990341219829,0.00400516098619526,3
"graph_community",0.7,"Dilution-prior BMA","redundancy-aware prior","power=0.25 over visited supports","full",100,"mcmc_empirical_visited_supports",0.199711733120336,0.0189121010734665,0.464365202437912,0.0715246087897467,0.197928618930577,0.0185642108748763,NA,NA,296.666666666667,69.3645762939877,NA,NA,NA,NA,NA,NA,296.666666666667,69.3645762939877,NA,NA,0.00474568571351345,0.00154871767793336,-0.0033789196982521,0.00147401879635,NA,NA,24.9,2.55571907689404,NA,NA,NA,NA,NA,NA,NA,NA,NA,NA,826,207.588535328905,1566.33333333333,265.538655901128,197.176687569914,12.1930674443513,1.05439923462968,0.00731701808888028,3
"multi_representative",0.7,"Dilution-prior BMA","redundancy-aware prior","power=0.25 over visited supports","full",100,"mcmc_empirical_visited_supports",0.196822690407765,0.00845526853954197,0.444252557156371,0.0660314589075454,0.183847910469641,0.0114621953702331,NA,NA,227.333333333333,19.6412264835416,NA,NA,NA,NA,NA,NA,227.333333333333,19.6412264835416,NA,NA,0.0111092922969892,0.00268517235728886,-0.00796632690030977,0.00240555835423526,NA,NA,19.7266666666668,3.01450567165581,NA,NA,NA,NA,NA,NA,NA,NA,NA,NA,743.666666666667,127.63271959459,1466,174.596678089819,167.362938128627,5.24002470015892,1.04318834753332,0.0133062875231701,3
"noisy_grouping",0.7,"Dilution-prior BMA","redundancy-aware prior","power=0.25 over visited supports","full",100,"mcmc_empirical_visited_supports",0.0992905584984383,0.00481817678210399,0.211538238867282,0.0214954348765662,0.0715946496235622,0.0105144553103336,NA,NA,73,3.21455025366432,NA,NA,NA,NA,NA,NA,73,3.21455025366432,NA,NA,0.000187874857458563,5.5557511926972e-05,-0.000215313493785378,6.35022459729941e-05,NA,NA,17.3700000000001,2.95523828706483,NA,NA,NA,NA,NA,NA,NA,NA,NA,NA,208.666666666667,71.3496865990158,801,105.659831534978,144.055369809969,4.60702838515577,1.07714776273292,0.0205432858933001,3
"one_representative",0.7,"Dilution-prior BMA","redundancy-aware prior","power=0.25 over visited supports","full",100,"mcmc_empirical_visited_supports",0.100832109334706,0.0165478610869135,0.158118397397843,0.0360275693864627,0.0821108154493753,0.0151640872740469,NA,NA,145,35.8096821171779,NA,NA,NA,NA,NA,NA,145,35.8096821171779,NA,NA,0.00136810248104605,0.00154869415845629,-0.00132916287887452,0.00110150704878699,NA,NA,16.4466666666666,2.25395454947768,NA,NA,NA,NA,NA,NA,NA,NA,NA,NA,241,57.8878225536252,713,98.1138794123101,179.502766932497,12.4652144575849,1.03786629487523,0.00939074249888425,3
"ordered_interval",0.7,"Dilution-prior BMA","redundancy-aware prior","power=0.25 over visited supports","full",100,"mcmc_empirical_visited_supports",0.103408541730791,0.00906271680479917,0.161692044885153,0.0277895941251254,0.0759392191356842,0.00570752418797671,NA,NA,156,4.58257569495584,NA,NA,NA,NA,NA,NA,156,4.58257569495584,NA,NA,-0.00114615530355425,0.000521297754910663,0.00145952428929326,0.000713654025527575,NA,NA,17.6433333333332,1.73845077903026,NA,NA,NA,NA,NA,NA,NA,NA,NA,NA,303.333333333333,25.7509438877706,950.666666666667,40.3085323198176,153.554758377494,13.0201355010066,1.06729443616689,0.018634911986936,3
"weak_signal",0.7,"Dilution-prior BMA","redundancy-aware prior","power=0.25 over visited supports","full",100,"mcmc_empirical_visited_supports",0.170635662693148,0.00477845614630537,0.344679432314944,0.0295935014440284,0.154158832169835,0.0156180535362714,NA,NA,386,58.1979381078058,NA,NA,NA,NA,NA,NA,386,58.1979381078058,NA,NA,0.0063898162226821,0.00451716708517167,-0.00354088918607146,0.00274927221647798,NA,NA,17.7233333333333,2.40933139642051,NA,NA,NA,NA,NA,NA,NA,NA,NA,NA,1095.66666666667,171.474325904622,1962,201.390996157557,175.128525540345,19.2315194837855,1.04238754138431,0.00772700706600646,3
"graph_community",0.9,"Dilution-prior BMA","redundancy-aware prior","power=0.25 over visited supports","full",100,"mcmc_empirical_visited_supports",0.204960969111856,0.0146519264832155,0.536057954871188,0.0749766815875138,0.202782147732973,0.00577110820079603,NA,NA,357.666666666667,29.7900057812086,NA,NA,NA,NA,NA,NA,357.666666666667,29.7900057812086,NA,NA,0.00374861940214026,0.00205731975649012,-0.00271420069082362,0.00133710791735693,NA,NA,26.0766666666667,2.41925838039493,NA,NA,NA,NA,NA,NA,NA,NA,NA,NA,1228.33333333333,163.269034963087,2100.66666666667,189.320128647514,174.926332540067,7.44876871028743,1.03111151739593,0.00748628577765558,3
"multi_representative",0.9,"Dilution-prior BMA","redundancy-aware prior","power=0.25 over visited supports","full",100,"mcmc_empirical_visited_supports",0.188788108016301,0.057784738608395,0.504879645514105,0.292646008303127,0.174925678634515,0.0799998189106238,NA,NA,258.333333333333,148.178196026871,NA,NA,NA,NA,NA,NA,258.333333333333,148.178196026871,NA,NA,0.00492048471791095,0.00397959147672065,-0.00654669571246483,0.00528861335045061,NA,NA,24.1433333333332,4.8260416261961,NA,NA,NA,NA,NA,NA,NA,NA,NA,NA,930.666666666667,611.948890385827,1618.66666666667,728.526442744378,181.983261133479,21.3655131037402,1.06475403616032,0.0134285413473858,3
"noisy_grouping",0.9,"Dilution-prior BMA","redundancy-aware prior","power=0.25 over visited supports","full",100,"mcmc_empirical_visited_supports",0.150509560359907,0.0045315424401535,0.345975049300077,0.0466793013307403,0.123903228411932,0.0129285020001268,NA,NA,163.666666666667,50.5711819561739,NA,NA,NA,NA,NA,NA,163.666666666667,50.5711819561739,NA,NA,-1.03700525174165e-06,0.000874653800584276,0.000306458939362281,0.000705147526828153,NA,NA,20.4099999999998,0.442417600614203,NA,NA,NA,NA,NA,NA,NA,NA,NA,NA,464,106.616133863501,1143.66666666667,153.836854419797,159.331219672953,11.3340580119535,1.05864819177561,0.016001014343833,3
"one_representative",0.9,"Dilution-prior BMA","redundancy-aware prior","power=0.25 over visited supports","full",100,"mcmc_empirical_visited_supports",0.211379962308299,0.0500104488798021,0.563223410144377,0.138116636798582,0.203770955684058,0.0473722875528366,NA,NA,386.333333333333,77.3354884757171,NA,NA,NA,NA,NA,NA,386.333333333333,77.3354884757171,NA,NA,8.7770724520227e-05,0.00144703574788208,-0.000393050798246437,0.00194475483002001,NA,NA,23.1399999999999,2.40676130931168,NA,NA,NA,NA,NA,NA,NA,NA,NA,NA,1208.66666666667,335.311960882864,2049,391.415806187401,183.100358803901,5.85759750047794,1.04082959135079,0.0110439089053601,3
"ordered_interval",0.9,"Dilution-prior BMA","redundancy-aware prior","power=0.25 over visited supports","full",100,"mcmc_empirical_visited_supports",0.114198983304487,0.00824653455534169,0.199047061244462,0.0238263365824969,0.0867756952165302,0.00952107277466201,NA,NA,184.333333333333,41.8343293374127,NA,NA,NA,NA,NA,NA,184.333333333333,41.8343293374127,NA,NA,0.00456551372642452,0.00269500961673831,-0.00337958120682854,0.00204124459680007,NA,NA,17.3033333333332,2.00449772040541,NA,NA,NA,NA,NA,NA,NA,NA,NA,NA,491.666666666667,126.741644475857,1284.33333333333,158.431197825569,172.310428393406,9.61116793549622,1.05088349986881,0.00987830678750446,3
"weak_signal",0.9,"Dilution-prior BMA","redundancy-aware prior","power=0.25 over visited supports","full",100,"mcmc_empirical_visited_supports",0.299983044057382,0.0343545364096157,0.948270999697101,0.199749466220575,0.335227783421911,0.0631167976397385,NA,NA,1187.33333333333,79.1714033670688,NA,NA,NA,NA,NA,NA,1187.33333333333,79.1714033670688,NA,NA,0.0110831002766563,0.00333052916975979,-0.00596708868483272,0.00193099982531635,NA,NA,28.3833333333332,2.64628250780432,NA,NA,NA,NA,NA,NA,NA,NA,NA,NA,4113.33333333333,425.967265304637,5013.33333333333,425.967265304637,180.036777979975,2.61447224398121,1.04990341219829,0.00400516098619526,3
"graph_community",0.7,"DPP-prior BMA","redundancy-aware prior","power=0.5 over visited supports","full",100,"mcmc_empirical_visited_supports",0.225914539181945,0.013581938951364,0.497662356223159,0.0660912654164006,0.220877581525443,0.0161152112444724,NA,NA,287,67.0024875160119,NA,NA,NA,NA,NA,NA,287,67.0024875160119,NA,NA,0.00559573680064407,0.00259281545171668,-0.00226086146803062,0.00326739941834729,NA,NA,24.9,2.55571907689404,NA,NA,NA,NA,NA,NA,NA,NA,NA,NA,826,207.588535328905,1566.33333333333,265.538655901128,197.176687569914,12.1930674443513,1.05439923462968,0.00731701808888028,3
"multi_representative",0.7,"DPP-prior BMA","redundancy-aware prior","power=0.5 over visited supports","full",100,"mcmc_empirical_visited_supports",0.221558996440122,0.00486465025996211,0.487102040663058,0.0640139744811961,0.202177338181595,0.00687890242339034,NA,NA,205.666666666667,19.6751394178316,NA,NA,NA,NA,NA,NA,205.666666666667,19.6751394178316,NA,NA,0.014799703765263,0.00268920532051371,-0.0106033629292857,0.00250998501484435,NA,NA,19.7266666666668,3.01450567165581,NA,NA,NA,NA,NA,NA,NA,NA,NA,NA,743.666666666667,127.63271959459,1466,174.596678089819,167.362938128627,5.24002470015892,1.04318834753332,0.0133062875231701,3
"noisy_grouping",0.7,"DPP-prior BMA","redundancy-aware prior","power=0.5 over visited supports","full",100,"mcmc_empirical_visited_supports",0.105083225946624,0.00431743579011282,0.222130818194755,0.0218322150840473,0.0746494149219647,0.00997474683311629,NA,NA,72,3.21455025366432,NA,NA,NA,NA,NA,NA,72,3.21455025366432,NA,NA,0.000195383307978488,6.66289867458585e-05,-0.000230308314548363,7.4820244059002e-05,NA,NA,17.3700000000001,2.95523828706483,NA,NA,NA,NA,NA,NA,NA,NA,NA,NA,208.666666666667,71.3496865990158,801,105.659831534978,144.055369809969,4.60702838515577,1.07714776273292,0.0205432858933001,3
"one_representative",0.7,"DPP-prior BMA","redundancy-aware prior","power=0.5 over visited supports","full",100,"mcmc_empirical_visited_supports",0.111943025726783,0.0192294575602953,0.1708848856561,0.0392655871656534,0.0875527840489796,0.0166842919417103,NA,NA,140.333333333333,34.6810867444747,NA,NA,NA,NA,NA,NA,140.333333333333,34.6810867444747,NA,NA,0.00111405542152572,0.00164964111340384,-0.00108179037375833,0.00115920688106668,NA,NA,16.4466666666666,2.25395454947768,NA,NA,NA,NA,NA,NA,NA,NA,NA,NA,241,57.8878225536252,713,98.1138794123101,179.502766932497,12.4652144575849,1.03786629487523,0.00939074249888425,3
"ordered_interval",0.7,"DPP-prior BMA","redundancy-aware prior","power=0.5 over visited supports","full",100,"mcmc_empirical_visited_supports",0.103641187315376,0.00943254791080473,0.163063196763396,0.027761508758845,0.0764012677926066,0.00557043687588896,NA,NA,155.666666666667,4.17665469538056,NA,NA,NA,NA,NA,NA,155.666666666667,4.17665469538056,NA,NA,-0.000860005225949978,0.000857495764011814,0.00128051105232929,0.00106806841701026,NA,NA,17.6433333333332,1.73845077903026,NA,NA,NA,NA,NA,NA,NA,NA,NA,NA,303.333333333333,25.7509438877706,950.666666666667,40.3085323198176,153.554758377494,13.0201355010066,1.06729443616689,0.018634911986936,3
"weak_signal",0.7,"DPP-prior BMA","redundancy-aware prior","power=0.5 over visited supports","full",100,"mcmc_empirical_visited_supports",0.172312264477365,0.00453111830152787,0.350194751662446,0.0301161369666965,0.155020101448527,0.0155264233798249,NA,NA,378.333333333333,58.8000377928828,NA,NA,NA,NA,NA,NA,378.333333333333,58.8000377928828,NA,NA,0.00635318095216709,0.00436245945206421,-0.00349027376845782,0.00261957351143714,NA,NA,17.7233333333333,2.40933139642051,NA,NA,NA,NA,NA,NA,NA,NA,NA,NA,1095.66666666667,171.474325904622,1962,201.390996157557,175.128525540345,19.2315194837855,1.04238754138431,0.00772700706600646,3
"graph_community",0.9,"DPP-prior BMA","redundancy-aware prior","power=0.5 over visited supports","full",100,"mcmc_empirical_visited_supports",0.221589923220976,0.0196359959642222,0.584974616595156,0.0869215898777223,0.214086168590889,0.0136387804154688,NA,NA,334,25.1594912508182,NA,NA,NA,NA,NA,NA,334,25.1594912508182,NA,NA,0.00403473937894357,0.00208205876397831,-0.00293954861350546,0.00136130142796941,NA,NA,26.0766666666667,2.41925838039493,NA,NA,NA,NA,NA,NA,NA,NA,NA,NA,1228.33333333333,163.269034963087,2100.66666666667,189.320128647514,174.926332540067,7.44876871028743,1.03111151739593,0.00748628577765558,3
"multi_representative",0.9,"DPP-prior BMA","redundancy-aware prior","power=0.5 over visited supports","full",100,"mcmc_empirical_visited_supports",0.215996225455625,0.0533482073334059,0.573553639323965,0.310611704050007,0.19961625865117,0.0792741822169943,NA,NA,235,132.322837535073,NA,NA,NA,NA,NA,NA,235,132.322837535073,NA,NA,0.00573333969008117,0.00421894819677343,-0.00721374460259172,0.00540885305780116,NA,NA,24.1433333333332,4.8260416261961,NA,NA,NA,NA,NA,NA,NA,NA,NA,NA,930.666666666667,611.948890385827,1618.66666666667,728.526442744378,181.983261133479,21.3655131037402,1.06475403616032,0.0134285413473858,3
"noisy_grouping",0.9,"DPP-prior BMA","redundancy-aware prior","power=0.5 over visited supports","full",100,"mcmc_empirical_visited_supports",0.1921374813321,0.0234429993496042,0.406903754130332,0.0345875161756028,0.155590297990157,0.0104897573015788,NA,NA,151.666666666667,49.6129463390801,NA,NA,NA,NA,NA,NA,151.666666666667,49.6129463390801,NA,NA,-0.000670015988124622,0.00141413077911451,0.00119432472528391,0.00152980496296321,NA,NA,20.4099999999998,0.442417600614203,NA,NA,NA,NA,NA,NA,NA,NA,NA,NA,464,106.616133863501,1143.66666666667,153.836854419797,159.331219672953,11.3340580119535,1.05864819177561,0.016001014343833,3
"one_representative",0.9,"DPP-prior BMA","redundancy-aware prior","power=0.5 over visited supports","full",100,"mcmc_empirical_visited_supports",0.223954941132471,0.0524845278151999,0.613485175465731,0.152946969472107,0.218489121868816,0.0526385624004935,NA,NA,362.666666666667,74.2121583330147,NA,NA,NA,NA,NA,NA,362.666666666667,74.2121583330147,NA,NA,9.33134990899956e-05,0.00141752099165413,-0.000364252123371987,0.00186821493120973,NA,NA,23.1399999999999,2.40676130931168,NA,NA,NA,NA,NA,NA,NA,NA,NA,NA,1208.66666666667,335.311960882864,2049,391.415806187401,183.100358803901,5.85759750047794,1.04082959135079,0.0110439089053601,3
"ordered_interval",0.9,"DPP-prior BMA","redundancy-aware prior","power=0.5 over visited supports","full",100,"mcmc_empirical_visited_supports",0.125654074308691,0.0098794261473579,0.207068505047035,0.0228177920252316,0.0937604747582074,0.00909790626082566,NA,NA,184,40.5092582010582,NA,NA,NA,NA,NA,NA,184,40.5092582010582,NA,NA,0.00777438361539126,0.0039178505685209,-0.00572626754490204,0.00290248319496842,NA,NA,17.3033333333332,2.00449772040541,NA,NA,NA,NA,NA,NA,NA,NA,NA,NA,491.666666666667,126.741644475857,1284.33333333333,158.431197825569,172.310428393406,9.61116793549622,1.05088349986881,0.00987830678750446,3
"weak_signal",0.9,"DPP-prior BMA","redundancy-aware prior","power=0.5 over visited supports","full",100,"mcmc_empirical_visited_supports",0.303167753494965,0.0346249074941263,0.986014862201978,0.210050782370632,0.340984342993614,0.0640195459362469,NA,NA,1155,73.0022830693214,NA,NA,NA,NA,NA,NA,1155,73.0022830693214,NA,NA,0.0113821884430676,0.00332075772474063,-0.00611435981952531,0.00192235225070367,NA,NA,28.3833333333332,2.64628250780432,NA,NA,NA,NA,NA,NA,NA,NA,NA,NA,4113.33333333333,425.967265304637,5013.33333333333,425.967265304637,180.036777979975,2.61447224398121,1.04990341219829,0.00400516098619526,3
"graph_community",0.7,"Dilution-prior BMA","redundancy-aware prior","power=0.5 over visited supports","full",100,"mcmc_empirical_visited_supports",0.225914539181945,0.013581938951364,0.497662356223159,0.0660912654164006,0.220877581525443,0.0161152112444724,NA,NA,287,67.0024875160119,NA,NA,NA,NA,NA,NA,287,67.0024875160119,NA,NA,0.00559573680064407,0.00259281545171668,-0.00226086146803062,0.00326739941834729,NA,NA,24.9,2.55571907689404,NA,NA,NA,NA,NA,NA,NA,NA,NA,NA,826,207.588535328905,1566.33333333333,265.538655901128,197.176687569914,12.1930674443513,1.05439923462968,0.00731701808888028,3
"multi_representative",0.7,"Dilution-prior BMA","redundancy-aware prior","power=0.5 over visited supports","full",100,"mcmc_empirical_visited_supports",0.221558996440122,0.00486465025996211,0.487102040663058,0.0640139744811961,0.202177338181595,0.00687890242339034,NA,NA,205.666666666667,19.6751394178316,NA,NA,NA,NA,NA,NA,205.666666666667,19.6751394178316,NA,NA,0.014799703765263,0.00268920532051371,-0.0106033629292857,0.00250998501484435,NA,NA,19.7266666666668,3.01450567165581,NA,NA,NA,NA,NA,NA,NA,NA,NA,NA,743.666666666667,127.63271959459,1466,174.596678089819,167.362938128627,5.24002470015892,1.04318834753332,0.0133062875231701,3
"noisy_grouping",0.7,"Dilution-prior BMA","redundancy-aware prior","power=0.5 over visited supports","full",100,"mcmc_empirical_visited_supports",0.105083225946624,0.00431743579011282,0.222130818194755,0.0218322150840473,0.0746494149219647,0.00997474683311629,NA,NA,72,3.21455025366432,NA,NA,NA,NA,NA,NA,72,3.21455025366432,NA,NA,0.000195383307978488,6.66289867458585e-05,-0.000230308314548363,7.4820244059002e-05,NA,NA,17.3700000000001,2.95523828706483,NA,NA,NA,NA,NA,NA,NA,NA,NA,NA,208.666666666667,71.3496865990158,801,105.659831534978,144.055369809969,4.60702838515577,1.07714776273292,0.0205432858933001,3
"one_representative",0.7,"Dilution-prior BMA","redundancy-aware prior","power=0.5 over visited supports","full",100,"mcmc_empirical_visited_supports",0.111943025726783,0.0192294575602953,0.1708848856561,0.0392655871656534,0.0875527840489796,0.0166842919417103,NA,NA,140.333333333333,34.6810867444747,NA,NA,NA,NA,NA,NA,140.333333333333,34.6810867444747,NA,NA,0.00111405542152572,0.00164964111340384,-0.00108179037375833,0.00115920688106668,NA,NA,16.4466666666666,2.25395454947768,NA,NA,NA,NA,NA,NA,NA,NA,NA,NA,241,57.8878225536252,713,98.1138794123101,179.502766932497,12.4652144575849,1.03786629487523,0.00939074249888425,3
"ordered_interval",0.7,"Dilution-prior BMA","redundancy-aware prior","power=0.5 over visited supports","full",100,"mcmc_empirical_visited_supports",0.103641187315376,0.00943254791080473,0.163063196763396,0.027761508758845,0.0764012677926066,0.00557043687588896,NA,NA,155.666666666667,4.17665469538056,NA,NA,NA,NA,NA,NA,155.666666666667,4.17665469538056,NA,NA,-0.000860005225949978,0.000857495764011814,0.00128051105232929,0.00106806841701026,NA,NA,17.6433333333332,1.73845077903026,NA,NA,NA,NA,NA,NA,NA,NA,NA,NA,303.333333333333,25.7509438877706,950.666666666667,40.3085323198176,153.554758377494,13.0201355010066,1.06729443616689,0.018634911986936,3
"weak_signal",0.7,"Dilution-prior BMA","redundancy-aware prior","power=0.5 over visited supports","full",100,"mcmc_empirical_visited_supports",0.172312264477365,0.00453111830152787,0.350194751662446,0.0301161369666965,0.155020101448527,0.0155264233798249,NA,NA,378.333333333333,58.8000377928828,NA,NA,NA,NA,NA,NA,378.333333333333,58.8000377928828,NA,NA,0.00635318095216709,0.00436245945206421,-0.00349027376845782,0.00261957351143714,NA,NA,17.7233333333333,2.40933139642051,NA,NA,NA,NA,NA,NA,NA,NA,NA,NA,1095.66666666667,171.474325904622,1962,201.390996157557,175.128525540345,19.2315194837855,1.04238754138431,0.00772700706600646,3
"graph_community",0.9,"Dilution-prior BMA","redundancy-aware prior","power=0.5 over visited supports","full",100,"mcmc_empirical_visited_supports",0.221589923220976,0.0196359959642222,0.584974616595156,0.0869215898777223,0.214086168590889,0.0136387804154688,NA,NA,334,25.1594912508182,NA,NA,NA,NA,NA,NA,334,25.1594912508182,NA,NA,0.00403473937894357,0.00208205876397831,-0.00293954861350546,0.00136130142796941,NA,NA,26.0766666666667,2.41925838039493,NA,NA,NA,NA,NA,NA,NA,NA,NA,NA,1228.33333333333,163.269034963087,2100.66666666667,189.320128647514,174.926332540067,7.44876871028743,1.03111151739593,0.00748628577765558,3
"multi_representative",0.9,"Dilution-prior BMA","redundancy-aware prior","power=0.5 over visited supports","full",100,"mcmc_empirical_visited_supports",0.215996225455625,0.0533482073334059,0.573553639323965,0.310611704050007,0.19961625865117,0.0792741822169943,NA,NA,235,132.322837535073,NA,NA,NA,NA,NA,NA,235,132.322837535073,NA,NA,0.00573333969008117,0.00421894819677343,-0.00721374460259172,0.00540885305780116,NA,NA,24.1433333333332,4.8260416261961,NA,NA,NA,NA,NA,NA,NA,NA,NA,NA,930.666666666667,611.948890385827,1618.66666666667,728.526442744378,181.983261133479,21.3655131037402,1.06475403616032,0.0134285413473858,3
"noisy_grouping",0.9,"Dilution-prior BMA","redundancy-aware prior","power=0.5 over visited supports","full",100,"mcmc_empirical_visited_supports",0.1921374813321,0.0234429993496042,0.406903754130332,0.0345875161756028,0.155590297990157,0.0104897573015788,NA,NA,151.666666666667,49.6129463390801,NA,NA,NA,NA,NA,NA,151.666666666667,49.6129463390801,NA,NA,-0.000670015988124622,0.00141413077911451,0.00119432472528391,0.00152980496296321,NA,NA,20.4099999999998,0.442417600614203,NA,NA,NA,NA,NA,NA,NA,NA,NA,NA,464,106.616133863501,1143.66666666667,153.836854419797,159.331219672953,11.3340580119535,1.05864819177561,0.016001014343833,3
"one_representative",0.9,"Dilution-prior BMA","redundancy-aware prior","power=0.5 over visited supports","full",100,"mcmc_empirical_visited_supports",0.223954941132471,0.0524845278151999,0.613485175465731,0.152946969472107,0.218489121868816,0.0526385624004935,NA,NA,362.666666666667,74.2121583330147,NA,NA,NA,NA,NA,NA,362.666666666667,74.2121583330147,NA,NA,9.33134990899956e-05,0.00141752099165413,-0.000364252123371987,0.00186821493120973,NA,NA,23.1399999999999,2.40676130931168,NA,NA,NA,NA,NA,NA,NA,NA,NA,NA,1208.66666666667,335.311960882864,2049,391.415806187401,183.100358803901,5.85759750047794,1.04082959135079,0.0110439089053601,3
"ordered_interval",0.9,"Dilution-prior BMA","redundancy-aware prior","power=0.5 over visited supports","full",100,"mcmc_empirical_visited_supports",0.125654074308691,0.0098794261473579,0.207068505047035,0.0228177920252316,0.0937604747582074,0.00909790626082566,NA,NA,184,40.5092582010582,NA,NA,NA,NA,NA,NA,184,40.5092582010582,NA,NA,0.00777438361539126,0.0039178505685209,-0.00572626754490204,0.00290248319496842,NA,NA,17.3033333333332,2.00449772040541,NA,NA,NA,NA,NA,NA,NA,NA,NA,NA,491.666666666667,126.741644475857,1284.33333333333,158.431197825569,172.310428393406,9.61116793549622,1.05088349986881,0.00987830678750446,3
"weak_signal",0.9,"Dilution-prior BMA","redundancy-aware prior","power=0.5 over visited supports","full",100,"mcmc_empirical_visited_supports",0.303167753494965,0.0346249074941263,0.986014862201978,0.210050782370632,0.340984342993614,0.0640195459362469,NA,NA,1155,73.0022830693214,NA,NA,NA,NA,NA,NA,1155,73.0022830693214,NA,NA,0.0113821884430676,0.00332075772474063,-0.00611435981952531,0.00192235225070367,NA,NA,28.3833333333332,2.64628250780432,NA,NA,NA,NA,NA,NA,NA,NA,NA,NA,4113.33333333333,425.967265304637,5013.33333333333,425.967265304637,180.036777979975,2.61447224398121,1.04990341219829,0.00400516098619526,3
"graph_community",0.7,"DPP-prior BMA","redundancy-aware prior","power=1 over visited supports","full",100,"mcmc_empirical_visited_supports",0.286429963937657,0.0266616365065677,0.602021531654904,0.0431647923544297,0.302943903277786,0.0422049349023247,NA,NA,267,63.9557138442949,NA,NA,NA,NA,NA,NA,267,63.9557138442949,NA,NA,0.00688808973294857,0.00545024489235112,0.000130317431252084,0.00794133001737417,NA,NA,24.9,2.55571907689404,NA,NA,NA,NA,NA,NA,NA,NA,NA,NA,826,207.588535328905,1566.33333333333,265.538655901128,197.176687569914,12.1930674443513,1.05439923462968,0.00731701808888028,3
"multi_representative",0.7,"DPP-prior BMA","redundancy-aware prior","power=1 over visited supports","full",100,"mcmc_empirical_visited_supports",0.280958891399336,0.00593015073996036,0.606738733673518,0.0541809136508482,0.261111849490871,0.00707430619268477,NA,NA,169,21.733231083604,NA,NA,NA,NA,NA,NA,169,21.733231083604,NA,NA,0.0208690313483728,0.00249592600615202,-0.0149571556811632,0.00258393239694876,NA,NA,19.7266666666668,3.01450567165581,NA,NA,NA,NA,NA,NA,NA,NA,NA,NA,743.666666666667,127.63271959459,1466,174.596678089819,167.362938128627,5.24002470015892,1.04318834753332,0.0133062875231701,3
"noisy_grouping",0.7,"DPP-prior BMA","redundancy-aware prior","power=1 over visited supports","full",100,"mcmc_empirical_visited_supports",0.11637667575343,0.00374696552230909,0.247456115273597,0.022503315524232,0.0829552737714762,0.00900424946685059,NA,NA,67.3333333333333,2.96273147243853,NA,NA,NA,NA,NA,NA,67.3333333333333,2.96273147243853,NA,NA,0.000211166786450612,8.56630418609609e-05,-0.000256801292049266,9.20803639724998e-05,NA,NA,17.3700000000001,2.95523828706483,NA,NA,NA,NA,NA,NA,NA,NA,NA,NA,208.666666666667,71.3496865990158,801,105.659831534978,144.055369809969,4.60702838515577,1.07714776273292,0.0205432858933001,3
"one_representative",0.7,"DPP-prior BMA","redundancy-aware prior","power=1 over visited supports","full",100,"mcmc_empirical_visited_supports",0.133873519115901,0.026019216586089,0.205830931723729,0.0489170322756515,0.103911445446163,0.0217840667119788,NA,NA,130.333333333333,32.11610879986,NA,NA,NA,NA,NA,NA,130.333333333333,32.11610879986,NA,NA,0.000681408575776845,0.00185873225228994,-0.000664125083899532,0.00132818413036018,NA,NA,16.4466666666666,2.25395454947768,NA,NA,NA,NA,NA,NA,NA,NA,NA,NA,241,57.8878225536252,713,98.1138794123101,179.502766932497,12.4652144575849,1.03786629487523,0.00939074249888425,3
"ordered_interval",0.7,"DPP-prior BMA","redundancy-aware prior","power=1 over visited supports","full",100,"mcmc_empirical_visited_supports",0.105060626769536,0.00960903039156467,0.166778233296327,0.0274819246934276,0.0782699521915806,0.00532645630995175,NA,NA,154.666666666667,4.17665469538056,NA,NA,NA,NA,NA,NA,154.666666666667,4.17665469538056,NA,NA,-0.000213749234731017,0.00176056477997917,0.00087136285434486,0.00187751661795598,NA,NA,17.6433333333332,1.73845077903026,NA,NA,NA,NA,NA,NA,NA,NA,NA,NA,303.333333333333,25.7509438877706,950.666666666667,40.3085323198176,153.554758377494,13.0201355010066,1.06729443616689,0.018634911986936,3
"weak_signal",0.7,"DPP-prior BMA","redundancy-aware prior","power=1 over visited supports","full",100,"mcmc_empirical_visited_supports",0.177004678538612,0.00274623954346154,0.364455549259633,0.0296151649438243,0.159166639800009,0.0140923171874097,NA,NA,364.666666666667,59.1617368838264,NA,NA,NA,NA,NA,NA,364.666666666667,59.1617368838264,NA,NA,0.00637571400240596,0.00415243733624683,-0.00346082423057033,0.00243610243321509,NA,NA,17.7233333333333,2.40933139642051,NA,NA,NA,NA,NA,NA,NA,NA,NA,NA,1095.66666666667,171.474325904622,1962,201.390996157557,175.128525540345,19.2315194837855,1.04238754138431,0.00772700706600646,3
"graph_community",0.9,"DPP-prior BMA","redundancy-aware prior","power=1 over visited supports","full",100,"mcmc_empirical_visited_supports",0.248207714196254,0.029240542760127,0.709347525201555,0.117948184081465,0.246952447324691,0.0292203269837284,NA,NA,291.666666666667,17.032648388055,NA,NA,NA,NA,NA,NA,291.666666666667,17.032648388055,NA,NA,0.0044139121906411,0.00215129589718591,-0.00323448837166625,0.00142790847977057,NA,NA,26.0766666666667,2.41925838039493,NA,NA,NA,NA,NA,NA,NA,NA,NA,NA,1228.33333333333,163.269034963087,2100.66666666667,189.320128647514,174.926332540067,7.44876871028743,1.03111151739593,0.00748628577765558,3
"multi_representative",0.9,"DPP-prior BMA","redundancy-aware prior","power=1 over visited supports","full",100,"mcmc_empirical_visited_supports",0.257461037984638,0.0498970082571904,0.749991788495479,0.34389121836082,0.255549784936995,0.0769217748768053,NA,NA,199.333333333333,110.070179633016,NA,NA,NA,NA,NA,NA,199.333333333333,110.070179633016,NA,NA,0.0064708715140007,0.00437950568959459,-0.00777506397875252,0.00539889739012609,NA,NA,24.1433333333332,4.8260416261961,NA,NA,NA,NA,NA,NA,NA,NA,NA,NA,930.666666666667,611.948890385827,1618.66666666667,728.526442744378,181.983261133479,21.3655131037402,1.06475403616032,0.0134285413473858,3
"noisy_grouping",0.9,"DPP-prior BMA","redundancy-aware prior","power=1 over visited supports","full",100,"mcmc_empirical_visited_supports",0.255217905525389,0.0610890550354031,0.586792406345904,0.0445958305189557,0.239543936536231,0.0567618883357748,NA,NA,128.333333333333,47.3474157455059,NA,NA,NA,NA,NA,NA,128.333333333333,47.3474157455059,NA,NA,-0.0012707231773903,0.00194569066010055,0.00207493078300717,0.00237839032763169,NA,NA,20.4099999999998,0.442417600614203,NA,NA,NA,NA,NA,NA,NA,NA,NA,NA,464,106.616133863501,1143.66666666667,153.836854419797,159.331219672953,11.3340580119535,1.05864819177561,0.016001014343833,3
"one_representative",0.9,"DPP-prior BMA","redundancy-aware prior","power=1 over visited supports","full",100,"mcmc_empirical_visited_supports",0.242757470534137,0.0554367856922647,0.733397456079949,0.18529154081609,0.248589261001519,0.0601476839667925,NA,NA,317.333333333333,67.9370623772065,NA,NA,NA,NA,NA,NA,317.333333333333,67.9370623772065,NA,NA,2.44892193435041e-05,0.00135031802154067,-0.00026803354497725,0.00174425831047949,NA,NA,23.1399999999999,2.40676130931168,NA,NA,NA,NA,NA,NA,NA,NA,NA,NA,1208.66666666667,335.311960882864,2049,391.415806187401,183.100358803901,5.85759750047794,1.04082959135079,0.0110439089053601,3
"ordered_interval",0.9,"DPP-prior BMA","redundancy-aware prior","power=1 over visited supports","full",100,"mcmc_empirical_visited_supports",0.158510421204588,0.0243907670984593,0.232002497278226,0.0233296246821362,0.116944497166652,0.015371112487236,NA,NA,180,39.0384425918863,NA,NA,NA,NA,NA,NA,180,39.0384425918863,NA,NA,0.0145090886093605,0.00666815005356828,-0.0106857040064504,0.00489023318194727,NA,NA,17.3033333333332,2.00449772040541,NA,NA,NA,NA,NA,NA,NA,NA,NA,NA,491.666666666667,126.741644475857,1284.33333333333,158.431197825569,172.310428393406,9.61116793549622,1.05088349986881,0.00987830678750446,3
"weak_signal",0.9,"DPP-prior BMA","redundancy-aware prior","power=1 over visited supports","full",100,"mcmc_empirical_visited_supports",0.307536639268036,0.0352181518177561,1.06545390059678,0.230974361967427,0.350350345163732,0.0654279421756766,NA,NA,1105.66666666667,68.1917231862571,NA,NA,NA,NA,NA,NA,1105.66666666667,68.1917231862571,NA,NA,0.012012560366707,0.00328147072068123,-0.00642870113055726,0.00189781557788244,NA,NA,28.3833333333332,2.64628250780432,NA,NA,NA,NA,NA,NA,NA,NA,NA,NA,4113.33333333333,425.967265304637,5013.33333333333,425.967265304637,180.036777979975,2.61447224398121,1.04990341219829,0.00400516098619526,3
"graph_community",0.7,"Dilution-prior BMA","redundancy-aware prior","power=1 over visited supports","full",100,"mcmc_empirical_visited_supports",0.286429963937657,0.0266616365065677,0.602021531654904,0.0431647923544297,0.302943903277786,0.0422049349023247,NA,NA,267,63.9557138442949,NA,NA,NA,NA,NA,NA,267,63.9557138442949,NA,NA,0.00688808973294857,0.00545024489235112,0.000130317431252084,0.00794133001737417,NA,NA,24.9,2.55571907689404,NA,NA,NA,NA,NA,NA,NA,NA,NA,NA,826,207.588535328905,1566.33333333333,265.538655901128,197.176687569914,12.1930674443513,1.05439923462968,0.00731701808888028,3
"multi_representative",0.7,"Dilution-prior BMA","redundancy-aware prior","power=1 over visited supports","full",100,"mcmc_empirical_visited_supports",0.280958891399336,0.00593015073996036,0.606738733673518,0.0541809136508482,0.261111849490871,0.00707430619268477,NA,NA,169,21.733231083604,NA,NA,NA,NA,NA,NA,169,21.733231083604,NA,NA,0.0208690313483728,0.00249592600615202,-0.0149571556811632,0.00258393239694876,NA,NA,19.7266666666668,3.01450567165581,NA,NA,NA,NA,NA,NA,NA,NA,NA,NA,743.666666666667,127.63271959459,1466,174.596678089819,167.362938128627,5.24002470015892,1.04318834753332,0.0133062875231701,3
"noisy_grouping",0.7,"Dilution-prior BMA","redundancy-aware prior","power=1 over visited supports","full",100,"mcmc_empirical_visited_supports",0.11637667575343,0.00374696552230909,0.247456115273597,0.022503315524232,0.0829552737714762,0.00900424946685059,NA,NA,67.3333333333333,2.96273147243853,NA,NA,NA,NA,NA,NA,67.3333333333333,2.96273147243853,NA,NA,0.000211166786450612,8.56630418609609e-05,-0.000256801292049266,9.20803639724998e-05,NA,NA,17.3700000000001,2.95523828706483,NA,NA,NA,NA,NA,NA,NA,NA,NA,NA,208.666666666667,71.3496865990158,801,105.659831534978,144.055369809969,4.60702838515577,1.07714776273292,0.0205432858933001,3
"one_representative",0.7,"Dilution-prior BMA","redundancy-aware prior","power=1 over visited supports","full",100,"mcmc_empirical_visited_supports",0.133873519115901,0.026019216586089,0.205830931723729,0.0489170322756515,0.103911445446163,0.0217840667119788,NA,NA,130.333333333333,32.11610879986,NA,NA,NA,NA,NA,NA,130.333333333333,32.11610879986,NA,NA,0.000681408575776845,0.00185873225228994,-0.000664125083899532,0.00132818413036018,NA,NA,16.4466666666666,2.25395454947768,NA,NA,NA,NA,NA,NA,NA,NA,NA,NA,241,57.8878225536252,713,98.1138794123101,179.502766932497,12.4652144575849,1.03786629487523,0.00939074249888425,3
"ordered_interval",0.7,"Dilution-prior BMA","redundancy-aware prior","power=1 over visited supports","full",100,"mcmc_empirical_visited_supports",0.105060626769536,0.00960903039156467,0.166778233296327,0.0274819246934276,0.0782699521915806,0.00532645630995175,NA,NA,154.666666666667,4.17665469538056,NA,NA,NA,NA,NA,NA,154.666666666667,4.17665469538056,NA,NA,-0.000213749234731017,0.00176056477997917,0.00087136285434486,0.00187751661795598,NA,NA,17.6433333333332,1.73845077903026,NA,NA,NA,NA,NA,NA,NA,NA,NA,NA,303.333333333333,25.7509438877706,950.666666666667,40.3085323198176,153.554758377494,13.0201355010066,1.06729443616689,0.018634911986936,3
"weak_signal",0.7,"Dilution-prior BMA","redundancy-aware prior","power=1 over visited supports","full",100,"mcmc_empirical_visited_supports",0.177004678538612,0.00274623954346154,0.364455549259633,0.0296151649438243,0.159166639800009,0.0140923171874097,NA,NA,364.666666666667,59.1617368838264,NA,NA,NA,NA,NA,NA,364.666666666667,59.1617368838264,NA,NA,0.00637571400240596,0.00415243733624683,-0.00346082423057033,0.00243610243321509,NA,NA,17.7233333333333,2.40933139642051,NA,NA,NA,NA,NA,NA,NA,NA,NA,NA,1095.66666666667,171.474325904622,1962,201.390996157557,175.128525540345,19.2315194837855,1.04238754138431,0.00772700706600646,3
"graph_community",0.9,"Dilution-prior BMA","redundancy-aware prior","power=1 over visited supports","full",100,"mcmc_empirical_visited_supports",0.248207714196254,0.029240542760127,0.709347525201555,0.117948184081465,0.246952447324691,0.0292203269837284,NA,NA,291.666666666667,17.032648388055,NA,NA,NA,NA,NA,NA,291.666666666667,17.032648388055,NA,NA,0.0044139121906411,0.00215129589718591,-0.00323448837166625,0.00142790847977057,NA,NA,26.0766666666667,2.41925838039493,NA,NA,NA,NA,NA,NA,NA,NA,NA,NA,1228.33333333333,163.269034963087,2100.66666666667,189.320128647514,174.926332540067,7.44876871028743,1.03111151739593,0.00748628577765558,3
"multi_representative",0.9,"Dilution-prior BMA","redundancy-aware prior","power=1 over visited supports","full",100,"mcmc_empirical_visited_supports",0.257461037984638,0.0498970082571904,0.749991788495479,0.34389121836082,0.255549784936995,0.0769217748768053,NA,NA,199.333333333333,110.070179633016,NA,NA,NA,NA,NA,NA,199.333333333333,110.070179633016,NA,NA,0.0064708715140007,0.00437950568959459,-0.00777506397875252,0.00539889739012609,NA,NA,24.1433333333332,4.8260416261961,NA,NA,NA,NA,NA,NA,NA,NA,NA,NA,930.666666666667,611.948890385827,1618.66666666667,728.526442744378,181.983261133479,21.3655131037402,1.06475403616032,0.0134285413473858,3
"noisy_grouping",0.9,"Dilution-prior BMA","redundancy-aware prior","power=1 over visited supports","full",100,"mcmc_empirical_visited_supports",0.255217905525389,0.0610890550354031,0.586792406345904,0.0445958305189557,0.239543936536231,0.0567618883357748,NA,NA,128.333333333333,47.3474157455059,NA,NA,NA,NA,NA,NA,128.333333333333,47.3474157455059,NA,NA,-0.0012707231773903,0.00194569066010055,0.00207493078300717,0.00237839032763169,NA,NA,20.4099999999998,0.442417600614203,NA,NA,NA,NA,NA,NA,NA,NA,NA,NA,464,106.616133863501,1143.66666666667,153.836854419797,159.331219672953,11.3340580119535,1.05864819177561,0.016001014343833,3
"one_representative",0.9,"Dilution-prior BMA","redundancy-aware prior","power=1 over visited supports","full",100,"mcmc_empirical_visited_supports",0.242757470534137,0.0554367856922647,0.733397456079949,0.18529154081609,0.248589261001519,0.0601476839667925,NA,NA,317.333333333333,67.9370623772065,NA,NA,NA,NA,NA,NA,317.333333333333,67.9370623772065,NA,NA,2.44892193435041e-05,0.00135031802154067,-0.00026803354497725,0.00174425831047949,NA,NA,23.1399999999999,2.40676130931168,NA,NA,NA,NA,NA,NA,NA,NA,NA,NA,1208.66666666667,335.311960882864,2049,391.415806187401,183.100358803901,5.85759750047794,1.04082959135079,0.0110439089053601,3
"ordered_interval",0.9,"Dilution-prior BMA","redundancy-aware prior","power=1 over visited supports","full",100,"mcmc_empirical_visited_supports",0.158510421204588,0.0243907670984593,0.232002497278226,0.0233296246821362,0.116944497166652,0.015371112487236,NA,NA,180,39.0384425918863,NA,NA,NA,NA,NA,NA,180,39.0384425918863,NA,NA,0.0145090886093605,0.00666815005356828,-0.0106857040064504,0.00489023318194727,NA,NA,17.3033333333332,2.00449772040541,NA,NA,NA,NA,NA,NA,NA,NA,NA,NA,491.666666666667,126.741644475857,1284.33333333333,158.431197825569,172.310428393406,9.61116793549622,1.05088349986881,0.00987830678750446,3
"weak_signal",0.9,"Dilution-prior BMA","redundancy-aware prior","power=1 over visited supports","full",100,"mcmc_empirical_visited_supports",0.307536639268036,0.0352181518177561,1.06545390059678,0.230974361967427,0.350350345163732,0.0654279421756766,NA,NA,1105.66666666667,68.1917231862571,NA,NA,NA,NA,NA,NA,1105.66666666667,68.1917231862571,NA,NA,0.012012560366707,0.00328147072068123,-0.00642870113055726,0.00189781557788244,NA,NA,28.3833333333332,2.64628250780432,NA,NA,NA,NA,NA,NA,NA,NA,NA,NA,4113.33333333333,425.967265304637,5013.33333333333,425.967265304637,180.036777979975,2.61447224398121,1.04990341219829,0.00400516098619526,3
